{"type":"FeatureCollection","attribution":"District boundaries: DataMeet India maps (Census 2011), CC BY 2.5 India. https://github.com/datameet/maps","features":[{"type":"Feature","properties":{"district_id":"KL_WAY","district_name":"Wayanad","state_name":"Kerala","zone":"West Coast","centroid_lat":11.6854,"centroid_lon":76.132,"elevation_m":750,"census2011_name":"Wayanad","census2011_state":"Kerala","census2011_code":"590"},"geometry":{"type":"MultiPolygon","coordinates":[[[[76.415,11.76],[76.427,11.724],[76.404,11.708],[76.442,11.641],[76.388,11.629],[76.379,11.6],[76.306,11.571],[76.267,11.594],[76.233,11.571],[76.25,11.531],[76.143,11.449],[76.095,11.482],[76.078,11.52],[76.042,11.501],[75.908,11.603],[75.902,11.677],[75.916,11.688],[75.851,11.699],[75.796,11.742],[75.777,11.798],[75.808,11.855],[75.927,11.84],[75.913,11.873],[75.936,11.888],[75.931,11.939],[76.004,11.93],[76.114,11.977],[76.123,11.849],[76.191,11.87],[76.225,11.807],[76.279,11.81],[76.342,11.737],[76.415,11.76]]]]}},{"type":"Feature","properties":{"district_id":"KL_IDK","district_name":"Idukki","state_name":"Kerala","zone":"West Coast","centroid_lat":9.8494,"centroid_lon":76.971,"elevation_m":1200,"census2011_name":"Idukki","census2011_state":"Kerala","census2011_code":"596"},"geometry":{"type":"MultiPolygon","coordinates":[[[[77.289,10.23],[77.274,10.128],[77.202,10.105],[77.263,10.029],[77.276,9.973],[77.219,9.903],[77.214,9.875],[77.239,9.858],[77.224,9.823],[77.249,9.798],[77.225,9.789],[77.223,9.731],[77.205,9.724],[77.167,9.615],[77.211,9.613],[77.271,9.574],[77.32,9.602],[77.341,9.572],[77.357,9.604],[77.367,9.536],[77.413,9.506],[77.395,9.46],[77.351,9.44],[77.337,9.36],[77.328,9.337],[77.301,9.336],[77.284,9.271],[77.227,9.296],[77.25,9.381],[77.225,9.433],[77.182,9.47],[77.144,9.461],[77.142,9.489],[77.051,9.456],[77.068,9.416],[77.022,9.407],[76.941,9.43],[76.986,9.485],[76.967,9.506],[76.949,9.491],[76.89,9.537],[76.895,9.626],[76.937,9.62],[76.888,9.717],[76.784,9.805],[76.631,9.849],[76.633,9.913],[76.699,9.91],[76.691,9.925],[76.719,9.958],[76.711,9.987],[76.766,9.982],[76.784,10.035],[76.84,10.024],[76.643,10.161],[76.689,10.267],[76.841,10.284],[76.918,10.233],[76.984,10.217],[77.052,10.257],[77.047,10.281],[77.065,10.294],[77.203,10.355],[77.236,10.349],[77.228,10.315],[77.265,10.263],[77.261,10.23],[77.289,10.23]]]]}},{"type":"Feature","properties":{"district_id":"KL_EKM","district_name":"Ernakulam (Kochi)","state_name":"Kerala","zone":"West Coast","centroid_lat":9.9816,"centroid_lon":76.2999,"elevation_m":10,"census2011_name":"Ernakulam","census2011_state":"Kerala","census2011_code":"595"},"geometry":{"type":"MultiPolygon","coordinates":[[[[76.689,10.267],[76.643,10.161],[76.833,10.015],[76.784,10.035],[76.766,9.982],[76.711,9.987],[76.719,9.958],[76.691,9.925],[76.699,9.91],[76.635,9.916],[76.633,9.856],[76.583,9.842],[76.559,9.803],[76.515,9.85],[76.462,9.848],[76.418,9.822],[76.373,9.836],[76.355,9.882],[76.297,9.89],[76.28,9.789],[76.243,9.969],[76.202,10.049],[76.169,10.184],[76.222,10.207],[76.265,10.198],[76.276,10.174],[76.315,10.18],[76.313,10.205],[76.376,10.242],[76.418,10.296],[76.557,10.282],[76.579,10.302],[76.623,10.275],[76.689,10.267]]]]}},{"type":"Feature","properties":{"district_id":"KL_TVM","district_name":"Thiruvananthapuram","state_name":"Kerala","zone":"West Coast","centroid_lat":8.5241,"centroid_lon":76.9366,"elevation_m":20,"census2011_name":"Thiruvananthapuram","census2011_state":"Kerala","census2011_code":"601"},"geometry":{"type":"MultiPolygon","coordinates":[[[[77.201,8.769],[77.195,8.743],[77.173,8.746],[77.18,8.723],[77.284,8.546],[77.267,8.51],[77.205,8.501],[77.229,8.446],[77.208,8.443],[77.173,8.385],[77.154,8.386],[77.179,8.32],[77.141,8.331],[77.1,8.291],[76.983,8.38],[76.672,8.781],[76.793,8.808],[76.785,8.86],[76.902,8.81],[76.935,8.761],[76.981,8.785],[77.03,8.774],[77.013,8.808],[77.045,8.844],[77.108,8.829],[77.201,8.769]]]]}},{"type":"Feature","properties":{"district_id":"MH_MUM","district_name":"Mumbai City","state_name":"Maharashtra","zone":"West Coast","centroid_lat":18.9388,"centroid_lon":72.8354,"elevation_m":14,"census2011_name":"Mumbai","census2011_state":"Maharashtra","census2011_code":"519"},"geometry":{"type":"MultiPolygon","coordinates":[[[[72.897,18.979],[72.91,18.939],[72.87,18.911],[72.84,18.845],[72.806,18.905],[72.822,18.943],[72.788,18.939],[72.818,19.033],[72.868,19.052],[72.88,18.984],[72.897,18.979]]]]}},{"type":"Feature","properties":{"district_id":"MH_SUB","district_name":"Mumbai Suburban","state_name":"Maharashtra","zone":"West Coast","centroid_lat":19.1136,"centroid_lon":72.8697,"elevation_m":18,"census2011_name":"Mumbai Suburban","census2011_state":"Maharashtra","census2011_code":"518"},"geometry":{"type":"MultiPolygon","coordinates":[[[[72.959,18.987],[72.882,18.981],[72.877,19.046],[72.859,19.055],[72.818,19.033],[72.826,19.124],[72.807,19.137],[72.784,19.125],[72.782,19.263],[72.825,19.245],[72.856,19.269],[72.908,19.247],[72.937,19.19],[72.971,19.177],[72.979,19.041],[72.959,18.987]]]]}},{"type":"Feature","properties":{"district_id":"MH_THN","district_name":"Thane","state_name":"Maharashtra","zone":"West Coast","centroid_lat":19.2183,"centroid_lon":72.9781,"elevation_m":25,"census2011_name":"Thane","census2011_state":"Maharashtra","census2011_code":"517"},"geometry":{"type":"MultiPolygon","coordinates":[[[[72.878,20.226],[72.96,20.213],[72.976,20.172],[72.962,20.131],[72.979,20.114],[73.007,20.135],[73.0,20.111],[73.042,20.068],[73.05,20.099],[73.129,20.085],[73.176,20.053],[73.226,20.141],[73.272,20.105],[73.263,20.074],[73.279,20.047],[73.311,20.057],[73.453,19.982],[73.424,19.916],[73.435,19.873],[73.417,19.86],[73.443,19.825],[73.447,19.773],[73.501,19.759],[73.507,19.73],[73.491,19.715],[73.52,19.702],[73.578,19.601],[73.62,19.587],[73.637,19.531],[73.709,19.496],[73.676,19.463],[73.782,19.386],[73.798,19.336],[73.716,19.327],[73.674,19.303],[73.69,19.244],[73.609,19.189],[73.544,19.183],[73.54,19.122],[73.35,19.129],[73.311,19.107],[73.317,19.082],[73.247,19.064],[73.198,19.125],[73.177,19.109],[73.144,19.126],[73.13,19.11],[73.064,19.111],[73.047,19.098],[73.043,19.013],[73.009,18.987],[72.959,18.987],[72.979,19.041],[72.971,19.177],[72.937,19.19],[72.908,19.247],[72.856,19.269],[72.825,19.245],[72.782,19.263],[72.8,19.33],[72.755,19.378],[72.749,19.486],[72.71,19.553],[72.721,19.617],[72.695,19.657],[72.714,19.693],[72.676,19.714],[72.67,19.759],[72.723,19.819],[72.655,19.812],[72.644,19.869],[72.673,19.873],[72.65,19.942],[72.708,19.968],[72.754,19.882],[72.773,19.897],[72.762,19.979],[72.72,19.979],[72.725,20.036],[72.704,20.081],[72.729,20.137],[72.79,20.126],[72.791,20.149],[72.824,20.145],[72.824,20.188],[72.878,20.226]]],[[[72.73,19.464],[72.734,19.462],[72.736,19.459],[72.736,19.458],[72.736,19.453],[72.735,19.453],[72.735,19.453],[72.735,19.453],[72.734,19.452],[72.731,19.455],[72.729,19.458],[72.729,19.459],[72.728,19.461],[72.728,19.463],[72.73,19.464],[72.73,19.464],[72.73,19.464]]]]}},{"type":"Feature","properties":{"district_id":"MH_RTG","district_name":"Ratnagiri","state_name":"Maharashtra","zone":"West Coast","centroid_lat":16.9902,"centroid_lon":73.312,"elevation_m":30,"census2011_name":"Ratnagiri","census2011_state":"Maharashtra","census2011_code":"528"},"geometry":{"type":"MultiPolygon","coordinates":[[[[73.212,18.06],[73.288,18.07],[73.291,18.034],[73.335,18.012],[73.347,18.025],[73.362,18.005],[73.344,17.972],[73.377,17.917],[73.374,17.888],[73.436,17.904],[73.449,17.85],[73.463,17.865],[73.506,17.851],[73.535,17.883],[73.551,17.865],[73.576,17.877],[73.596,17.848],[73.583,17.829],[73.603,17.795],[73.583,17.787],[73.566,17.722],[73.594,17.699],[73.615,17.713],[73.689,17.687],[73.703,17.658],[73.692,17.627],[73.725,17.62],[73.717,17.574],[73.747,17.556],[73.695,17.486],[73.705,17.423],[73.644,17.391],[73.682,17.363],[73.677,17.295],[73.719,17.202],[73.694,17.179],[73.709,17.167],[73.692,17.143],[73.747,17.131],[73.808,17.086],[73.804,17.062],[73.835,17.054],[73.834,16.991],[73.788,16.993],[73.766,16.963],[73.796,16.93],[73.79,16.908],[73.74,16.913],[73.769,16.854],[73.712,16.83],[73.753,16.813],[73.762,16.77],[73.781,16.782],[73.835,16.747],[73.813,16.707],[73.861,16.681],[73.857,16.652],[73.773,16.663],[73.766,16.602],[73.69,16.624],[73.649,16.565],[73.624,16.583],[73.596,16.542],[73.543,16.515],[73.495,16.518],[73.465,16.493],[73.366,16.516],[73.322,16.589],[73.324,16.603],[73.356,16.592],[73.343,16.61],[73.368,16.625],[73.379,16.594],[73.403,16.588],[73.385,16.599],[73.392,16.627],[73.37,16.636],[73.344,16.616],[73.324,16.636],[73.345,16.691],[73.323,16.691],[73.312,16.716],[73.318,16.797],[73.293,16.834],[73.293,16.883],[73.315,16.888],[73.282,16.893],[73.295,16.975],[73.329,16.95],[73.334,16.968],[73.273,16.985],[73.282,17.014],[73.261,17.018],[73.258,17.046],[73.28,17.04],[73.312,17.077],[73.271,17.114],[73.277,17.155],[73.239,17.194],[73.249,17.22],[73.22,17.275],[73.19,17.299],[73.232,17.298],[73.246,17.317],[73.224,17.327],[73.206,17.387],[73.169,17.404],[73.204,17.439],[73.189,17.446],[73.183,17.51],[73.141,17.557],[73.16,17.591],[73.117,17.69],[73.138,17.719],[73.093,17.833],[73.13,17.831],[73.092,17.839],[73.08,17.894],[73.056,17.893],[73.028,17.964],[73.069,17.987],[73.116,17.978],[73.174,18.059],[73.212,18.06]]],[[[73.387,16.616],[73.385,16.616],[73.384,16.616],[73.383,16.616],[73.382,16.617],[73.382,16.619],[73.384,16.621],[73.385,16.622],[73.386,16.622],[73.388,16.62],[73.388,16.618],[73.387,16.616]]]]}},{"type":"Feature","properties":{"district_id":"MH_PUN","district_name":"Pune","state_name":"Maharashtra","zone":"Central India","centroid_lat":18.5204,"centroid_lon":73.8567,"elevation_m":560,"census2011_name":"Pune","census2011_state":"Maharashtra","census2011_code":"521"},"geometry":{"type":"MultiPolygon","coordinates":[[[[74.834,18.339],[74.846,18.3],[74.804,18.301],[74.795,18.284],[74.833,18.246],[74.951,18.263],[74.993,18.241],[75.045,18.262],[75.009,18.212],[75.022,18.187],[75.102,18.221],[75.114,18.2],[75.094,18.122],[75.163,18.119],[75.13,18.075],[75.092,18.066],[75.022,17.967],[75.051,17.947],[75.12,17.998],[75.131,17.954],[75.111,17.935],[75.085,17.939],[75.072,17.914],[75.053,17.924],[75.054,17.902],[75.024,17.892],[74.939,17.94],[74.847,17.948],[74.864,17.991],[74.833,17.993],[74.813,18.017],[74.807,17.997],[74.763,18.024],[74.712,18.028],[74.665,18.069],[74.641,18.045],[74.583,18.047],[74.551,18.07],[74.464,18.047],[74.38,18.071],[74.358,18.096],[74.303,18.069],[74.123,18.129],[74.032,18.132],[73.946,18.181],[73.905,18.16],[73.897,18.182],[73.874,18.173],[73.904,18.136],[73.891,18.116],[73.862,18.12],[73.88,18.085],[73.858,18.032],[73.792,18.022],[73.706,18.048],[73.665,18.027],[73.613,18.058],[73.62,18.078],[73.597,18.106],[73.606,18.138],[73.605,18.118],[73.624,18.121],[73.662,18.166],[73.599,18.189],[73.582,18.179],[73.561,18.211],[73.523,18.186],[73.537,18.245],[73.505,18.258],[73.509,18.286],[73.48,18.271],[73.476,18.3],[73.422,18.307],[73.444,18.36],[73.42,18.404],[73.402,18.4],[73.41,18.498],[73.364,18.469],[73.394,18.503],[73.344,18.533],[73.357,18.557],[73.333,18.548],[73.323,18.563],[73.334,18.607],[73.389,18.654],[73.385,18.693],[73.375,18.708],[73.332,18.702],[73.389,18.852],[73.403,18.842],[73.434,18.873],[73.431,18.914],[73.458,18.929],[73.462,18.966],[73.479,18.979],[73.512,18.968],[73.557,19.016],[73.536,19.032],[73.542,19.051],[73.518,19.049],[73.529,19.086],[73.512,19.094],[73.527,19.129],[73.541,19.123],[73.544,19.183],[73.609,19.189],[73.69,19.244],[73.67,19.296],[73.708,19.323],[73.797,19.331],[73.784,19.391],[73.814,19.393],[73.863,19.358],[73.896,19.374],[73.931,19.341],[74.0,19.358],[74.028,19.31],[74.014,19.296],[74.035,19.25],[74.153,19.222],[74.159,19.203],[74.169,19.22],[74.222,19.202],[74.265,19.224],[74.316,19.208],[74.304,19.189],[74.268,19.185],[74.236,19.123],[74.211,19.125],[74.175,19.036],[74.294,18.903],[74.322,18.843],[74.397,18.83],[74.386,18.803],[74.4,18.741],[74.425,18.749],[74.451,18.719],[74.477,18.722],[74.479,18.682],[74.512,18.667],[74.475,18.641],[74.551,18.614],[74.544,18.583],[74.582,18.548],[74.554,18.499],[74.644,18.45],[74.675,18.461],[74.659,18.485],[74.705,18.504],[74.727,18.48],[74.715,18.43],[74.735,18.398],[74.78,18.408],[74.808,18.386],[74.796,18.351],[74.834,18.339]]]]}},{"type":"Feature","properties":{"district_id":"MH_SAT","district_name":"Satara (Mahabaleshwar)","state_name":"Maharashtra","zone":"West Coast","centroid_lat":17.6805,"centroid_lon":73.9803,"elevation_m":1350,"census2011_name":"Satara","census2011_state":"Maharashtra","census2011_code":"527"},"geometry":{"type":"MultiPolygon","coordinates":[[[[74.71,18.029],[74.665,18.001],[74.658,17.93],[74.609,17.846],[74.642,17.829],[74.661,17.861],[74.702,17.786],[74.748,17.798],[74.747,17.763],[74.78,17.771],[74.84,17.725],[74.875,17.723],[74.867,17.696],[74.906,17.627],[74.859,17.556],[74.861,17.506],[74.81,17.452],[74.69,17.485],[74.69,17.387],[74.635,17.399],[74.611,17.442],[74.59,17.414],[74.535,17.416],[74.495,17.383],[74.286,17.417],[74.255,17.358],[74.287,17.357],[74.294,17.315],[74.257,17.293],[74.265,17.256],[74.29,17.242],[74.272,17.22],[74.279,17.172],[74.236,17.157],[74.248,17.14],[74.186,17.149],[74.083,17.099],[74.032,17.091],[73.982,17.129],[73.887,17.154],[73.833,17.227],[73.743,17.275],[73.692,17.266],[73.682,17.363],[73.644,17.391],[73.705,17.423],[73.695,17.486],[73.747,17.556],[73.717,17.574],[73.725,17.62],[73.692,17.627],[73.703,17.658],[73.689,17.687],[73.615,17.713],[73.594,17.699],[73.566,17.722],[73.583,17.787],[73.603,17.795],[73.583,17.829],[73.596,17.848],[73.561,17.891],[73.535,17.894],[73.576,17.943],[73.595,17.936],[73.636,17.968],[73.626,17.985],[73.65,18.022],[73.706,18.048],[73.792,18.022],[73.858,18.032],[73.88,18.085],[73.862,18.12],[73.891,18.116],[73.904,18.136],[73.874,18.169],[73.894,18.183],[73.905,18.16],[73.946,18.181],[74.032,18.132],[74.123,18.129],[74.298,18.069],[74.358,18.096],[74.38,18.071],[74.464,18.047],[74.551,18.07],[74.583,18.047],[74.641,18.045],[74.665,18.069],[74.71,18.029]]]]}},{"type":"Feature","properties":{"district_id":"MH_NGP","district_name":"Nagpur","state_name":"Maharashtra","zone":"Central India","centroid_lat":21.1458,"centroid_lon":79.0882,"elevation_m":310,"census2011_name":"Nagpur","census2011_state":"Maharashtra","census2011_code":"505"},"geometry":{"type":"MultiPolygon","coordinates":[[[[79.512,21.589],[79.544,21.568],[79.543,21.543],[79.486,21.502],[79.45,21.435],[79.483,21.427],[79.577,21.277],[79.553,21.206],[79.562,21.155],[79.502,21.183],[79.51,21.163],[79.493,21.139],[79.528,21.117],[79.529,21.075],[79.6,21.072],[79.661,20.953],[79.617,20.903],[79.619,20.865],[79.583,20.842],[79.542,20.848],[79.56,20.803],[79.506,20.7],[79.435,20.659],[79.353,20.671],[79.313,20.581],[79.193,20.596],[79.143,20.676],[79.107,20.686],[79.104,20.712],[78.945,20.767],[78.947,20.794],[78.916,20.806],[78.916,20.835],[78.888,20.842],[78.875,20.827],[78.865,20.871],[78.836,20.894],[78.81,20.876],[78.778,20.891],[78.735,20.947],[78.731,21.005],[78.607,21.069],[78.596,21.109],[78.555,21.118],[78.478,21.22],[78.333,21.251],[78.307,21.274],[78.311,21.294],[78.251,21.329],[78.348,21.385],[78.409,21.384],[78.449,21.405],[78.432,21.498],[78.514,21.527],[78.572,21.514],[78.59,21.485],[78.725,21.463],[78.752,21.493],[78.777,21.466],[78.79,21.488],[78.885,21.484],[78.901,21.499],[78.937,21.486],[78.946,21.512],[78.91,21.554],[78.933,21.559],[78.919,21.591],[79.0,21.617],[79.015,21.6],[79.094,21.598],[79.154,21.659],[79.226,21.65],[79.234,21.723],[79.355,21.678],[79.401,21.674],[79.422,21.69],[79.495,21.673],[79.518,21.63],[79.512,21.589]]]]}},{"type":"Feature","properties":{"district_id":"GA_NGA","district_name":"North Goa","state_name":"Goa","zone":"West Coast","centroid_lat":15.4989,"centroid_lon":73.8278,"elevation_m":15,"census2011_name":"North Goa","census2011_state":"Goa","census2011_code":"585"},"geometry":{"type":"MultiPolygon","coordinates":[[[[74.119,15.652],[74.166,15.654],[74.183,15.683],[74.206,15.651],[74.238,15.668],[74.262,15.612],[74.248,15.568],[74.281,15.528],[74.177,15.439],[74.073,15.411],[74.104,15.368],[74.085,15.326],[74.107,15.286],[74.096,15.27],[74.014,15.304],[74.005,15.347],[73.923,15.404],[73.941,15.408],[73.926,15.416],[73.936,15.436],[73.898,15.418],[73.848,15.452],[73.786,15.462],[73.807,15.463],[73.834,15.505],[73.767,15.495],[73.73,15.598],[73.767,15.633],[73.732,15.615],[73.691,15.706],[73.7,15.721],[73.676,15.728],[73.728,15.719],[73.824,15.74],[73.857,15.8],[73.874,15.751],[73.937,15.744],[73.963,15.689],[73.961,15.646],[73.991,15.613],[74.02,15.607],[74.119,15.652]]]]}},{"type":"Feature","properties":{"district_id":"KA_UDU","district_name":"Udupi","state_name":"Karnataka","zone":"West Coast","centroid_lat":13.3409,"centroid_lon":74.7421,"elevation_m":25,"census2011_name":"Udupi","census2011_state":"Karnataka","census2011_code":"569"},"geometry":{"type":"MultiPolygon","coordinates":[[[[75.14,13.463],[75.155,13.449],[75.147,13.398],[75.08,13.345],[75.115,13.285],[75.138,13.29],[75.169,13.2],[75.199,13.173],[75.162,13.133],[75.127,13.132],[75.077,13.045],[75.003,12.985],[74.986,13.0],[74.999,13.015],[74.978,13.027],[74.941,13.005],[74.932,13.034],[74.896,13.03],[74.89,13.096],[74.863,13.126],[74.795,13.116],[74.77,13.086],[74.686,13.442],[74.743,13.387],[74.739,13.413],[74.705,13.433],[74.722,13.459],[74.751,13.459],[74.732,13.475],[74.705,13.442],[74.695,13.481],[74.689,13.463],[74.664,13.631],[74.681,13.607],[74.686,13.638],[74.709,13.615],[74.724,13.621],[74.704,13.638],[74.76,13.639],[74.702,13.654],[74.707,13.672],[74.68,13.678],[74.713,13.697],[74.668,13.714],[74.667,13.642],[74.65,13.663],[74.607,13.859],[74.627,13.858],[74.598,13.878],[74.582,13.926],[74.598,13.944],[74.65,13.943],[74.668,13.984],[74.717,13.907],[74.822,13.909],[74.868,13.86],[74.914,13.857],[74.933,13.772],[74.997,13.741],[74.992,13.713],[75.019,13.699],[75.027,13.671],[75.017,13.637],[75.059,13.608],[75.035,13.573],[75.059,13.523],[75.112,13.462],[75.14,13.463]]]]}},{"type":"Feature","properties":{"district_id":"KA_DKA","district_name":"Dakshina Kannada","state_name":"Karnataka","zone":"West Coast","centroid_lat":12.87,"centroid_lon":74.88,"elevation_m":22,"census2011_name":"Dakshina Kannada","census2011_state":"Karnataka","census2011_code":"575"},"geometry":{"type":"MultiPolygon","coordinates":[[[[75.202,13.181],[75.236,13.139],[75.295,13.126],[75.344,13.181],[75.377,13.181],[75.406,13.157],[75.409,13.11],[75.434,13.12],[75.523,13.053],[75.532,13.006],[75.516,12.979],[75.555,12.945],[75.563,12.868],[75.603,12.876],[75.623,12.857],[75.614,12.798],[75.66,12.75],[75.634,12.692],[75.673,12.7],[75.643,12.63],[75.673,12.555],[75.618,12.51],[75.593,12.537],[75.559,12.504],[75.566,12.487],[75.529,12.498],[75.496,12.482],[75.492,12.46],[75.465,12.472],[75.472,12.498],[75.436,12.528],[75.343,12.461],[75.337,12.495],[75.283,12.523],[75.272,12.558],[75.329,12.59],[75.278,12.616],[75.224,12.567],[75.204,12.585],[75.202,12.63],[75.16,12.622],[75.144,12.638],[75.162,12.669],[75.151,12.681],[75.113,12.68],[75.086,12.702],[75.083,12.671],[75.048,12.664],[75.05,12.719],[75.007,12.714],[75.012,12.727],[74.985,12.734],[75.008,12.765],[74.992,12.795],[74.863,12.758],[74.807,12.895],[74.771,13.078],[74.782,13.058],[74.795,13.116],[74.863,13.126],[74.89,13.096],[74.896,13.03],[74.932,13.034],[74.941,13.005],[74.978,13.027],[74.999,13.015],[74.99,12.989],[75.014,12.984],[75.077,13.045],[75.127,13.132],[75.162,13.133],[75.202,13.181]]],[[[74.688,13.653],[74.684,13.652],[74.68,13.653],[74.679,13.654],[74.679,13.659],[74.678,13.659],[74.678,13.66],[74.678,13.667],[74.68,13.667],[74.68,13.668],[74.687,13.664],[74.69,13.661],[74.691,13.66],[74.691,13.657],[74.688,13.653]]],[[[74.743,13.64],[74.739,13.639],[74.735,13.64],[74.731,13.64],[74.729,13.641],[74.729,13.643],[74.732,13.644],[74.737,13.644],[74.742,13.643],[74.745,13.642],[74.745,13.641],[74.743,13.64]]],[[[74.675,13.376],[74.674,13.376],[74.672,13.376],[74.668,13.378],[74.668,13.379],[74.668,13.381],[74.667,13.385],[74.668,13.386],[74.67,13.386],[74.671,13.385],[74.672,13.383],[74.674,13.382],[74.674,13.382],[74.675,13.381],[74.675,13.38],[74.675,13.378],[74.675,13.376]]],[[[74.685,13.345],[74.684,13.344],[74.682,13.344],[74.68,13.346],[74.68,13.347],[74.681,13.349],[74.681,13.35],[74.683,13.35],[74.685,13.349],[74.686,13.347],[74.686,13.346],[74.685,13.345]]],[[[74.697,13.328],[74.696,13.327],[74.694,13.327],[74.692,13.328],[74.692,13.33],[74.692,13.332],[74.693,13.332],[74.694,13.332],[74.697,13.331],[74.697,13.33],[74.697,13.329],[74.697,13.328]]],[[[74.691,13.337],[74.69,13.335],[74.688,13.336],[74.687,13.337],[74.686,13.339],[74.687,13.34],[74.687,13.341],[74.689,13.341],[74.691,13.34],[74.692,13.339],[74.692,13.338],[74.691,13.337]]]]}},{"type":"Feature","properties":{"district_id":"KA_BLR","district_name":"Bengaluru Urban","state_name":"Karnataka","zone":"South Peninsula","centroid_lat":12.9716,"centroid_lon":77.5946,"elevation_m":920,"census2011_name":"Bangalore","census2011_state":"Karnataka","census2011_code":"572"},"geometry":{"type":"MultiPolygon","coordinates":[[[[77.835,12.868],[77.795,12.843],[77.809,12.796],[77.782,12.769],[77.793,12.748],[77.763,12.734],[77.76,12.696],[77.737,12.692],[77.741,12.673],[77.714,12.683],[77.688,12.658],[77.664,12.683],[77.599,12.657],[77.618,12.706],[77.597,12.719],[77.571,12.699],[77.559,12.722],[77.598,12.756],[77.595,12.782],[77.574,12.779],[77.569,12.759],[77.559,12.8],[77.542,12.798],[77.545,12.753],[77.522,12.732],[77.49,12.743],[77.475,12.766],[77.482,12.808],[77.424,12.826],[77.439,12.839],[77.431,12.877],[77.378,12.853],[77.349,12.867],[77.331,12.974],[77.38,12.994],[77.373,13.016],[77.399,13.054],[77.385,13.065],[77.43,13.068],[77.406,13.124],[77.43,13.163],[77.468,13.162],[77.48,13.221],[77.522,13.209],[77.559,13.231],[77.557,13.214],[77.599,13.189],[77.62,13.205],[77.659,13.186],[77.729,13.188],[77.735,13.114],[77.762,13.112],[77.785,13.036],[77.786,12.965],[77.768,12.96],[77.767,12.938],[77.816,12.928],[77.835,12.868]]]]}},{"type":"Feature","properties":{"district_id":"UK_DRN","district_name":"Dehradun","state_name":"Uttarakhand","zone":"Northwest","centroid_lat":30.3165,"centroid_lon":78.0322,"elevation_m":640,"census2011_name":"Dehradun","census2011_state":"Uttarakhand","census2011_code":"60"},"geometry":{"type":"MultiPolygon","coordinates":[[[[78.016,30.613],[78.013,30.579],[77.983,30.55],[77.988,30.512],[77.941,30.506],[77.987,30.466],[78.102,30.48],[78.229,30.437],[78.241,30.418],[78.15,30.376],[78.143,30.336],[78.177,30.306],[78.277,30.3],[78.299,30.244],[78.238,30.18],[78.26,30.165],[78.256,30.142],[78.311,30.11],[78.229,30.017],[78.232,29.987],[78.194,29.945],[78.18,29.943],[78.188,29.982],[78.169,29.949],[78.134,30.0],[78.074,30.043],[78.072,30.075],[77.96,30.242],[77.724,30.334],[77.647,30.406],[77.576,30.4],[77.594,30.425],[77.692,30.447],[77.813,30.506],[77.824,30.528],[77.817,30.559],[77.775,30.558],[77.743,30.593],[77.796,30.614],[77.793,30.659],[77.747,30.681],[77.755,30.706],[77.702,30.764],[77.758,30.825],[77.746,30.846],[77.759,30.876],[77.803,30.854],[77.817,30.935],[77.971,30.975],[78.019,30.926],[78.022,30.912],[77.98,30.895],[77.989,30.849],[78.089,30.719],[78.068,30.667],[78.039,30.643],[78.014,30.647],[78.016,30.613]]]]}},{"type":"Feature","properties":{"district_id":"UK_RUD","district_name":"Rudraprayag (Kedarnath)","state_name":"Uttarakhand","zone":"Northwest","centroid_lat":30.2844,"centroid_lon":78.9811,"elevation_m":2100,"census2011_name":"Rudraprayag","census2011_state":"Uttarakhand","census2011_code":"58"},"geometry":{"type":"MultiPolygon","coordinates":[[[[79.279,30.726],[79.357,30.628],[79.34,30.598],[79.308,30.593],[79.297,30.562],[79.25,30.558],[79.224,30.491],[79.168,30.446],[79.163,30.384],[79.107,30.379],[79.159,30.332],[79.147,30.302],[79.169,30.295],[79.115,30.29],[79.08,30.22],[79.047,30.217],[79.036,30.233],[79.092,30.299],[79.044,30.311],[78.904,30.248],[78.861,30.299],[78.868,30.324],[78.84,30.357],[78.837,30.393],[78.816,30.402],[78.847,30.437],[78.824,30.485],[78.867,30.508],[78.859,30.551],[78.909,30.626],[78.926,30.714],[79.018,30.753],[79.033,30.807],[79.127,30.771],[79.14,30.75],[79.279,30.726]]]]}},{"type":"Feature","properties":{"district_id":"UK_UTK","district_name":"Uttarkashi","state_name":"Uttarakhand","zone":"Northwest","centroid_lat":30.7268,"centroid_lon":78.4354,"elevation_m":1158,"census2011_name":"Uttarkashi","census2011_state":"Uttarakhand","census2011_code":"56"},"geometry":{"type":"MultiPolygon","coordinates":[[[[79.21,31.348],[79.264,31.291],[79.249,31.249],[79.288,31.225],[79.315,31.144],[79.395,31.115],[79.408,31.074],[79.313,31.018],[79.331,30.997],[79.323,30.963],[79.264,30.954],[79.285,30.935],[79.277,30.879],[79.226,30.82],[79.291,30.752],[79.281,30.727],[79.135,30.752],[79.127,30.771],[79.033,30.807],[79.0,30.862],[78.953,30.855],[78.924,30.878],[78.879,30.877],[78.851,30.845],[78.85,30.739],[78.754,30.712],[78.723,30.733],[78.663,30.692],[78.592,30.688],[78.597,30.63],[78.549,30.571],[78.545,30.529],[78.498,30.534],[78.514,30.595],[78.487,30.628],[78.452,30.615],[78.44,30.578],[78.456,30.542],[78.413,30.469],[78.339,30.562],[78.31,30.572],[78.29,30.551],[78.303,30.587],[78.278,30.612],[78.208,30.578],[78.168,30.591],[78.155,30.635],[78.088,30.63],[78.048,30.597],[78.016,30.613],[78.014,30.647],[78.039,30.643],[78.068,30.667],[78.089,30.719],[77.989,30.849],[77.98,30.897],[78.022,30.912],[77.989,30.964],[77.937,30.972],[77.777,30.915],[77.747,30.945],[77.768,30.972],[77.831,30.949],[77.811,30.965],[77.84,31.003],[77.815,31.057],[77.857,31.077],[77.902,31.15],[77.97,31.174],[78.029,31.15],[78.045,31.181],[78.103,31.186],[78.163,31.227],[78.248,31.23],[78.284,31.267],[78.309,31.261],[78.314,31.283],[78.384,31.283],[78.413,31.243],[78.435,31.255],[78.459,31.239],[78.485,31.199],[78.552,31.202],[78.611,31.231],[78.65,31.217],[78.663,31.19],[78.81,31.2],[78.834,31.142],[78.886,31.102],[79.012,31.11],[78.987,31.177],[78.925,31.229],[78.946,31.333],[79.005,31.357],[79.073,31.467],[79.145,31.433],[79.21,31.348]]]]}},{"type":"Feature","properties":{"district_id":"HP_SML","district_name":"Shimla","state_name":"Himachal Pradesh","zone":"Northwest","centroid_lat":31.1048,"centroid_lon":77.1734,"elevation_m":2200,"census2011_name":"Shimla","census2011_state":"Himachal Pradesh","census2011_code":"33"},"geometry":{"type":"MultiPolygon","coordinates":[[[[77.772,31.704],[77.825,31.638],[77.814,31.611],[77.839,31.58],[77.841,31.507],[77.87,31.504],[77.903,31.443],[77.964,31.403],[78.104,31.42],[78.163,31.384],[78.164,31.345],[78.292,31.324],[78.314,31.283],[78.309,31.261],[78.284,31.267],[78.248,31.23],[78.163,31.227],[78.103,31.186],[78.045,31.181],[78.029,31.15],[77.97,31.174],[77.902,31.15],[77.857,31.077],[77.815,31.057],[77.84,31.003],[77.811,30.965],[77.831,30.949],[77.778,30.972],[77.751,30.959],[77.76,30.918],[77.815,30.908],[77.803,30.854],[77.756,30.874],[77.758,30.825],[77.712,30.769],[77.658,30.806],[77.624,30.808],[77.587,30.776],[77.545,30.774],[77.549,30.798],[77.524,30.783],[77.493,30.794],[77.493,30.841],[77.477,30.865],[77.432,30.872],[77.411,30.926],[77.442,30.945],[77.441,30.976],[77.374,31.022],[77.246,30.919],[77.252,30.948],[77.203,30.97],[77.209,30.991],[77.186,31.009],[77.149,31.009],[77.068,31.051],[77.087,31.066],[77.074,31.087],[77.039,31.068],[77.026,31.087],[77.056,31.104],[77.047,31.116],[76.993,31.112],[77.034,31.159],[77.004,31.188],[77.02,31.219],[77.003,31.298],[77.083,31.248],[77.162,31.231],[77.19,31.255],[77.205,31.245],[77.271,31.276],[77.306,31.271],[77.364,31.356],[77.402,31.362],[77.43,31.342],[77.526,31.351],[77.554,31.387],[77.63,31.391],[77.628,31.446],[77.709,31.502],[77.699,31.542],[77.656,31.578],[77.663,31.635],[77.649,31.66],[77.686,31.704],[77.772,31.704]]]]}},{"type":"Feature","properties":{"district_id":"HP_KUL","district_name":"Kullu / Manali","state_name":"Himachal Pradesh","zone":"Northwest","centroid_lat":31.9579,"centroid_lon":77.1095,"elevation_m":1279,"census2011_name":"Kullu","census2011_state":"Himachal Pradesh","census2011_code":"26"},"geometry":{"type":"MultiPolygon","coordinates":[[[[77.867,31.783],[77.849,31.755],[77.763,31.762],[77.751,31.714],[77.686,31.704],[77.649,31.66],[77.663,31.635],[77.656,31.578],[77.699,31.542],[77.709,31.502],[77.628,31.446],[77.63,31.391],[77.554,31.387],[77.526,31.351],[77.43,31.342],[77.387,31.361],[77.384,31.412],[77.331,31.458],[77.302,31.557],[77.306,31.662],[77.274,31.701],[77.217,31.721],[77.18,31.842],[77.06,31.835],[76.979,31.984],[76.977,32.024],[76.944,32.045],[76.946,32.112],[76.989,32.111],[76.995,32.187],[77.052,32.226],[77.032,32.247],[77.031,32.307],[77.075,32.397],[77.151,32.416],[77.196,32.401],[77.326,32.322],[77.37,32.223],[77.429,32.194],[77.463,32.199],[77.474,32.228],[77.525,32.2],[77.545,32.223],[77.688,32.106],[77.745,32.092],[77.792,32.018],[77.776,32.008],[77.801,31.986],[77.77,31.943],[77.784,31.915],[77.869,31.883],[77.839,31.849],[77.867,31.783]]]]}},{"type":"Feature","properties":{"district_id":"JK_SRN","district_name":"Srinagar","state_name":"Jammu and Kashmir","zone":"Northwest","centroid_lat":34.0837,"centroid_lon":74.7973,"elevation_m":1585,"census2011_name":"Srinagar","census2011_state":"Jammu & Kashmir","census2011_code":"10"},"geometry":{"type":"MultiPolygon","coordinates":[[[[74.714,34.347],[75.154,34.215],[75.194,34.19],[75.163,34.168],[75.17,34.113],[75.149,34.084],[75.046,34.064],[74.929,33.979],[74.891,34.049],[74.823,34.049],[74.791,34.1],[74.701,34.174],[74.666,34.309],[74.689,34.346],[74.714,34.347]]]]}},{"type":"Feature","properties":{"district_id":"JK_JAM","district_name":"Jammu","state_name":"Jammu and Kashmir","zone":"Northwest","centroid_lat":32.7266,"centroid_lon":74.857,"elevation_m":327,"census2011_name":"Jammu","census2011_state":"Jammu & Kashmir","census2011_code":"21"},"geometry":{"type":"MultiPolygon","coordinates":[[[[74.947,32.877],[74.968,32.878],[74.997,32.846],[75.05,32.884],[75.161,32.77],[75.113,32.736],[75.051,32.723],[75.031,32.686],[74.976,32.662],[74.947,32.596],[74.867,32.515],[74.794,32.469],[74.685,32.482],[74.689,32.525],[74.663,32.536],[74.668,32.559],[74.652,32.559],[74.635,32.603],[74.693,32.655],[74.65,32.698],[74.701,32.835],[74.636,32.813],[74.654,32.781],[74.632,32.774],[74.631,32.747],[74.557,32.757],[74.509,32.739],[74.501,32.76],[74.451,32.784],[74.522,32.889],[74.494,32.946],[74.512,32.961],[74.591,32.996],[74.669,32.957],[74.752,33.033],[74.782,33.032],[74.839,32.98],[74.846,32.963],[74.812,32.919],[74.835,32.88],[74.947,32.877]]]]}},{"type":"Feature","properties":{"district_id":"DL_NDL","district_name":"New Delhi","state_name":"Delhi","zone":"Northwest","centroid_lat":28.6139,"centroid_lon":77.209,"elevation_m":216,"census2011_name":"New Delhi","census2011_state":"NCT of Delhi","census2011_code":"94"},"geometry":{"type":"MultiPolygon","coordinates":[[[[77.26,28.623],[77.265,28.607],[77.213,28.577],[77.174,28.593],[77.201,28.639],[77.26,28.623]]]]}},{"type":"Feature","properties":{"district_id":"PB_ASR","district_name":"Amritsar","state_name":"Punjab","zone":"Northwest","centroid_lat":31.634,"centroid_lon":74.8723,"elevation_m":234,"census2011_name":"Amritsar","census2011_state":"Punjab","census2011_code":"49"},"geometry":{"type":"MultiPolygon","coordinates":[[[[74.894,32.053],[74.936,32.015],[74.915,31.977],[74.938,31.964],[74.974,31.977],[74.941,31.943],[74.889,31.933],[74.969,31.834],[75.077,31.806],[75.113,31.78],[75.099,31.76],[75.118,31.75],[75.191,31.741],[75.194,31.712],[75.227,31.685],[75.285,31.698],[75.288,31.677],[75.313,31.669],[75.301,31.652],[75.405,31.594],[75.319,31.539],[75.286,31.483],[75.252,31.502],[75.199,31.5],[75.181,31.529],[75.124,31.495],[75.108,31.522],[75.048,31.544],[74.992,31.509],[74.981,31.529],[74.952,31.498],[74.941,31.522],[74.898,31.529],[74.896,31.554],[74.844,31.53],[74.793,31.57],[74.732,31.564],[74.687,31.524],[74.651,31.534],[74.613,31.498],[74.579,31.502],[74.617,31.535],[74.619,31.571],[74.558,31.612],[74.536,31.681],[74.486,31.722],[74.565,31.755],[74.569,31.83],[74.613,31.887],[74.64,31.885],[74.674,31.92],[74.723,31.921],[74.721,31.937],[74.76,31.953],[74.823,31.957],[74.833,31.999],[74.894,32.053]]]]}},{"type":"Feature","properties":{"district_id":"RJ_JAI","district_name":"Jaipur","state_name":"Rajasthan","zone":"Northwest","centroid_lat":26.9124,"centroid_lon":75.7873,"elevation_m":431,"census2011_name":"Jaipur","census2011_state":"Rajasthan","census2011_code":"110"},"geometry":{"type":"MultiPolygon","coordinates":[[[[76.231,27.836],[76.257,27.845],[76.29,27.8],[76.246,27.761],[76.25,27.63],[76.203,27.622],[76.216,27.537],[76.24,27.525],[76.247,27.488],[76.222,27.456],[76.23,27.401],[76.127,27.251],[76.142,27.226],[76.128,27.197],[76.161,27.219],[76.157,27.188],[76.185,27.185],[76.195,27.121],[76.273,27.184],[76.293,27.129],[76.233,26.928],[76.254,26.888],[76.249,26.842],[76.192,26.801],[76.174,26.755],[76.184,26.636],[76.153,26.567],[76.161,26.515],[76.113,26.535],[76.072,26.507],[76.035,26.517],[76.009,26.492],[75.974,26.502],[75.963,26.483],[75.885,26.519],[75.817,26.518],[75.798,26.55],[75.774,26.543],[75.784,26.526],[75.761,26.512],[75.773,26.472],[75.749,26.469],[75.744,26.447],[75.73,26.465],[75.712,26.445],[75.655,26.466],[75.65,26.445],[75.617,26.439],[75.574,26.446],[75.576,26.473],[75.553,26.486],[75.527,26.463],[75.453,26.493],[75.372,26.486],[75.337,26.521],[75.331,26.558],[75.287,26.564],[75.255,26.53],[75.206,26.516],[75.201,26.48],[75.19,26.489],[75.163,26.459],[75.149,26.469],[75.153,26.5],[75.116,26.523],[75.124,26.547],[75.062,26.556],[75.082,26.596],[75.068,26.651],[75.021,26.665],[75.013,26.687],[74.966,26.683],[74.965,26.722],[74.945,26.732],[75.0,26.731],[75.008,26.745],[74.982,26.762],[74.943,26.746],[74.917,26.837],[74.957,26.847],[74.977,26.89],[75.014,26.895],[75.014,26.945],[75.166,26.933],[75.16,26.97],[75.204,26.974],[75.204,27.007],[75.259,27.034],[75.223,27.055],[75.221,27.083],[75.368,27.088],[75.366,27.11],[75.341,27.118],[75.344,27.14],[75.318,27.147],[75.316,27.181],[75.329,27.214],[75.392,27.23],[75.395,27.283],[75.381,27.29],[75.477,27.289],[75.531,27.344],[75.573,27.342],[75.573,27.312],[75.599,27.308],[75.629,27.34],[75.66,27.338],[75.665,27.366],[75.725,27.369],[75.74,27.404],[75.794,27.381],[75.811,27.405],[75.878,27.389],[75.872,27.424],[75.896,27.457],[75.986,27.478],[75.979,27.501],[75.938,27.496],[75.943,27.568],[75.967,27.594],[75.942,27.593],[75.942,27.622],[75.964,27.624],[75.956,27.638],[75.979,27.656],[75.991,27.703],[76.071,27.775],[76.096,27.864],[76.181,27.803],[76.231,27.836]]]]}},{"type":"Feature","properties":{"district_id":"RJ_JOD","district_name":"Jodhpur","state_name":"Rajasthan","zone":"Northwest","centroid_lat":26.2389,"centroid_lon":73.0243,"elevation_m":231,"census2011_name":"Jodhpur","census2011_state":"Rajasthan","census2011_code":"113"},"geometry":{"type":"MultiPolygon","coordinates":[[[[72.284,27.549],[72.292,27.526],[72.25,27.497],[72.249,27.468],[72.266,27.457],[72.327,27.514],[72.361,27.49],[72.368,27.528],[72.437,27.562],[72.449,27.586],[72.502,27.584],[72.56,27.618],[72.604,27.607],[72.661,27.532],[72.696,27.604],[72.766,27.523],[72.774,27.563],[72.834,27.584],[72.85,27.555],[72.82,27.516],[72.825,27.478],[72.883,27.477],[72.858,27.445],[72.895,27.451],[72.902,27.415],[72.94,27.448],[72.948,27.404],[72.984,27.384],[73.042,27.41],[73.116,27.409],[73.145,27.39],[73.163,27.295],[73.132,27.235],[73.166,27.161],[73.152,27.121],[73.192,27.056],[73.115,26.966],[73.118,26.942],[73.174,26.932],[73.213,26.869],[73.3,26.874],[73.332,26.856],[73.402,26.883],[73.458,26.873],[73.498,26.887],[73.53,26.858],[73.588,26.863],[73.631,26.839],[73.632,26.807],[73.655,26.808],[73.677,26.756],[73.65,26.71],[73.673,26.678],[73.659,26.648],[73.693,26.623],[73.721,26.539],[73.77,26.538],[73.857,26.467],[73.873,26.43],[73.846,26.407],[73.855,26.379],[73.817,26.358],[73.812,26.317],[73.791,26.319],[73.813,26.291],[73.786,26.164],[73.813,26.118],[73.804,26.097],[73.759,26.093],[73.734,26.113],[73.686,26.062],[73.65,26.078],[73.653,26.126],[73.629,26.147],[73.523,26.103],[73.529,26.064],[73.5,26.087],[73.466,26.085],[73.436,26.128],[73.409,26.126],[73.394,26.163],[73.341,26.117],[73.363,26.081],[73.319,26.039],[73.321,26.005],[73.241,26.085],[73.193,26.086],[73.187,26.033],[73.139,26.044],[73.05,26.014],[73.05,25.968],[72.974,25.935],[72.958,25.902],[72.855,25.898],[72.806,25.853],[72.751,25.882],[72.725,25.921],[72.626,25.957],[72.61,26.001],[72.694,26.036],[72.679,26.072],[72.698,26.121],[72.684,26.192],[72.596,26.28],[72.552,26.264],[72.467,26.301],[72.427,26.286],[72.409,26.239],[72.374,26.225],[72.34,26.244],[72.269,26.198],[72.159,26.281],[72.141,26.326],[72.098,26.319],[72.073,26.349],[72.082,26.443],[72.027,26.499],[72.099,26.6],[72.04,26.675],[72.069,26.719],[72.089,26.719],[72.045,26.789],[72.099,26.83],[72.088,26.849],[72.104,26.887],[72.04,26.936],[72.044,27.021],[72.08,27.044],[72.059,27.05],[72.087,27.105],[71.968,27.14],[71.955,27.182],[71.919,27.178],[71.911,27.218],[71.82,27.254],[71.79,27.245],[71.794,27.288],[71.83,27.321],[71.815,27.442],[71.838,27.479],[71.899,27.474],[71.907,27.533],[71.931,27.559],[71.967,27.55],[72.05,27.614],[72.129,27.58],[72.106,27.556],[72.145,27.532],[72.175,27.462],[72.211,27.489],[72.249,27.487],[72.252,27.533],[72.284,27.549]]]]}},{"type":"Feature","properties":{"district_id":"MP_BPL","district_name":"Bhopal","state_name":"Madhya Pradesh","zone":"Central India","centroid_lat":23.2599,"centroid_lon":77.4126,"elevation_m":527,"census2011_name":"Bhopal","census2011_state":"Madhya Pradesh","census2011_code":"444"},"geometry":{"type":"MultiPolygon","coordinates":[[[[77.319,23.894],[77.375,23.884],[77.4,23.855],[77.395,23.833],[77.448,23.796],[77.436,23.783],[77.457,23.765],[77.574,23.769],[77.614,23.75],[77.605,23.731],[77.62,23.715],[77.65,23.718],[77.634,23.664],[77.573,23.649],[77.558,23.598],[77.509,23.576],[77.522,23.518],[77.492,23.427],[77.514,23.413],[77.559,23.424],[77.559,23.378],[77.583,23.353],[77.628,23.354],[77.585,23.285],[77.6,23.229],[77.586,23.186],[77.566,23.18],[77.568,23.145],[77.454,23.093],[77.286,23.102],[77.241,23.194],[77.217,23.203],[77.221,23.227],[77.189,23.234],[77.224,23.291],[77.18,23.308],[77.187,23.357],[77.204,23.36],[77.227,23.328],[77.262,23.384],[77.238,23.396],[77.245,23.409],[77.281,23.408],[77.298,23.432],[77.286,23.566],[77.298,23.582],[77.276,23.61],[77.229,23.626],[77.222,23.666],[77.2,23.66],[77.17,23.693],[77.215,23.794],[77.228,23.896],[77.319,23.894]]]]}},{"type":"Feature","properties":{"district_id":"MP_IND","district_name":"Indore","state_name":"Madhya Pradesh","zone":"Central India","centroid_lat":22.7196,"centroid_lon":75.8577,"elevation_m":553,"census2011_name":"Indore","census2011_state":"Madhya Pradesh","census2011_code":"439"},"geometry":{"type":"MultiPolygon","coordinates":[[[[75.9,23.0],[75.966,22.945],[75.985,22.872],[76.034,22.843],[76.104,22.701],[76.183,22.694],[76.203,22.676],[76.19,22.662],[76.226,22.675],[76.245,22.642],[76.231,22.617],[76.2,22.625],[76.189,22.596],[76.172,22.618],[76.189,22.64],[76.152,22.632],[76.168,22.603],[76.144,22.609],[76.145,22.59],[76.12,22.604],[76.115,22.581],[76.084,22.603],[76.09,22.584],[76.065,22.586],[76.107,22.56],[76.079,22.526],[76.031,22.529],[76.028,22.496],[76.059,22.456],[76.014,22.443],[76.01,22.42],[75.969,22.438],[75.913,22.418],[75.909,22.386],[75.856,22.381],[75.828,22.405],[75.781,22.37],[75.721,22.369],[75.652,22.333],[75.64,22.354],[75.602,22.341],[75.609,22.362],[75.546,22.394],[75.572,22.453],[75.557,22.51],[75.598,22.523],[75.597,22.567],[75.632,22.56],[75.679,22.581],[75.713,22.636],[75.706,22.662],[75.684,22.657],[75.685,22.637],[75.703,22.646],[75.695,22.627],[75.604,22.633],[75.582,22.659],[75.537,22.632],[75.522,22.658],[75.496,22.645],[75.52,22.664],[75.509,22.731],[75.479,22.734],[75.481,22.77],[75.437,22.773],[75.423,22.828],[75.444,22.862],[75.44,22.908],[75.479,22.93],[75.456,22.942],[75.489,22.984],[75.476,23.003],[75.508,23.005],[75.522,23.041],[75.57,23.068],[75.567,23.086],[75.609,23.09],[75.629,23.084],[75.619,23.053],[75.642,23.006],[75.64,23.024],[75.731,23.016],[75.738,23.035],[75.813,23.041],[75.874,23.038],[75.9,23.0]]]]}},{"type":"Feature","properties":{"district_id":"MP_JBP","district_name":"Jabalpur","state_name":"Madhya Pradesh","zone":"Central India","centroid_lat":23.1815,"centroid_lon":79.9864,"elevation_m":411,"census2011_name":"Jabalpur","census2011_state":"Madhya Pradesh","census2011_code":"451"},"geometry":{"type":"MultiPolygon","coordinates":[[[[80.544,23.393],[80.558,23.377],[80.541,23.357],[80.574,23.352],[80.584,23.288],[80.524,23.257],[80.503,23.203],[80.48,23.198],[80.523,23.157],[80.552,23.167],[80.581,23.138],[80.528,23.106],[80.528,23.08],[80.459,23.144],[80.425,23.143],[80.409,23.172],[80.31,23.097],[80.277,23.146],[80.188,23.128],[80.205,23.076],[80.182,23.059],[80.187,23.023],[80.161,23.05],[80.114,23.051],[80.103,23.078],[79.996,23.026],[80.007,23.006],[79.993,22.993],[80.012,22.973],[79.953,22.945],[79.973,22.92],[79.964,22.853],[79.908,22.845],[79.9,22.863],[79.844,22.83],[79.812,22.868],[79.763,22.846],[79.777,22.879],[79.745,22.9],[79.749,22.917],[79.662,22.922],[79.629,22.945],[79.639,22.978],[79.592,23.022],[79.616,23.102],[79.572,23.131],[79.511,23.139],[79.457,23.095],[79.351,23.105],[79.372,23.164],[79.492,23.257],[79.54,23.261],[79.673,23.335],[79.738,23.432],[79.787,23.451],[79.828,23.512],[79.851,23.505],[79.931,23.604],[79.956,23.593],[79.986,23.607],[79.974,23.568],[80.136,23.588],[80.235,23.564],[80.24,23.54],[80.2,23.524],[80.202,23.485],[80.276,23.478],[80.268,23.451],[80.313,23.409],[80.31,23.34],[80.358,23.307],[80.392,23.338],[80.454,23.345],[80.496,23.384],[80.544,23.393]]]]}},{"type":"Feature","properties":{"district_id":"CG_RPR","district_name":"Raipur","state_name":"Chhattisgarh","zone":"Central India","centroid_lat":21.2514,"centroid_lon":81.6296,"elevation_m":298,"census2011_name":"Raipur","census2011_state":"Chhattisgarh","census2011_code":"410"},"geometry":{"type":"MultiPolygon","coordinates":[[[[82.44,21.738],[82.551,21.736],[82.6,21.713],[82.629,21.729],[82.665,21.709],[82.704,21.727],[82.795,21.723],[82.867,21.689],[82.951,21.722],[82.984,21.642],[82.927,21.551],[82.928,21.49],[82.876,21.55],[82.824,21.528],[82.828,21.501],[82.772,21.52],[82.69,21.481],[82.699,21.33],[82.649,21.348],[82.559,21.319],[82.476,21.325],[82.479,21.295],[82.457,21.276],[82.426,21.308],[82.387,21.262],[82.352,21.265],[82.354,21.282],[82.326,21.291],[82.29,21.27],[82.246,21.313],[82.26,21.326],[82.247,21.365],[82.279,21.393],[82.242,21.433],[82.166,21.328],[82.028,21.232],[81.999,21.132],[82.008,21.087],[82.103,21.028],[82.161,21.018],[82.199,20.941],[82.284,20.935],[82.289,20.913],[82.347,20.88],[82.343,20.762],[82.376,20.628],[82.331,20.558],[82.388,20.514],[82.396,20.456],[82.418,20.477],[82.437,20.43],[82.401,20.34],[82.437,20.287],[82.413,20.268],[82.421,20.207],[82.386,20.149],[82.398,20.064],[82.606,19.991],[82.639,20.005],[82.719,19.988],[82.708,19.899],[82.725,19.876],[82.71,19.836],[82.653,19.831],[82.593,19.776],[82.579,19.828],[82.598,19.871],[82.447,19.908],[82.396,19.887],[82.347,19.835],[82.238,20.003],[82.186,19.983],[82.065,20.054],[82.032,20.014],[82.022,20.024],[82.035,20.098],[82.109,20.111],[82.175,20.259],[82.108,20.289],[82.084,20.33],[82.083,20.413],[82.049,20.502],[82.021,20.529],[81.997,20.628],[82.015,20.673],[81.981,20.726],[81.927,20.749],[81.911,20.791],[81.927,20.814],[81.892,20.871],[81.878,20.962],[81.838,20.94],[81.752,21.01],[81.66,20.998],[81.59,21.044],[81.61,21.061],[81.58,21.076],[81.584,21.124],[81.625,21.162],[81.603,21.206],[81.547,21.245],[81.535,21.302],[81.639,21.404],[81.632,21.506],[81.7,21.611],[81.66,21.656],[81.724,21.694],[81.708,21.763],[81.749,21.749],[81.773,21.769],[81.849,21.758],[81.901,21.78],[81.958,21.846],[82.024,21.859],[82.044,21.884],[82.126,21.834],[82.185,21.843],[82.201,21.763],[82.291,21.751],[82.316,21.718],[82.402,21.713],[82.44,21.738]]]]}},{"type":"Feature","properties":{"district_id":"CG_BST","district_name":"Bastar","state_name":"Chhattisgarh","zone":"Central India","centroid_lat":19.0744,"centroid_lon":82.0298,"elevation_m":552,"census2011_name":"Bastar","census2011_state":"Chhattisgarh","census2011_code":"414"},"geometry":{"type":"MultiPolygon","coordinates":[[[[81.356,19.325],[81.397,19.333],[81.39,19.361],[81.365,19.372],[81.377,19.413],[81.409,19.363],[81.469,19.375],[81.474,19.471],[81.422,19.493],[81.45,19.524],[81.454,19.637],[81.516,19.661],[81.447,19.677],[81.428,19.718],[81.372,19.733],[81.372,19.803],[81.394,19.833],[81.376,19.851],[81.403,19.876],[81.349,19.91],[81.293,20.017],[81.39,20.046],[81.421,20.155],[81.453,20.145],[81.585,20.195],[81.68,20.129],[81.754,20.163],[81.846,20.165],[81.881,20.05],[81.845,19.954],[81.857,19.912],[81.968,19.859],[81.988,19.8],[82.067,19.788],[82.045,19.709],[82.054,19.544],[82.03,19.507],[82.1,19.515],[82.127,19.429],[82.191,19.423],[82.174,19.372],[82.149,19.368],[82.191,19.326],[82.16,19.271],[82.164,19.203],[82.187,19.165],[82.168,19.133],[82.208,19.124],[82.22,19.097],[82.202,19.067],[82.233,19.021],[82.248,18.917],[82.181,18.902],[82.169,18.798],[82.137,18.764],[82.09,18.763],[82.087,18.719],[82.042,18.726],[81.969,18.693],[81.946,18.717],[81.958,18.758],[81.943,18.768],[81.807,18.736],[81.773,18.756],[81.756,18.811],[81.712,18.836],[81.65,18.803],[81.556,18.875],[81.555,18.911],[81.514,18.91],[81.467,18.944],[81.484,18.967],[81.471,19.004],[81.515,19.011],[81.53,19.038],[81.5,19.05],[81.514,19.068],[81.482,19.119],[81.495,19.124],[81.502,19.204],[81.473,19.213],[81.45,19.189],[81.407,19.192],[81.354,19.225],[81.356,19.285],[81.376,19.303],[81.356,19.325]]]]}},{"type":"Feature","properties":{"district_id":"OD_PVI","district_name":"Puri","state_name":"Odisha","zone":"East Coast","centroid_lat":19.8135,"centroid_lon":85.8312,"elevation_m":10,"census2011_name":"Puri","census2011_state":"Odisha","census2011_code":"387"},"geometry":{"type":"MultiPolygon","coordinates":[[[[86.083,20.106],[86.082,20.069],[86.118,20.067],[86.129,20.04],[86.2,20.054],[86.248,20.039],[86.279,20.057],[86.273,20.044],[86.328,20.019],[86.375,19.952],[86.246,19.908],[86.228,19.933],[86.232,19.898],[86.212,19.888],[85.696,19.751],[85.351,19.584],[85.178,19.464],[85.159,19.483],[85.137,19.521],[85.177,19.558],[85.184,19.675],[85.206,19.684],[85.195,19.718],[85.22,19.746],[85.242,19.741],[85.255,19.784],[85.328,19.801],[85.382,19.842],[85.407,19.886],[85.531,19.887],[85.565,19.855],[85.567,19.917],[85.529,19.941],[85.51,19.926],[85.52,19.942],[85.503,19.945],[85.532,19.977],[85.565,19.949],[85.573,20.024],[85.595,19.995],[85.618,20.018],[85.618,19.991],[85.631,20.025],[85.621,20.059],[85.646,20.083],[85.633,20.1],[85.652,20.096],[85.654,20.066],[85.68,20.072],[85.689,20.149],[85.723,20.13],[85.766,20.167],[85.827,20.158],[85.841,20.196],[85.845,20.175],[85.854,20.194],[85.889,20.176],[85.902,20.145],[85.876,20.122],[85.886,20.11],[85.905,20.128],[86.021,20.102],[86.083,20.106]]]]}},{"type":"Feature","properties":{"district_id":"OD_BBS","district_name":"Khordha (Bhubaneswar)","state_name":"Odisha","zone":"East Coast","centroid_lat":20.2961,"centroid_lon":85.8245,"elevation_m":45,"census2011_name":"Khordha","census2011_state":"Odisha","census2011_code":"386"},"geometry":{"type":"MultiPolygon","coordinates":[[[[86.083,20.106],[86.021,20.102],[85.905,20.128],[85.886,20.11],[85.876,20.122],[85.902,20.145],[85.889,20.176],[85.854,20.194],[85.845,20.175],[85.841,20.196],[85.827,20.158],[85.766,20.167],[85.723,20.13],[85.694,20.152],[85.68,20.072],[85.654,20.066],[85.652,20.096],[85.633,20.1],[85.646,20.083],[85.621,20.059],[85.631,20.025],[85.618,19.991],[85.618,20.018],[85.595,19.995],[85.573,20.024],[85.565,19.949],[85.532,19.977],[85.503,19.945],[85.52,19.942],[85.51,19.926],[85.529,19.941],[85.567,19.917],[85.565,19.855],[85.531,19.887],[85.407,19.886],[85.328,19.801],[85.255,19.784],[85.242,19.741],[85.22,19.746],[85.195,19.718],[85.206,19.684],[85.184,19.675],[85.077,19.791],[85.01,19.803],[84.936,19.872],[84.94,19.897],[85.029,19.903],[85.099,19.931],[85.128,19.933],[85.167,19.904],[85.245,19.905],[85.332,19.926],[85.364,19.958],[85.422,19.927],[85.457,19.973],[85.417,19.995],[85.435,20.027],[85.415,20.021],[85.381,20.072],[85.415,20.128],[85.385,20.156],[85.356,20.145],[85.37,20.178],[85.352,20.188],[85.241,20.114],[85.206,20.155],[85.216,20.214],[85.324,20.231],[85.343,20.251],[85.327,20.254],[85.335,20.28],[85.383,20.286],[85.408,20.256],[85.422,20.272],[85.455,20.267],[85.462,20.295],[85.523,20.293],[85.553,20.313],[85.627,20.292],[85.644,20.323],[85.679,20.324],[85.716,20.399],[85.787,20.41],[85.787,20.433],[85.831,20.404],[85.802,20.321],[85.885,20.287],[85.892,20.312],[85.87,20.336],[85.9,20.368],[85.929,20.328],[85.932,20.312],[85.914,20.317],[85.934,20.273],[86.008,20.224],[86.028,20.171],[86.043,20.18],[86.055,20.165],[86.04,20.135],[86.083,20.106]]]]}},{"type":"Feature","properties":{"district_id":"OD_BAL","district_name":"Balasore","state_name":"Odisha","zone":"East Coast","centroid_lat":21.4934,"centroid_lon":86.9135,"elevation_m":16,"census2011_name":"Baleshwar","census2011_state":"Odisha","census2011_code":"377"},"geometry":{"type":"MultiPolygon","coordinates":[[[[87.193,21.962],[87.239,21.959],[87.257,21.922],[87.239,21.9],[87.276,21.808],[87.356,21.791],[87.374,21.765],[87.448,21.766],[87.447,21.734],[87.475,21.712],[87.463,21.65],[87.49,21.603],[87.438,21.581],[87.41,21.545],[87.384,21.573],[87.338,21.576],[87.397,21.532],[87.223,21.535],[87.07,21.462],[87.053,21.429],[86.951,21.358],[86.861,21.209],[86.81,21.23],[86.773,21.224],[86.76,21.199],[86.776,21.171],[86.71,21.183],[86.672,21.164],[86.649,21.063],[86.629,21.093],[86.592,21.098],[86.559,21.157],[86.512,21.137],[86.436,21.16],[86.449,21.201],[86.438,21.221],[86.417,21.209],[86.375,21.231],[86.362,21.3],[86.49,21.38],[86.585,21.521],[86.637,21.529],[86.653,21.579],[86.755,21.605],[86.868,21.592],[86.889,21.611],[86.879,21.635],[86.913,21.579],[86.925,21.592],[86.959,21.572],[86.961,21.595],[86.964,21.582],[87.008,21.598],[86.988,21.626],[87.006,21.625],[87.012,21.648],[86.99,21.667],[87.031,21.66],[87.054,21.683],[87.027,21.741],[87.072,21.706],[87.123,21.755],[87.106,21.783],[87.146,21.763],[87.174,21.81],[87.184,21.79],[87.179,21.812],[87.106,21.856],[87.093,21.9],[87.109,21.922],[87.163,21.935],[87.172,21.978],[87.193,21.962]]],[[[86.89,20.787],[86.892,20.786],[86.894,20.786],[86.905,20.784],[86.907,20.784],[86.911,20.783],[86.914,20.783],[86.917,20.784],[86.92,20.784],[86.92,20.784],[86.921,20.784],[86.922,20.784],[86.923,20.784],[86.927,20.784],[86.928,20.784],[86.929,20.784],[86.94,20.784],[86.946,20.783],[86.949,20.782],[86.952,20.781],[86.953,20.78],[86.953,20.78],[86.953,20.78],[86.954,20.78],[86.955,20.779],[86.955,20.777],[86.954,20.775],[86.953,20.775],[86.948,20.775],[86.93,20.774],[86.917,20.776],[86.916,20.776],[86.916,20.776],[86.914,20.777],[86.91,20.776],[86.909,20.776],[86.9,20.777],[86.895,20.776],[86.885,20.779],[86.881,20.78],[86.88,20.782],[86.88,20.783],[86.881,20.785],[86.89,20.787]]],[[[86.995,20.848],[86.994,20.847],[86.991,20.848],[86.99,20.849],[86.989,20.852],[86.989,20.852],[86.988,20.855],[86.988,20.858],[86.988,20.861],[86.989,20.862],[86.994,20.865],[86.995,20.864],[86.996,20.862],[86.996,20.862],[86.998,20.856],[86.998,20.853],[86.995,20.848]]],[[[86.999,20.795],[86.996,20.792],[86.991,20.796],[86.99,20.802],[86.996,20.807],[87.002,20.805],[87.0,20.799],[86.999,20.795]]]]}},{"type":"Feature","properties":{"district_id":"OD_SMB","district_name":"Sambalpur","state_name":"Odisha","zone":"Central India","centroid_lat":21.4669,"centroid_lon":83.9812,"elevation_m":150,"census2011_name":"Sambalpur","census2011_state":"Odisha","census2011_code":"372"},"geometry":{"type":"MultiPolygon","coordinates":[[[[84.68,21.735],[84.639,21.737],[84.628,21.695],[84.506,21.679],[84.491,21.638],[84.575,21.572],[84.54,21.579],[84.512,21.559],[84.484,21.506],[84.502,21.496],[84.48,21.48],[84.491,21.368],[84.549,21.372],[84.571,21.251],[84.692,21.32],[84.766,21.272],[84.761,21.224],[84.725,21.217],[84.745,21.171],[84.726,21.149],[84.686,21.149],[84.671,21.095],[84.683,21.064],[84.652,21.084],[84.589,21.064],[84.535,21.089],[84.485,21.083],[84.442,21.035],[84.411,21.031],[84.436,21.014],[84.373,20.955],[84.242,20.926],[84.195,20.977],[84.161,20.976],[84.148,21.036],[84.02,21.055],[83.991,21.079],[83.986,21.135],[83.896,21.178],[83.913,21.246],[83.872,21.311],[83.881,21.39],[83.85,21.41],[83.887,21.439],[83.847,21.527],[83.8,21.566],[83.823,21.594],[83.894,21.574],[83.974,21.577],[83.973,21.709],[83.944,21.728],[83.97,21.766],[83.991,21.752],[84.015,21.786],[84.039,21.759],[84.115,21.789],[84.19,21.754],[84.291,21.766],[84.393,21.992],[84.389,22.024],[84.358,22.037],[84.27,22.014],[84.278,22.121],[84.326,22.124],[84.478,22.189],[84.497,22.098],[84.53,22.045],[84.504,21.97],[84.529,21.974],[84.53,21.928],[84.496,21.908],[84.531,21.882],[84.529,21.813],[84.569,21.787],[84.559,21.767],[84.655,21.767],[84.68,21.735]]]]}},{"type":"Feature","properties":{"district_id":"UP_LKO","district_name":"Lucknow","state_name":"Uttar Pradesh","zone":"Central India","centroid_lat":26.8467,"centroid_lon":80.9462,"elevation_m":123,"census2011_name":"Lucknow","census2011_state":"Uttar Pradesh","census2011_code":"157"},"geometry":{"type":"MultiPolygon","coordinates":[[[[81.166,26.593],[81.123,26.557],[81.1,26.56],[81.047,26.502],[80.937,26.568],[80.927,26.592],[80.892,26.598],[80.892,26.622],[80.877,26.614],[80.883,26.631],[80.843,26.663],[80.795,26.646],[80.757,26.686],[80.729,26.656],[80.697,26.686],[80.718,26.7],[80.691,26.756],[80.732,26.754],[80.756,26.774],[80.738,26.776],[80.694,26.85],[80.628,26.881],[80.641,26.903],[80.609,26.944],[80.582,26.926],[80.561,26.936],[80.596,26.955],[80.6,26.984],[80.56,27.011],[80.657,27.062],[80.647,27.079],[80.701,27.06],[80.735,27.1],[80.831,27.1],[80.929,27.159],[80.957,27.139],[81.012,27.141],[81.023,27.103],[81.056,27.085],[80.984,27.069],[80.978,27.035],[81.001,27.038],[80.996,27.008],[81.03,26.985],[81.026,26.972],[81.065,26.968],[81.043,26.939],[81.075,26.908],[81.096,26.915],[81.094,26.838],[81.171,26.807],[81.164,26.773],[81.194,26.792],[81.217,26.782],[81.189,26.761],[81.219,26.706],[81.167,26.643],[81.184,26.619],[81.166,26.593]]]]}},{"type":"Feature","properties":{"district_id":"UP_VNS","district_name":"Varanasi","state_name":"Uttar Pradesh","zone":"Central India","centroid_lat":25.3176,"centroid_lon":82.9739,"elevation_m":81,"census2011_name":"Varanasi","census2011_state":"Uttar Pradesh","census2011_code":"197"},"geometry":{"type":"MultiPolygon","coordinates":[[[[83.072,25.551],[83.064,25.528],[83.089,25.492],[83.115,25.497],[83.102,25.525],[83.157,25.503],[83.174,25.523],[83.176,25.497],[83.131,25.444],[83.195,25.405],[83.146,25.318],[83.09,25.33],[83.017,25.303],[83.071,25.245],[83.032,25.242],[83.002,25.203],[82.902,25.216],[82.848,25.167],[82.813,25.188],[82.802,25.173],[82.784,25.205],[82.817,25.206],[82.805,25.223],[82.82,25.256],[82.786,25.248],[82.785,25.229],[82.78,25.271],[82.753,25.241],[82.711,25.263],[82.672,25.248],[82.704,25.32],[82.683,25.353],[82.706,25.361],[82.711,25.386],[82.685,25.419],[82.72,25.433],[82.706,25.458],[82.736,25.462],[82.711,25.483],[82.726,25.509],[82.715,25.533],[82.743,25.546],[82.78,25.529],[82.867,25.58],[82.88,25.566],[82.93,25.57],[82.954,25.525],[82.983,25.554],[83.012,25.548],[83.022,25.575],[83.044,25.54],[83.072,25.551]]]]}},{"type":"Feature","properties":{"district_id":"UP_GKP","district_name":"Gorakhpur (Foothills)","state_name":"Uttar Pradesh","zone":"Gangetic Plain","centroid_lat":26.7606,"centroid_lon":83.3732,"elevation_m":84,"census2011_name":"Gorakhpur","census2011_state":"Uttar Pradesh","census2011_code":"188"},"geometry":{"type":"MultiPolygon","coordinates":[[[[83.545,26.88],[83.528,26.854],[83.593,26.794],[83.586,26.761],[83.62,26.753],[83.631,26.581],[83.602,26.515],[83.492,26.486],[83.494,26.462],[83.48,26.462],[83.511,26.416],[83.488,26.396],[83.528,26.398],[83.514,26.383],[83.536,26.384],[83.544,26.354],[83.572,26.375],[83.549,26.389],[83.584,26.397],[83.581,26.364],[83.611,26.369],[83.602,26.347],[83.64,26.327],[83.621,26.299],[83.667,26.314],[83.635,26.223],[83.534,26.277],[83.418,26.274],[83.34,26.349],[83.231,26.393],[83.084,26.393],[83.071,26.408],[83.098,26.432],[83.092,26.479],[83.169,26.506],[83.19,26.489],[83.205,26.524],[83.141,26.562],[83.137,26.595],[83.109,26.616],[83.135,26.633],[83.133,26.655],[83.103,26.659],[83.117,26.684],[83.086,26.7],[83.145,26.746],[83.136,26.777],[83.113,26.766],[83.1,26.808],[83.121,26.819],[83.137,26.887],[83.158,26.872],[83.217,26.884],[83.21,26.935],[83.228,26.937],[83.196,26.945],[83.209,26.954],[83.196,26.968],[83.226,26.979],[83.217,27.016],[83.144,27.005],[83.151,27.04],[83.132,27.049],[83.151,27.055],[83.123,27.11],[83.148,27.116],[83.13,27.141],[83.163,27.129],[83.178,27.087],[83.275,27.067],[83.285,27.05],[83.318,27.049],[83.341,27.091],[83.378,27.076],[83.404,27.088],[83.331,26.981],[83.362,26.968],[83.442,26.979],[83.478,26.923],[83.545,26.88]]]]}},{"type":"Feature","properties":{"district_id":"BR_PAT","district_name":"Patna","state_name":"Bihar","zone":"Gangetic Plain","centroid_lat":25.5941,"centroid_lon":85.1376,"elevation_m":53,"census2011_name":"Patna","census2011_state":"Bihar","census2011_code":"230"},"geometry":{"type":"MultiPolygon","coordinates":[[[[85.031,25.732],[85.088,25.711],[85.134,25.63],[85.252,25.596],[85.319,25.513],[85.43,25.496],[85.438,25.515],[85.506,25.485],[85.539,25.505],[85.54,25.489],[85.601,25.493],[85.612,25.488],[85.592,25.479],[85.639,25.463],[85.642,25.502],[85.678,25.497],[85.683,25.479],[85.72,25.526],[85.805,25.547],[85.886,25.502],[85.904,25.462],[85.876,25.469],[85.888,25.423],[85.956,25.415],[86.019,25.358],[86.052,25.391],[86.067,25.336],[86.04,25.333],[86.029,25.293],[85.932,25.323],[85.93,25.303],[85.881,25.28],[85.755,25.317],[85.716,25.365],[85.66,25.337],[85.654,25.312],[85.631,25.325],[85.651,25.34],[85.629,25.381],[85.591,25.385],[85.579,25.425],[85.498,25.429],[85.491,25.448],[85.406,25.461],[85.403,25.434],[85.375,25.428],[85.364,25.4],[85.348,25.412],[85.297,25.391],[85.218,25.416],[85.189,25.402],[85.181,25.309],[85.132,25.316],[85.122,25.272],[85.07,25.289],[85.025,25.267],[85.015,25.318],[84.994,25.321],[84.937,25.268],[84.925,25.292],[84.906,25.289],[84.867,25.216],[84.837,25.234],[84.729,25.202],[84.721,25.214],[84.786,25.237],[84.788,25.253],[84.687,25.266],[84.723,25.285],[84.705,25.315],[84.778,25.447],[84.76,25.51],[84.819,25.575],[84.823,25.633],[84.843,25.656],[84.825,25.67],[84.85,25.678],[84.873,25.717],[84.941,25.7],[85.031,25.732]]],[[[85.337,25.514],[85.331,25.514],[85.326,25.515],[85.317,25.519],[85.315,25.523],[85.315,25.526],[85.318,25.53],[85.335,25.524],[85.338,25.522],[85.338,25.517],[85.337,25.514]]]]}},{"type":"Feature","properties":{"district_id":"BR_GAY","district_name":"Gaya","state_name":"Bihar","zone":"Gangetic Plain","centroid_lat":24.7914,"centroid_lon":85.0002,"elevation_m":111,"census2011_name":"Gaya","census2011_state":"Bihar","census2011_code":"236"},"geometry":{"type":"MultiPolygon","coordinates":[[[[85.185,25.072],[85.177,25.055],[85.205,25.053],[85.202,25.034],[85.236,25.055],[85.251,25.009],[85.267,25.035],[85.342,25.007],[85.363,25.019],[85.365,24.99],[85.39,24.991],[85.383,24.898],[85.338,24.883],[85.343,24.862],[85.27,24.75],[85.297,24.75],[85.333,24.712],[85.327,24.668],[85.296,24.672],[85.326,24.65],[85.304,24.633],[85.33,24.581],[85.318,24.562],[85.378,24.554],[85.39,24.533],[85.295,24.529],[85.289,24.497],[85.16,24.464],[85.176,24.43],[85.097,24.379],[85.073,24.387],[85.083,24.44],[85.06,24.415],[84.998,24.412],[84.955,24.372],[84.902,24.375],[84.887,24.463],[84.842,24.452],[84.84,24.511],[84.803,24.529],[84.787,24.505],[84.686,24.456],[84.666,24.394],[84.58,24.412],[84.573,24.384],[84.529,24.376],[84.533,24.339],[84.501,24.287],[84.486,24.309],[84.508,24.332],[84.485,24.316],[84.462,24.338],[84.425,24.331],[84.43,24.359],[84.39,24.389],[84.343,24.395],[84.323,24.423],[84.338,24.431],[84.301,24.45],[84.302,24.48],[84.371,24.51],[84.405,24.572],[84.424,24.552],[84.439,24.573],[84.45,24.532],[84.469,24.537],[84.49,24.514],[84.547,24.527],[84.597,24.597],[84.604,24.656],[84.637,24.653],[84.646,24.678],[84.69,24.678],[84.723,24.701],[84.717,24.766],[84.734,24.767],[84.733,24.795],[84.703,24.802],[84.694,24.832],[84.64,24.878],[84.665,24.872],[84.665,24.89],[84.705,24.904],[84.712,24.957],[84.738,24.959],[84.73,24.98],[84.754,25.014],[84.727,25.013],[84.705,25.046],[84.771,25.046],[84.815,25.071],[84.907,25.065],[84.926,25.057],[84.909,25.025],[84.939,24.987],[84.994,25.008],[84.992,25.024],[85.019,25.017],[85.043,25.034],[85.047,25.004],[85.091,24.99],[85.126,25.051],[85.185,25.072]]],[[[84.507,24.263],[84.504,24.263],[84.501,24.265],[84.499,24.269],[84.497,24.277],[84.497,24.279],[84.499,24.283],[84.501,24.283],[84.505,24.282],[84.507,24.277],[84.509,24.273],[84.511,24.268],[84.51,24.265],[84.507,24.263]]]]}},{"type":"Feature","properties":{"district_id":"GJ_AMD","district_name":"Ahmedabad","state_name":"Gujarat","zone":"West Coast","centroid_lat":23.0225,"centroid_lon":72.5714,"elevation_m":53,"census2011_name":"Ahmadabad","census2011_state":"Gujarat","census2011_code":"474"},"geometry":{"type":"MultiPolygon","coordinates":[[[[72.035,23.505],[72.026,23.477],[72.053,23.444],[72.098,23.459],[72.167,23.441],[72.188,23.413],[72.215,23.434],[72.235,23.423],[72.262,23.46],[72.298,23.413],[72.261,23.37],[72.264,23.346],[72.178,23.274],[72.184,23.215],[72.169,23.191],[72.187,23.144],[72.163,23.137],[72.163,23.103],[72.238,23.117],[72.283,23.079],[72.294,23.04],[72.324,23.061],[72.309,23.095],[72.336,23.107],[72.382,23.077],[72.388,23.052],[72.428,23.065],[72.446,23.044],[72.473,23.064],[72.459,23.082],[72.499,23.099],[72.488,23.144],[72.54,23.164],[72.542,23.133],[72.565,23.133],[72.564,23.109],[72.6,23.089],[72.702,23.11],[72.765,23.093],[72.78,23.081],[72.767,23.059],[72.797,23.053],[72.841,22.993],[72.843,22.965],[72.792,22.908],[72.726,22.912],[72.693,22.88],[72.65,22.897],[72.608,22.885],[72.61,22.815],[72.572,22.825],[72.524,22.798],[72.54,22.711],[72.519,22.701],[72.55,22.665],[72.537,22.626],[72.51,22.63],[72.47,22.579],[72.426,22.572],[72.438,22.5],[72.36,22.45],[72.368,22.406],[72.342,22.385],[72.398,22.355],[72.334,22.2],[72.35,22.127],[72.316,22.147],[72.318,22.181],[72.294,22.202],[72.323,22.123],[72.267,21.972],[72.242,22.05],[72.287,22.074],[72.298,22.063],[72.3,22.109],[72.277,22.091],[72.265,22.105],[72.278,22.08],[72.233,22.054],[72.233,22.018],[72.186,22.02],[72.172,22.042],[72.2,22.004],[72.231,22.008],[72.227,21.989],[72.2,21.985],[72.169,21.997],[72.125,22.057],[72.077,22.061],[72.06,22.105],[72.032,22.124],[72.019,22.104],[71.906,22.125],[71.901,22.105],[71.851,22.095],[71.841,22.131],[71.758,22.133],[71.734,22.182],[71.621,22.219],[71.649,22.247],[71.618,22.279],[71.607,22.338],[71.643,22.399],[71.665,22.382],[71.703,22.396],[71.734,22.361],[71.783,22.361],[71.788,22.394],[71.827,22.393],[71.832,22.356],[71.891,22.419],[71.927,22.378],[71.923,22.449],[71.961,22.469],[71.957,22.489],[71.907,22.483],[71.909,22.517],[71.934,22.538],[71.965,22.533],[71.967,22.509],[72.031,22.506],[72.05,22.444],[72.084,22.437],[72.161,22.479],[72.143,22.514],[72.187,22.542],[72.116,22.599],[72.065,22.594],[72.061,22.651],[72.027,22.679],[72.056,22.694],[72.09,22.676],[72.106,22.72],[72.057,22.747],[72.035,22.843],[72.024,22.791],[71.983,22.856],[72.003,22.923],[71.989,22.949],[72.02,22.992],[72.016,23.056],[71.981,23.069],[71.95,23.04],[71.949,23.066],[71.919,23.075],[71.901,23.11],[71.91,23.181],[71.99,23.216],[71.999,23.249],[71.948,23.242],[71.928,23.269],[71.908,23.265],[71.9,23.225],[71.875,23.227],[71.895,23.333],[71.874,23.383],[71.959,23.393],[71.969,23.467],[72.0,23.504],[72.035,23.505]]],[[[72.214,22.005],[72.214,22.005],[72.214,22.005],[72.214,22.005],[72.213,22.005],[72.213,22.004],[72.213,22.004],[72.213,22.004],[72.213,22.004],[72.213,22.004],[72.212,22.004],[72.212,22.003],[72.213,22.003],[72.213,22.003],[72.213,22.003],[72.213,22.003],[72.214,22.003],[72.214,22.003],[72.214,22.003],[72.214,22.003],[72.215,22.003],[72.215,22.003],[72.215,22.003],[72.215,22.003],[72.215,22.003],[72.215,22.003],[72.216,22.003],[72.216,22.004],[72.216,22.004],[72.216,22.003],[72.216,22.003],[72.216,22.003],[72.216,22.003],[72.216,22.002],[72.215,22.002],[72.215,22.002],[72.215,22.002],[72.215,22.002],[72.214,22.002],[72.214,22.001],[72.213,22.001],[72.213,22.002],[72.213,22.002],[72.213,22.002],[72.213,22.002],[72.213,22.002],[72.212,22.002],[72.212,22.002],[72.212,22.002],[72.212,22.003],[72.212,22.003],[72.212,22.003],[72.211,22.003],[72.211,22.003],[72.21,22.003],[72.21,22.004],[72.211,22.004],[72.211,22.004],[72.211,22.004],[72.211,22.004],[72.212,22.004],[72.212,22.005],[72.212,22.005],[72.212,22.005],[72.212,22.005],[72.212,22.005],[72.212,22.005],[72.212,22.005],[72.214,22.005]]]]}},{"type":"Feature","properties":{"district_id":"GJ_SRT","district_name":"Surat","state_name":"Gujarat","zone":"West Coast","centroid_lat":21.1702,"centroid_lon":72.8311,"elevation_m":13,"census2011_name":"Surat","census2011_state":"Gujarat","census2011_code":"492"},"geometry":{"type":"MultiPolygon","coordinates":[[[[73.08,21.503],[73.104,21.505],[73.121,21.482],[73.274,21.506],[73.324,21.485],[73.348,21.51],[73.453,21.523],[73.491,21.512],[73.48,21.493],[73.494,21.486],[73.655,21.478],[73.69,21.449],[73.7,21.395],[73.673,21.382],[73.537,21.366],[73.527,21.347],[73.51,21.376],[73.456,21.38],[73.437,21.34],[73.443,21.268],[73.367,21.264],[73.373,21.225],[73.284,21.193],[73.274,21.134],[73.236,21.128],[73.254,21.092],[73.198,21.074],[73.207,21.012],[73.241,20.986],[73.213,20.955],[73.318,20.904],[73.296,20.815],[73.258,20.817],[73.249,20.848],[73.198,20.86],[73.167,20.9],[73.126,20.897],[73.127,20.92],[73.094,20.936],[73.085,20.967],[73.007,21.022],[73.01,21.067],[72.993,21.07],[72.996,21.054],[72.964,21.07],[72.919,21.043],[72.894,21.062],[72.845,21.036],[72.8,21.075],[72.698,21.061],[72.721,21.143],[72.681,21.158],[72.662,21.148],[72.652,21.077],[72.625,21.092],[72.618,21.223],[72.653,21.227],[72.61,21.23],[72.589,21.298],[72.636,21.372],[72.648,21.365],[72.623,21.365],[72.625,21.382],[72.697,21.46],[72.781,21.457],[72.793,21.42],[72.872,21.452],[72.872,21.432],[72.906,21.428],[72.953,21.48],[72.943,21.511],[72.985,21.519],[72.989,21.537],[73.019,21.523],[73.026,21.48],[73.053,21.481],[73.039,21.532],[73.056,21.565],[73.08,21.541],[73.08,21.503]]],[[[72.677,21.156],[72.71,21.141],[72.689,21.09],[72.665,21.142],[72.677,21.156]]],[[[72.6,21.387],[72.6,21.384],[72.6,21.384],[72.6,21.379],[72.6,21.379],[72.6,21.378],[72.6,21.378],[72.6,21.378],[72.599,21.378],[72.599,21.377],[72.599,21.377],[72.599,21.377],[72.599,21.377],[72.599,21.377],[72.598,21.377],[72.598,21.377],[72.598,21.377],[72.598,21.376],[72.598,21.376],[72.598,21.376],[72.598,21.376],[72.598,21.376],[72.597,21.376],[72.597,21.375],[72.597,21.375],[72.597,21.375],[72.597,21.375],[72.597,21.375],[72.596,21.375],[72.596,21.375],[72.596,21.375],[72.596,21.374],[72.596,21.374],[72.596,21.374],[72.595,21.374],[72.595,21.374],[72.595,21.374],[72.595,21.373],[72.595,21.373],[72.595,21.373],[72.595,21.373],[72.595,21.373],[72.594,21.373],[72.594,21.373],[72.594,21.373],[72.594,21.372],[72.594,21.372],[72.594,21.372],[72.593,21.372],[72.593,21.372],[72.593,21.372],[72.593,21.372],[72.593,21.372],[72.593,21.371],[72.593,21.371],[72.593,21.371],[72.592,21.371],[72.592,21.371],[72.592,21.371],[72.592,21.37],[72.592,21.37],[72.592,21.37],[72.592,21.37],[72.592,21.37],[72.591,21.37],[72.591,21.37],[72.591,21.37],[72.591,21.369],[72.59,21.369],[72.59,21.369],[72.59,21.369],[72.59,21.369],[72.59,21.369],[72.59,21.368],[72.59,21.368],[72.59,21.368],[72.589,21.368],[72.589,21.368],[72.589,21.368],[72.589,21.368],[72.589,21.368],[72.589,21.367],[72.588,21.367],[72.588,21.368],[72.588,21.368],[72.588,21.368],[72.588,21.368],[72.588,21.368],[72.588,21.368],[72.588,21.368],[72.589,21.368],[72.589,21.369],[72.589,21.369],[72.589,21.369],[72.589,21.369],[72.589,21.369],[72.59,21.369],[72.59,21.37],[72.59,21.37],[72.59,21.37],[72.59,21.37],[72.59,21.37],[72.59,21.37],[72.59,21.371],[72.591,21.371],[72.591,21.371],[72.591,21.371],[72.591,21.371],[72.591,21.371],[72.591,21.372],[72.592,21.372],[72.592,21.372],[72.592,21.372],[72.592,21.372],[72.591,21.372],[72.591,21.372],[72.59,21.372],[72.59,21.373],[72.589,21.373],[72.589,21.373],[72.59,21.373],[72.59,21.373],[72.59,21.373],[72.59,21.374],[72.59,21.374],[72.59,21.374],[72.59,21.374],[72.59,21.375],[72.591,21.375],[72.591,21.375],[72.591,21.375],[72.591,21.376],[72.591,21.376],[72.591,21.376],[72.592,21.376],[72.592,21.377],[72.592,21.377],[72.592,21.377],[72.592,21.377],[72.592,21.378],[72.592,21.378],[72.592,21.378],[72.593,21.378],[72.593,21.379],[72.593,21.379],[72.593,21.379],[72.593,21.379],[72.593,21.38],[72.593,21.38],[72.593,21.38],[72.594,21.38],[72.594,21.381],[72.594,21.381],[72.594,21.381],[72.594,21.381],[72.594,21.381],[72.595,21.381],[72.595,21.382],[72.595,21.382],[72.595,21.382],[72.595,21.382],[72.595,21.382],[72.595,21.382],[72.595,21.383],[72.596,21.383],[72.596,21.383],[72.596,21.383],[72.596,21.383],[72.596,21.383],[72.596,21.384],[72.597,21.384],[72.597,21.384],[72.597,21.384],[72.597,21.385],[72.597,21.385],[72.597,21.385],[72.597,21.385],[72.597,21.385],[72.598,21.385],[72.598,21.386],[72.598,21.386],[72.598,21.386],[72.598,21.386],[72.598,21.387],[72.599,21.387],[72.599,21.387],[72.6,21.387],[72.6,21.387],[72.6,21.387]]],[[[72.628,21.417],[72.628,21.417],[72.628,21.417],[72.628,21.416],[72.628,21.416],[72.628,21.415],[72.628,21.415],[72.628,21.415],[72.628,21.415],[72.628,21.414],[72.627,21.414],[72.627,21.414],[72.627,21.413],[72.627,21.413],[72.627,21.412],[72.627,21.412],[72.627,21.412],[72.627,21.412],[72.627,21.411],[72.626,21.411],[72.626,21.41],[72.626,21.41],[72.626,21.41],[72.626,21.41],[72.626,21.41],[72.625,21.41],[72.625,21.409],[72.625,21.409],[72.625,21.408],[72.625,21.408],[72.625,21.408],[72.625,21.408],[72.625,21.408],[72.624,21.408],[72.624,21.407],[72.624,21.407],[72.624,21.407],[72.624,21.407],[72.624,21.406],[72.623,21.406],[72.623,21.406],[72.623,21.406],[72.623,21.405],[72.623,21.405],[72.623,21.405],[72.623,21.405],[72.623,21.405],[72.622,21.405],[72.622,21.404],[72.622,21.404],[72.622,21.404],[72.622,21.404],[72.622,21.403],[72.622,21.403],[72.622,21.403],[72.621,21.403],[72.621,21.403],[72.621,21.403],[72.621,21.402],[72.62,21.402],[72.62,21.402],[72.62,21.402],[72.62,21.402],[72.62,21.402],[72.62,21.402],[72.62,21.402],[72.62,21.401],[72.619,21.401],[72.619,21.401],[72.619,21.401],[72.619,21.401],[72.618,21.401],[72.618,21.4],[72.618,21.4],[72.618,21.4],[72.618,21.4],[72.618,21.4],[72.617,21.4],[72.617,21.4],[72.617,21.4],[72.617,21.399],[72.617,21.399],[72.617,21.399],[72.617,21.399],[72.617,21.398],[72.616,21.398],[72.616,21.398],[72.616,21.398],[72.616,21.397],[72.616,21.397],[72.616,21.397],[72.615,21.397],[72.615,21.396],[72.615,21.396],[72.615,21.396],[72.615,21.396],[72.615,21.396],[72.613,21.396],[72.613,21.396],[72.612,21.396],[72.612,21.397],[72.612,21.397],[72.612,21.397],[72.612,21.397],[72.612,21.398],[72.613,21.398],[72.613,21.398],[72.613,21.398],[72.613,21.399],[72.613,21.399],[72.613,21.399],[72.613,21.399],[72.613,21.4],[72.614,21.4],[72.614,21.4],[72.614,21.4],[72.614,21.401],[72.614,21.401],[72.614,21.401],[72.615,21.401],[72.615,21.402],[72.615,21.402],[72.615,21.402],[72.615,21.402],[72.615,21.402],[72.615,21.402],[72.615,21.403],[72.616,21.403],[72.616,21.403],[72.616,21.403],[72.616,21.403],[72.616,21.403],[72.616,21.404],[72.617,21.404],[72.617,21.404],[72.617,21.404],[72.617,21.405],[72.617,21.405],[72.617,21.405],[72.617,21.405],[72.617,21.405],[72.618,21.405],[72.618,21.406],[72.618,21.406],[72.618,21.406],[72.618,21.406],[72.618,21.406],[72.619,21.406],[72.619,21.407],[72.619,21.407],[72.619,21.407],[72.62,21.407],[72.62,21.407],[72.62,21.407],[72.62,21.407],[72.62,21.407],[72.62,21.408],[72.621,21.408],[72.621,21.408],[72.621,21.408],[72.621,21.408],[72.621,21.408],[72.621,21.409],[72.622,21.409],[72.622,21.409],[72.622,21.409],[72.622,21.41],[72.622,21.41],[72.622,21.41],[72.622,21.41],[72.622,21.411],[72.623,21.411],[72.623,21.411],[72.623,21.411],[72.623,21.411],[72.623,21.411],[72.623,21.412],[72.623,21.412],[72.623,21.412],[72.624,21.412],[72.624,21.412],[72.624,21.412],[72.624,21.412],[72.624,21.413],[72.624,21.413],[72.624,21.413],[72.625,21.413],[72.625,21.413],[72.625,21.413],[72.625,21.413],[72.625,21.413],[72.626,21.413],[72.626,21.413],[72.626,21.413],[72.626,21.413],[72.626,21.413],[72.626,21.413],[72.626,21.414],[72.627,21.414],[72.627,21.415],[72.627,21.415],[72.627,21.415],[72.627,21.415],[72.627,21.416],[72.627,21.416],[72.627,21.417],[72.628,21.417],[72.628,21.417],[72.628,21.417]]],[[[72.648,21.076],[72.648,21.075],[72.648,21.075],[72.648,21.075],[72.648,21.075],[72.648,21.075],[72.648,21.075],[72.648,21.075],[72.648,21.075],[72.648,21.075],[72.648,21.075],[72.648,21.075],[72.648,21.075],[72.648,21.075],[72.649,21.075],[72.649,21.075],[72.649,21.075],[72.649,21.075],[72.649,21.074],[72.65,21.074],[72.65,21.074],[72.65,21.074],[72.65,21.074],[72.651,21.074],[72.651,21.074],[72.651,21.074],[72.651,21.074],[72.652,21.074],[72.652,21.075],[72.653,21.075],[72.653,21.074],[72.654,21.074],[72.654,21.074],[72.654,21.074],[72.654,21.074],[72.655,21.074],[72.655,21.073],[72.655,21.073],[72.655,21.073],[72.655,21.073],[72.655,21.072],[72.655,21.072],[72.655,21.072],[72.656,21.072],[72.656,21.071],[72.656,21.071],[72.656,21.071],[72.656,21.071],[72.656,21.071],[72.657,21.071],[72.657,21.069],[72.656,21.069],[72.656,21.068],[72.657,21.068],[72.657,21.068],[72.657,21.068],[72.657,21.067],[72.658,21.067],[72.658,21.067],[72.658,21.067],[72.658,21.066],[72.658,21.066],[72.658,21.065],[72.657,21.065],[72.657,21.065],[72.656,21.065],[72.656,21.065],[72.656,21.065],[72.656,21.066],[72.656,21.066],[72.656,21.066],[72.656,21.066],[72.656,21.067],[72.656,21.067],[72.656,21.067],[72.655,21.067],[72.655,21.067],[72.654,21.067],[72.654,21.066],[72.653,21.066],[72.653,21.065],[72.652,21.065],[72.652,21.066],[72.652,21.066],[72.652,21.066],[72.651,21.066],[72.651,21.067],[72.65,21.067],[72.65,21.067],[72.649,21.067],[72.649,21.067],[72.649,21.067],[72.649,21.068],[72.648,21.068],[72.648,21.068],[72.648,21.068],[72.648,21.068],[72.648,21.068],[72.648,21.068],[72.648,21.068],[72.648,21.069],[72.648,21.069],[72.648,21.069],[72.648,21.069],[72.648,21.07],[72.648,21.07],[72.648,21.07],[72.647,21.07],[72.647,21.07],[72.647,21.07],[72.647,21.071],[72.647,21.071],[72.647,21.071],[72.646,21.071],[72.646,21.071],[72.646,21.071],[72.646,21.072],[72.645,21.072],[72.645,21.072],[72.646,21.072],[72.646,21.072],[72.646,21.072],[72.646,21.073],[72.646,21.073],[72.646,21.074],[72.646,21.074],[72.646,21.074],[72.646,21.074],[72.646,21.074],[72.645,21.074],[72.645,21.075],[72.646,21.075],[72.646,21.076],[72.646,21.076],[72.646,21.076],[72.647,21.076],[72.647,21.076],[72.648,21.076]]],[[[72.672,21.115],[72.672,21.114],[72.672,21.114],[72.672,21.113],[72.673,21.113],[72.673,21.113],[72.672,21.113],[72.672,21.108],[72.673,21.108],[72.673,21.106],[72.673,21.106],[72.673,21.104],[72.673,21.104],[72.673,21.103],[72.673,21.103],[72.673,21.103],[72.674,21.103],[72.674,21.102],[72.674,21.102],[72.674,21.102],[72.674,21.102],[72.674,21.101],[72.675,21.101],[72.675,21.101],[72.675,21.101],[72.675,21.101],[72.675,21.101],[72.675,21.1],[72.676,21.1],[72.676,21.1],[72.676,21.1],[72.676,21.099],[72.677,21.099],[72.677,21.098],[72.677,21.098],[72.676,21.098],[72.676,21.098],[72.676,21.098],[72.676,21.097],[72.674,21.097],[72.674,21.098],[72.674,21.098],[72.674,21.098],[72.674,21.098],[72.674,21.099],[72.674,21.099],[72.674,21.099],[72.673,21.099],[72.673,21.099],[72.673,21.099],[72.673,21.1],[72.672,21.1],[72.672,21.1],[72.672,21.1],[72.672,21.1],[72.672,21.1],[72.672,21.1],[72.671,21.1],[72.671,21.101],[72.671,21.101],[72.671,21.101],[72.671,21.101],[72.671,21.102],[72.67,21.102],[72.67,21.103],[72.67,21.103],[72.67,21.103],[72.67,21.103],[72.67,21.105],[72.67,21.105],[72.67,21.105],[72.669,21.105],[72.669,21.105],[72.67,21.105],[72.67,21.108],[72.669,21.108],[72.669,21.109],[72.67,21.109],[72.67,21.111],[72.669,21.111],[72.669,21.111],[72.67,21.111],[72.67,21.112],[72.67,21.112],[72.67,21.113],[72.67,21.113],[72.67,21.114],[72.67,21.114],[72.67,21.115],[72.671,21.115],[72.671,21.115],[72.672,21.115]]],[[[72.702,21.122],[72.702,21.121],[72.702,21.121],[72.702,21.118],[72.703,21.118],[72.703,21.117],[72.703,21.117],[72.703,21.116],[72.703,21.116],[72.703,21.115],[72.703,21.115],[72.703,21.114],[72.703,21.114],[72.703,21.113],[72.702,21.113],[72.702,21.113],[72.702,21.113],[72.702,21.113],[72.702,21.113],[72.702,21.113],[72.701,21.113],[72.701,21.112],[72.7,21.112],[72.7,21.113],[72.699,21.113],[72.699,21.113],[72.699,21.113],[72.699,21.113],[72.699,21.113],[72.699,21.114],[72.698,21.114],[72.698,21.115],[72.698,21.115],[72.698,21.116],[72.698,21.116],[72.698,21.117],[72.698,21.117],[72.698,21.117],[72.698,21.117],[72.698,21.119],[72.698,21.119],[72.698,21.119],[72.699,21.119],[72.699,21.12],[72.699,21.12],[72.699,21.12],[72.699,21.12],[72.699,21.12],[72.7,21.12],[72.7,21.12],[72.7,21.12],[72.7,21.121],[72.7,21.121],[72.7,21.121],[72.701,21.121],[72.701,21.122],[72.701,21.122],[72.701,21.122],[72.702,21.122],[72.702,21.122],[72.702,21.122],[72.702,21.122],[72.702,21.122]]],[[[72.637,21.417],[72.637,21.416],[72.637,21.416],[72.637,21.415],[72.637,21.415],[72.637,21.415],[72.636,21.415],[72.636,21.414],[72.636,21.414],[72.636,21.414],[72.636,21.414],[72.636,21.413],[72.635,21.413],[72.635,21.413],[72.635,21.413],[72.635,21.413],[72.635,21.413],[72.635,21.412],[72.634,21.412],[72.634,21.412],[72.634,21.412],[72.634,21.412],[72.632,21.412],[72.632,21.412],[72.632,21.412],[72.632,21.413],[72.632,21.413],[72.632,21.413],[72.632,21.413],[72.632,21.414],[72.633,21.414],[72.633,21.414],[72.633,21.414],[72.633,21.414],[72.633,21.414],[72.633,21.415],[72.633,21.415],[72.633,21.415],[72.634,21.415],[72.634,21.415],[72.634,21.415],[72.634,21.415],[72.634,21.415],[72.634,21.416],[72.635,21.416],[72.635,21.416],[72.635,21.416],[72.635,21.418],[72.635,21.418],[72.635,21.418],[72.636,21.418],[72.636,21.417],[72.637,21.417],[72.637,21.417],[72.637,21.417]]],[[[72.583,21.365],[72.583,21.365],[72.584,21.365],[72.584,21.365],[72.583,21.365],[72.583,21.364],[72.583,21.364],[72.583,21.363],[72.583,21.363],[72.583,21.362],[72.582,21.362],[72.582,21.362],[72.582,21.362],[72.582,21.362],[72.582,21.362],[72.582,21.362],[72.581,21.362],[72.581,21.361],[72.581,21.361],[72.581,21.361],[72.58,21.361],[72.58,21.361],[72.58,21.361],[72.58,21.36],[72.58,21.36],[72.58,21.36],[72.579,21.36],[72.579,21.36],[72.579,21.36],[72.579,21.361],[72.579,21.361],[72.579,21.362],[72.58,21.362],[72.58,21.364],[72.58,21.364],[72.58,21.365],[72.581,21.365],[72.581,21.365],[72.582,21.365],[72.582,21.365],[72.582,21.365],[72.582,21.365],[72.583,21.365]]],[[[72.588,21.34],[72.588,21.339],[72.588,21.339],[72.588,21.338],[72.588,21.338],[72.588,21.337],[72.587,21.337],[72.587,21.336],[72.586,21.336],[72.586,21.337],[72.586,21.337],[72.586,21.337],[72.585,21.337],[72.585,21.337],[72.586,21.337],[72.586,21.337],[72.586,21.337],[72.586,21.338],[72.586,21.338],[72.586,21.338],[72.587,21.338],[72.587,21.338],[72.587,21.338],[72.587,21.339],[72.587,21.339],[72.587,21.34],[72.588,21.34]]],[[[72.681,21.097],[72.681,21.095],[72.68,21.095],[72.68,21.096],[72.68,21.096],[72.68,21.096],[72.68,21.096],[72.68,21.097],[72.679,21.097],[72.679,21.097],[72.679,21.097],[72.679,21.098],[72.679,21.098],[72.679,21.098],[72.679,21.098],[72.678,21.098],[72.678,21.099],[72.679,21.099],[72.679,21.098],[72.68,21.098],[72.68,21.098],[72.68,21.098],[72.68,21.098],[72.68,21.097],[72.68,21.097],[72.68,21.097],[72.68,21.097],[72.68,21.097],[72.681,21.097]]]]}},{"type":"Feature","properties":{"district_id":"GJ_KCH","district_name":"Kutch (Bhuj)","state_name":"Gujarat","zone":"Northwest","centroid_lat":23.242,"centroid_lon":69.6669,"elevation_m":110,"census2011_name":"Kachchh","census2011_state":"Gujarat","census2011_code":"468"},"geometry":{"type":"MultiPolygon","coordinates":[[[[71.307,24.555],[71.267,24.545],[71.26,24.512],[71.349,24.518],[71.329,24.443],[71.351,24.433],[71.33,24.395],[71.382,24.393],[71.395,24.349],[71.322,24.322],[71.306,24.304],[71.312,24.255],[71.29,24.261],[71.339,24.182],[71.372,24.19],[71.323,24.148],[71.29,24.176],[71.276,24.162],[71.29,24.153],[71.279,24.134],[71.337,24.133],[71.343,24.119],[71.316,24.07],[71.328,24.049],[71.286,23.998],[71.316,23.982],[71.29,23.947],[71.295,23.927],[71.212,23.931],[71.1,23.901],[71.061,23.803],[71.043,23.798],[71.069,23.69],[71.034,23.649],[71.085,23.599],[71.09,23.622],[71.139,23.629],[71.137,23.661],[71.178,23.711],[71.147,23.73],[71.174,23.739],[71.214,23.728],[71.228,23.657],[71.378,23.65],[71.393,23.604],[71.422,23.628],[71.422,23.567],[71.47,23.557],[71.449,23.539],[71.448,23.472],[71.518,23.528],[71.509,23.475],[71.533,23.482],[71.531,23.467],[71.586,23.453],[71.585,23.363],[71.625,23.357],[71.645,23.332],[71.633,23.308],[71.669,23.294],[71.618,23.229],[71.626,23.204],[71.676,23.172],[71.714,23.177],[71.71,23.15],[71.643,23.174],[71.621,23.162],[71.625,23.145],[71.594,23.137],[71.534,23.166],[71.453,23.145],[71.359,23.179],[71.336,23.167],[71.318,23.188],[71.312,23.169],[71.3,23.184],[71.28,23.172],[71.284,23.155],[71.221,23.148],[71.193,23.191],[71.159,23.182],[71.138,23.209],[71.07,23.175],[70.986,23.174],[70.962,23.156],[70.956,23.173],[70.964,23.136],[70.945,23.131],[70.929,23.16],[70.89,23.159],[70.901,23.133],[70.875,23.121],[70.875,23.137],[70.825,23.155],[70.856,23.128],[70.824,23.079],[70.817,23.162],[70.786,23.15],[70.79,23.164],[70.764,23.167],[70.756,23.139],[70.599,23.06],[70.601,23.035],[70.563,23.031],[70.541,22.959],[70.438,22.967],[70.475,23.022],[70.485,23.077],[70.396,23.025],[70.387,22.949],[70.351,22.931],[70.238,22.98],[70.227,22.966],[70.199,22.993],[70.225,22.96],[70.162,22.943],[70.12,22.965],[70.141,23.013],[70.112,22.972],[70.127,22.947],[70.091,22.953],[70.1,22.938],[70.139,22.941],[70.132,22.925],[69.802,22.851],[69.752,22.82],[69.703,22.728],[69.662,22.757],[69.667,22.777],[69.659,22.757],[69.643,22.766],[69.634,22.795],[69.641,22.767],[69.601,22.758],[69.555,22.792],[69.47,22.774],[69.356,22.829],[69.191,22.841],[68.815,23.067],[68.759,23.08],[68.585,23.222],[68.599,23.24],[68.601,23.218],[68.631,23.213],[68.64,23.222],[68.619,23.22],[68.604,23.243],[68.64,23.245],[68.672,23.27],[68.641,23.267],[68.63,23.295],[68.695,23.31],[68.659,23.303],[68.668,23.325],[68.65,23.304],[68.625,23.339],[68.633,23.352],[68.6,23.385],[68.603,23.359],[68.581,23.39],[68.571,23.375],[68.56,23.419],[68.536,23.421],[68.516,23.475],[68.523,23.447],[68.502,23.465],[68.502,23.492],[68.519,23.489],[68.492,23.501],[68.489,23.635],[68.501,23.657],[68.539,23.662],[68.52,23.655],[68.525,23.691],[68.633,23.758],[68.666,23.808],[68.743,23.837],[68.723,23.831],[68.737,23.843],[68.725,23.848],[68.761,23.875],[68.66,23.858],[68.637,23.836],[68.604,23.85],[68.533,23.756],[68.515,23.785],[68.537,23.815],[68.526,23.802],[68.515,23.824],[68.547,23.836],[68.573,23.881],[68.663,23.917],[68.62,23.907],[68.622,23.927],[68.596,23.942],[68.588,23.922],[68.559,23.924],[68.537,23.947],[68.545,23.967],[68.753,23.967],[68.771,24.298],[68.828,24.317],[68.851,24.221],[68.868,24.212],[68.903,24.275],[68.943,24.302],[69.005,24.223],[69.092,24.272],[69.193,24.238],[69.309,24.281],[69.484,24.268],[69.588,24.291],[69.73,24.172],[70.016,24.17],[70.066,24.198],[70.109,24.295],[70.372,24.354],[70.574,24.422],[70.6,24.408],[70.56,24.352],[70.576,24.252],[70.67,24.22],[70.783,24.221],[70.905,24.26],[70.874,24.297],[70.949,24.353],[70.988,24.367],[71.037,24.353],[71.122,24.407],[71.109,24.437],[70.997,24.448],[71.005,24.529],[70.989,24.591],[71.011,24.637],[71.098,24.687],[71.289,24.613],[71.313,24.588],[71.307,24.555]]],[[[68.358,23.805],[68.398,23.785],[68.426,23.795],[68.399,23.751],[68.417,23.76],[68.418,23.724],[68.39,23.654],[68.375,23.643],[68.39,23.686],[68.347,23.598],[68.315,23.583],[68.274,23.592],[68.293,23.6],[68.278,23.631],[68.307,23.631],[68.277,23.633],[68.264,23.602],[68.242,23.606],[68.25,23.591],[68.221,23.59],[68.226,23.607],[68.197,23.597],[68.186,23.624],[68.205,23.648],[68.312,23.65],[68.231,23.643],[68.27,23.65],[68.318,23.718],[68.334,23.711],[68.358,23.805]]],[[[68.358,23.975],[68.433,23.96],[68.409,23.924],[68.347,23.904],[68.337,23.819],[68.321,23.807],[68.304,23.825],[68.266,23.793],[68.254,23.719],[68.267,23.692],[68.238,23.681],[68.193,23.731],[68.234,23.775],[68.218,23.781],[68.213,23.835],[68.245,23.854],[68.26,23.825],[68.287,23.839],[68.25,23.849],[68.258,23.871],[68.305,23.866],[68.318,23.88],[68.302,23.867],[68.261,23.887],[68.283,23.92],[68.338,23.92],[68.358,23.975]]],[[[68.444,23.968],[68.498,23.967],[68.519,23.938],[68.506,23.942],[68.518,23.924],[68.505,23.908],[68.467,23.895],[68.472,23.862],[68.443,23.848],[68.428,23.862],[68.453,23.88],[68.463,23.932],[68.428,23.937],[68.444,23.968]]],[[[68.396,23.878],[68.439,23.839],[68.427,23.81],[68.412,23.821],[68.405,23.793],[68.38,23.838],[68.402,23.79],[68.355,23.811],[68.33,23.787],[68.344,23.839],[68.396,23.878]]],[[[68.497,23.831],[68.52,23.818],[68.512,23.789],[68.498,23.795],[68.522,23.775],[68.517,23.755],[68.49,23.76],[68.507,23.748],[68.488,23.737],[68.465,23.775],[68.477,23.741],[68.437,23.739],[68.457,23.774],[68.448,23.807],[68.497,23.831]]],[[[68.449,23.938],[68.442,23.87],[68.42,23.871],[68.422,23.895],[68.417,23.872],[68.377,23.877],[68.35,23.846],[68.368,23.891],[68.353,23.884],[68.353,23.901],[68.449,23.938]]],[[[68.308,23.824],[68.324,23.734],[68.291,23.728],[68.286,23.755],[68.295,23.723],[68.274,23.701],[68.257,23.716],[68.268,23.772],[68.308,23.824]]],[[[68.535,23.946],[68.589,23.917],[68.517,23.857],[68.502,23.875],[68.491,23.866],[68.486,23.89],[68.526,23.893],[68.514,23.905],[68.538,23.918],[68.535,23.946]]],[[[68.473,23.48],[68.495,23.456],[68.485,23.403],[68.458,23.418],[68.475,23.46],[68.43,23.431],[68.418,23.44],[68.421,23.42],[68.412,23.443],[68.435,23.44],[68.473,23.48]]],[[[68.558,23.314],[68.574,23.294],[68.588,23.295],[68.582,23.31],[68.612,23.297],[68.615,23.272],[68.572,23.261],[68.574,23.245],[68.541,23.266],[68.541,23.285],[68.568,23.281],[68.558,23.314]]],[[[68.485,23.593],[68.481,23.561],[68.43,23.508],[68.435,23.557],[68.485,23.593]]],[[[68.572,23.374],[68.609,23.364],[68.619,23.329],[68.572,23.374]]],[[[68.248,23.88],[68.234,23.843],[68.216,23.848],[68.216,23.867],[68.248,23.88]]],[[[70.448,23.052],[70.414,22.99],[70.415,23.019],[70.448,23.052]]],[[[68.456,23.625],[68.467,23.601],[68.44,23.587],[68.435,23.616],[68.456,23.625]]],[[[68.506,23.342],[68.538,23.318],[68.502,23.324],[68.506,23.342]]],[[[68.485,23.628],[68.491,23.604],[68.468,23.593],[68.485,23.628]]],[[[68.543,23.404],[68.567,23.376],[68.556,23.36],[68.546,23.397],[68.528,23.391],[68.543,23.404]]],[[[68.588,23.319],[68.588,23.319],[68.59,23.319],[68.59,23.318],[68.591,23.318],[68.591,23.318],[68.591,23.318],[68.591,23.318],[68.591,23.318],[68.591,23.318],[68.591,23.317],[68.592,23.317],[68.592,23.317],[68.592,23.317],[68.592,23.316],[68.593,23.316],[68.593,23.315],[68.593,23.315],[68.593,23.315],[68.594,23.315],[68.594,23.315],[68.595,23.315],[68.595,23.315],[68.597,23.315],[68.597,23.315],[68.597,23.315],[68.597,23.316],[68.597,23.316],[68.597,23.316],[68.598,23.316],[68.598,23.316],[68.6,23.316],[68.6,23.315],[68.601,23.315],[68.601,23.315],[68.602,23.315],[68.602,23.315],[68.602,23.315],[68.602,23.315],[68.603,23.315],[68.603,23.314],[68.603,23.314],[68.603,23.314],[68.604,23.314],[68.604,23.313],[68.604,23.313],[68.604,23.313],[68.605,23.313],[68.605,23.312],[68.605,23.312],[68.605,23.312],[68.605,23.312],[68.605,23.312],[68.606,23.312],[68.606,23.312],[68.606,23.312],[68.606,23.311],[68.606,23.311],[68.606,23.311],[68.607,23.311],[68.607,23.311],[68.607,23.311],[68.607,23.31],[68.607,23.31],[68.607,23.31],[68.608,23.31],[68.608,23.31],[68.609,23.31],[68.609,23.31],[68.608,23.31],[68.608,23.311],[68.608,23.311],[68.608,23.312],[68.608,23.312],[68.608,23.312],[68.607,23.312],[68.607,23.312],[68.607,23.312],[68.607,23.312],[68.606,23.312],[68.606,23.313],[68.605,23.313],[68.605,23.314],[68.605,23.314],[68.605,23.315],[68.605,23.315],[68.605,23.315],[68.606,23.315],[68.606,23.316],[68.606,23.316],[68.606,23.317],[68.608,23.317],[68.608,23.317],[68.609,23.317],[68.609,23.317],[68.61,23.317],[68.61,23.316],[68.609,23.316],[68.609,23.316],[68.609,23.316],[68.609,23.316],[68.609,23.316],[68.609,23.315],[68.608,23.315],[68.608,23.315],[68.608,23.315],[68.608,23.315],[68.608,23.315],[68.608,23.314],[68.609,23.314],[68.609,23.313],[68.609,23.313],[68.609,23.313],[68.609,23.313],[68.609,23.313],[68.61,23.313],[68.61,23.312],[68.61,23.312],[68.61,23.312],[68.61,23.312],[68.61,23.311],[68.61,23.311],[68.61,23.31],[68.611,23.31],[68.611,23.31],[68.611,23.31],[68.611,23.31],[68.612,23.31],[68.612,23.309],[68.612,23.309],[68.612,23.309],[68.612,23.309],[68.612,23.309],[68.612,23.309],[68.612,23.308],[68.613,23.308],[68.613,23.308],[68.613,23.308],[68.613,23.308],[68.613,23.308],[68.613,23.307],[68.613,23.307],[68.613,23.307],[68.614,23.307],[68.614,23.306],[68.614,23.306],[68.614,23.306],[68.614,23.306],[68.614,23.306],[68.614,23.305],[68.615,23.305],[68.615,23.305],[68.615,23.305],[68.615,23.304],[68.615,23.304],[68.615,23.304],[68.615,23.304],[68.615,23.303],[68.616,23.303],[68.616,23.303],[68.616,23.303],[68.616,23.302],[68.617,23.302],[68.617,23.303],[68.617,23.303],[68.617,23.303],[68.617,23.303],[68.617,23.302],[68.618,23.302],[68.618,23.302],[68.618,23.302],[68.618,23.301],[68.618,23.301],[68.618,23.301],[68.618,23.301],[68.618,23.3],[68.619,23.3],[68.619,23.299],[68.618,23.299],[68.618,23.299],[68.618,23.299],[68.618,23.299],[68.618,23.299],[68.618,23.298],[68.617,23.298],[68.617,23.298],[68.617,23.298],[68.617,23.298],[68.617,23.298],[68.617,23.298],[68.616,23.298],[68.616,23.297],[68.616,23.297],[68.616,23.298],[68.615,23.298],[68.615,23.298],[68.615,23.298],[68.615,23.298],[68.614,23.298],[68.614,23.298],[68.613,23.298],[68.613,23.299],[68.613,23.299],[68.613,23.299],[68.612,23.299],[68.612,23.299],[68.612,23.299],[68.612,23.3],[68.61,23.3],[68.61,23.299],[68.609,23.299],[68.609,23.3],[68.608,23.3],[68.608,23.3],[68.607,23.3],[68.607,23.3],[68.606,23.3],[68.606,23.3],[68.605,23.3],[68.605,23.301],[68.605,23.301],[68.605,23.301],[68.605,23.301],[68.603,23.301],[68.603,23.301],[68.6,23.301],[68.6,23.302],[68.6,23.302],[68.6,23.302],[68.599,23.302],[68.599,23.302],[68.598,23.302],[68.598,23.302],[68.598,23.302],[68.598,23.303],[68.598,23.303],[68.598,23.303],[68.598,23.303],[68.598,23.303],[68.597,23.303],[68.597,23.304],[68.597,23.304],[68.597,23.304],[68.597,23.304],[68.597,23.304],[68.597,23.304],[68.597,23.305],[68.598,23.305],[68.598,23.305],[68.598,23.305],[68.598,23.305],[68.598,23.305],[68.598,23.305],[68.597,23.305],[68.597,23.305],[68.597,23.305],[68.597,23.305],[68.595,23.305],[68.595,23.305],[68.595,23.305],[68.595,23.305],[68.594,23.305],[68.594,23.305],[68.594,23.305],[68.594,23.305],[68.594,23.305],[68.594,23.307],[68.594,23.307],[68.594,23.307],[68.594,23.307],[68.594,23.308],[68.594,23.308],[68.594,23.309],[68.594,23.309],[68.594,23.31],[68.593,23.31],[68.593,23.309],[68.593,23.309],[68.593,23.31],[68.592,23.31],[68.592,23.31],[68.591,23.31],[68.591,23.31],[68.59,23.31],[68.59,23.31],[68.59,23.31],[68.59,23.311],[68.59,23.311],[68.59,23.311],[68.589,23.311],[68.589,23.311],[68.588,23.311],[68.588,23.312],[68.588,23.312],[68.588,23.312],[68.588,23.312],[68.588,23.312],[68.587,23.312],[68.587,23.312],[68.587,23.312],[68.587,23.313],[68.587,23.313],[68.587,23.313],[68.586,23.313],[68.586,23.313],[68.586,23.313],[68.586,23.313],[68.586,23.313],[68.586,23.314],[68.585,23.314],[68.585,23.314],[68.585,23.314],[68.585,23.314],[68.584,23.314],[68.584,23.315],[68.583,23.315],[68.583,23.315],[68.583,23.315],[68.583,23.315],[68.583,23.315],[68.583,23.316],[68.583,23.316],[68.583,23.316],[68.583,23.316],[68.583,23.317],[68.583,23.317],[68.583,23.317],[68.583,23.317],[68.583,23.317],[68.584,23.317],[68.584,23.318],[68.584,23.318],[68.584,23.318],[68.585,23.318],[68.585,23.318],[68.586,23.318],[68.586,23.318],[68.587,23.318],[68.587,23.319],[68.587,23.319],[68.587,23.319],[68.587,23.319],[68.588,23.319]]],[[[70.482,23.065],[70.482,23.065],[70.483,23.065],[70.483,23.064],[70.482,23.064],[70.482,23.063],[70.482,23.063],[70.482,23.062],[70.482,23.062],[70.482,23.062],[70.482,23.062],[70.482,23.061],[70.481,23.061],[70.481,23.061],[70.481,23.061],[70.481,23.06],[70.481,23.06],[70.481,23.06],[70.48,23.06],[70.48,23.06],[70.48,23.06],[70.48,23.059],[70.48,23.059],[70.48,23.059],[70.48,23.059],[70.48,23.059],[70.479,23.059],[70.479,23.058],[70.479,23.058],[70.479,23.058],[70.479,23.058],[70.479,23.058],[70.478,23.058],[70.478,23.057],[70.478,23.057],[70.478,23.057],[70.478,23.057],[70.478,23.057],[70.477,23.057],[70.477,23.057],[70.477,23.057],[70.477,23.056],[70.477,23.056],[70.477,23.056],[70.476,23.056],[70.476,23.056],[70.476,23.056],[70.476,23.055],[70.475,23.055],[70.475,23.055],[70.475,23.055],[70.475,23.055],[70.475,23.055],[70.475,23.055],[70.474,23.055],[70.474,23.054],[70.474,23.054],[70.474,23.054],[70.473,23.054],[70.473,23.054],[70.473,23.054],[70.473,23.053],[70.473,23.053],[70.473,23.053],[70.472,23.053],[70.472,23.053],[70.472,23.053],[70.472,23.053],[70.472,23.053],[70.472,23.052],[70.472,23.052],[70.472,23.052],[70.471,23.052],[70.471,23.052],[70.471,23.052],[70.471,23.052],[70.47,23.052],[70.47,23.051],[70.47,23.051],[70.47,23.051],[70.47,23.051],[70.47,23.051],[70.469,23.051],[70.469,23.05],[70.469,23.05],[70.469,23.05],[70.469,23.05],[70.469,23.05],[70.468,23.05],[70.468,23.05],[70.468,23.05],[70.468,23.049],[70.468,23.049],[70.468,23.049],[70.467,23.049],[70.467,23.049],[70.467,23.049],[70.467,23.048],[70.467,23.048],[70.467,23.048],[70.466,23.048],[70.466,23.048],[70.466,23.048],[70.466,23.048],[70.465,23.048],[70.465,23.047],[70.465,23.047],[70.465,23.047],[70.465,23.047],[70.465,23.047],[70.465,23.047],[70.465,23.047],[70.464,23.047],[70.464,23.046],[70.464,23.046],[70.464,23.046],[70.464,23.046],[70.464,23.046],[70.463,23.046],[70.463,23.045],[70.463,23.045],[70.463,23.045],[70.463,23.045],[70.463,23.045],[70.463,23.045],[70.463,23.045],[70.462,23.045],[70.462,23.044],[70.462,23.044],[70.462,23.044],[70.462,23.044],[70.462,23.044],[70.462,23.044],[70.462,23.043],[70.461,23.043],[70.461,23.043],[70.461,23.043],[70.461,23.043],[70.461,23.043],[70.461,23.043],[70.46,23.043],[70.46,23.043],[70.46,23.043],[70.46,23.043],[70.46,23.043],[70.46,23.044],[70.46,23.044],[70.46,23.041],[70.459,23.041],[70.459,23.041],[70.459,23.041],[70.459,23.04],[70.459,23.04],[70.459,23.04],[70.458,23.04],[70.458,23.039],[70.458,23.039],[70.458,23.039],[70.458,23.039],[70.458,23.039],[70.458,23.039],[70.458,23.038],[70.457,23.038],[70.457,23.038],[70.457,23.038],[70.457,23.037],[70.457,23.037],[70.457,23.037],[70.457,23.037],[70.457,23.036],[70.456,23.036],[70.456,23.036],[70.456,23.036],[70.456,23.035],[70.456,23.035],[70.456,23.035],[70.455,23.035],[70.455,23.034],[70.455,23.034],[70.455,23.034],[70.455,23.034],[70.455,23.034],[70.455,23.033],[70.455,23.033],[70.455,23.033],[70.454,23.033],[70.454,23.032],[70.454,23.032],[70.454,23.032],[70.454,23.032],[70.454,23.032],[70.453,23.032],[70.453,23.031],[70.453,23.031],[70.453,23.03],[70.453,23.03],[70.453,23.029],[70.453,23.029],[70.453,23.028],[70.452,23.028],[70.452,23.028],[70.452,23.028],[70.452,23.027],[70.452,23.027],[70.452,23.027],[70.452,23.027],[70.452,23.026],[70.451,23.026],[70.451,23.026],[70.451,23.026],[70.451,23.026],[70.45,23.026],[70.45,23.025],[70.449,23.025],[70.449,23.025],[70.446,23.025],[70.446,23.026],[70.447,23.026],[70.447,23.027],[70.447,23.027],[70.447,23.028],[70.447,23.028],[70.447,23.028],[70.447,23.028],[70.447,23.029],[70.448,23.029],[70.448,23.03],[70.448,23.03],[70.448,23.031],[70.448,23.031],[70.448,23.031],[70.448,23.031],[70.448,23.032],[70.449,23.032],[70.449,23.032],[70.449,23.032],[70.449,23.033],[70.449,23.033],[70.449,23.033],[70.45,23.033],[70.45,23.034],[70.45,23.034],[70.45,23.035],[70.45,23.035],[70.45,23.035],[70.45,23.035],[70.45,23.036],[70.451,23.036],[70.451,23.037],[70.451,23.037],[70.451,23.037],[70.451,23.037],[70.451,23.038],[70.452,23.038],[70.452,23.038],[70.452,23.038],[70.452,23.039],[70.452,23.039],[70.452,23.039],[70.452,23.04],[70.452,23.04],[70.452,23.041],[70.453,23.041],[70.453,23.042],[70.453,23.042],[70.453,23.042],[70.453,23.042],[70.453,23.043],[70.453,23.043],[70.453,23.043],[70.454,23.043],[70.454,23.044],[70.454,23.044],[70.454,23.044],[70.454,23.044],[70.454,23.045],[70.455,23.045],[70.455,23.045],[70.455,23.045],[70.455,23.045],[70.455,23.045],[70.455,23.046],[70.455,23.046],[70.455,23.046],[70.456,23.046],[70.456,23.047],[70.456,23.047],[70.456,23.047],[70.456,23.047],[70.456,23.047],[70.457,23.047],[70.457,23.048],[70.457,23.048],[70.457,23.048],[70.457,23.048],[70.457,23.048],[70.457,23.048],[70.457,23.049],[70.458,23.049],[70.458,23.049],[70.458,23.049],[70.458,23.049],[70.458,23.049],[70.458,23.05],[70.459,23.05],[70.459,23.049],[70.459,23.049],[70.459,23.048],[70.46,23.048],[70.46,23.047],[70.46,23.047],[70.46,23.048],[70.46,23.048],[70.46,23.05],[70.459,23.05],[70.459,23.05],[70.46,23.05],[70.46,23.05],[70.46,23.05],[70.46,23.051],[70.46,23.051],[70.46,23.052],[70.46,23.052],[70.46,23.052],[70.461,23.052],[70.461,23.052],[70.461,23.052],[70.461,23.053],[70.461,23.053],[70.461,23.053],[70.462,23.053],[70.462,23.053],[70.462,23.053],[70.462,23.054],[70.462,23.054],[70.462,23.054],[70.462,23.054],[70.462,23.054],[70.463,23.054],[70.463,23.055],[70.463,23.055],[70.463,23.055],[70.463,23.055],[70.463,23.055],[70.464,23.055],[70.464,23.055],[70.464,23.055],[70.464,23.056],[70.464,23.056],[70.464,23.056],[70.465,23.056],[70.465,23.056],[70.465,23.056],[70.465,23.057],[70.466,23.057],[70.466,23.057],[70.466,23.057],[70.466,23.057],[70.467,23.057],[70.467,23.057],[70.467,23.057],[70.467,23.058],[70.469,23.058],[70.469,23.058],[70.469,23.058],[70.469,23.058],[70.469,23.058],[70.47,23.058],[70.47,23.058],[70.47,23.058],[70.47,23.059],[70.47,23.059],[70.47,23.059],[70.471,23.059],[70.471,23.059],[70.471,23.059],[70.471,23.06],[70.471,23.06],[70.471,23.06],[70.472,23.06],[70.472,23.06],[70.472,23.06],[70.472,23.061],[70.472,23.061],[70.472,23.061],[70.473,23.061],[70.473,23.061],[70.473,23.061],[70.473,23.062],[70.474,23.062],[70.474,23.062],[70.475,23.062],[70.475,23.062],[70.475,23.062],[70.475,23.062],[70.475,23.062],[70.475,23.063],[70.476,23.063],[70.476,23.063],[70.476,23.063],[70.476,23.063],[70.477,23.063],[70.477,23.063],[70.477,23.063],[70.477,23.064],[70.478,23.064],[70.478,23.064],[70.478,23.064],[70.478,23.064],[70.479,23.064],[70.479,23.065],[70.48,23.065],[70.48,23.065],[70.481,23.065],[70.481,23.065],[70.482,23.065],[70.482,23.065],[70.482,23.065]]],[[[68.507,23.457],[68.526,23.436],[68.513,23.448],[68.503,23.429],[68.507,23.457]]],[[[68.458,23.6],[68.458,23.6],[68.462,23.6],[68.462,23.6],[68.463,23.6],[68.463,23.6],[68.463,23.6],[68.463,23.599],[68.464,23.599],[68.464,23.599],[68.465,23.599],[68.465,23.599],[68.465,23.599],[68.465,23.598],[68.466,23.598],[68.466,23.598],[68.466,23.598],[68.466,23.598],[68.466,23.598],[68.466,23.595],[68.467,23.595],[68.467,23.593],[68.467,23.593],[68.467,23.593],[68.467,23.593],[68.467,23.593],[68.467,23.593],[68.467,23.592],[68.468,23.592],[68.468,23.592],[68.467,23.592],[68.467,23.592],[68.467,23.592],[68.467,23.591],[68.467,23.591],[68.467,23.59],[68.467,23.59],[68.467,23.59],[68.466,23.59],[68.466,23.59],[68.466,23.59],[68.466,23.589],[68.466,23.589],[68.466,23.589],[68.465,23.589],[68.465,23.588],[68.465,23.588],[68.465,23.588],[68.465,23.588],[68.465,23.587],[68.465,23.587],[68.465,23.587],[68.464,23.587],[68.464,23.586],[68.464,23.586],[68.464,23.586],[68.463,23.586],[68.463,23.585],[68.463,23.585],[68.463,23.585],[68.463,23.585],[68.463,23.585],[68.463,23.585],[68.463,23.585],[68.462,23.585],[68.462,23.584],[68.462,23.584],[68.462,23.584],[68.462,23.584],[68.462,23.583],[68.462,23.583],[68.462,23.582],[68.461,23.582],[68.461,23.582],[68.462,23.582],[68.462,23.58],[68.462,23.58],[68.462,23.579],[68.462,23.579],[68.462,23.579],[68.462,23.579],[68.462,23.578],[68.463,23.578],[68.463,23.578],[68.462,23.578],[68.462,23.577],[68.462,23.577],[68.462,23.577],[68.462,23.577],[68.462,23.577],[68.461,23.577],[68.461,23.576],[68.461,23.576],[68.461,23.576],[68.459,23.576],[68.459,23.576],[68.458,23.576],[68.458,23.575],[68.457,23.575],[68.457,23.575],[68.457,23.575],[68.457,23.575],[68.455,23.575],[68.455,23.575],[68.454,23.575],[68.454,23.575],[68.453,23.575],[68.453,23.575],[68.452,23.575],[68.452,23.575],[68.452,23.575],[68.452,23.574],[68.452,23.574],[68.452,23.574],[68.452,23.574],[68.452,23.573],[68.451,23.573],[68.451,23.573],[68.45,23.573],[68.45,23.574],[68.45,23.574],[68.45,23.574],[68.449,23.574],[68.449,23.574],[68.448,23.574],[68.448,23.575],[68.448,23.575],[68.448,23.575],[68.447,23.575],[68.447,23.575],[68.447,23.575],[68.447,23.575],[68.447,23.575],[68.447,23.576],[68.446,23.576],[68.446,23.576],[68.446,23.576],[68.446,23.576],[68.445,23.576],[68.445,23.577],[68.445,23.577],[68.445,23.577],[68.445,23.577],[68.445,23.577],[68.445,23.577],[68.445,23.578],[68.444,23.578],[68.444,23.578],[68.445,23.578],[68.445,23.579],[68.445,23.579],[68.445,23.579],[68.445,23.579],[68.445,23.58],[68.446,23.58],[68.446,23.58],[68.446,23.58],[68.446,23.581],[68.447,23.581],[68.447,23.581],[68.447,23.581],[68.447,23.581],[68.448,23.581],[68.448,23.58],[68.45,23.58],[68.45,23.58],[68.45,23.58],[68.45,23.579],[68.45,23.579],[68.45,23.578],[68.45,23.578],[68.45,23.577],[68.451,23.577],[68.451,23.577],[68.452,23.577],[68.452,23.578],[68.453,23.578],[68.453,23.578],[68.453,23.578],[68.453,23.578],[68.453,23.578],[68.453,23.579],[68.454,23.579],[68.454,23.58],[68.454,23.58],[68.454,23.58],[68.454,23.58],[68.454,23.581],[68.455,23.581],[68.455,23.581],[68.455,23.581],[68.455,23.582],[68.455,23.582],[68.455,23.582],[68.455,23.582],[68.455,23.583],[68.456,23.583],[68.456,23.584],[68.456,23.584],[68.456,23.585],[68.457,23.585],[68.457,23.586],[68.457,23.586],[68.457,23.587],[68.457,23.587],[68.457,23.588],[68.457,23.588],[68.457,23.588],[68.455,23.588],[68.455,23.588],[68.454,23.588],[68.454,23.588],[68.453,23.588],[68.453,23.588],[68.453,23.588],[68.453,23.591],[68.453,23.591],[68.453,23.592],[68.453,23.592],[68.453,23.592],[68.453,23.592],[68.453,23.592],[68.453,23.592],[68.453,23.593],[68.452,23.593],[68.452,23.593],[68.453,23.593],[68.453,23.594],[68.452,23.594],[68.452,23.595],[68.453,23.595],[68.453,23.596],[68.453,23.596],[68.453,23.596],[68.453,23.596],[68.453,23.597],[68.453,23.597],[68.453,23.598],[68.454,23.598],[68.454,23.599],[68.454,23.599],[68.454,23.599],[68.454,23.599],[68.454,23.6],[68.455,23.6],[68.455,23.6],[68.455,23.6],[68.455,23.6],[68.456,23.6],[68.456,23.6],[68.458,23.6]]],[[[68.479,23.555],[68.479,23.555],[68.48,23.555],[68.48,23.554],[68.48,23.554],[68.48,23.554],[68.481,23.554],[68.481,23.554],[68.481,23.554],[68.481,23.554],[68.481,23.554],[68.481,23.553],[68.482,23.553],[68.482,23.551],[68.481,23.551],[68.481,23.55],[68.481,23.55],[68.481,23.549],[68.479,23.549],[68.479,23.548],[68.48,23.548],[68.48,23.546],[68.48,23.546],[68.48,23.545],[68.479,23.545],[68.479,23.545],[68.479,23.545],[68.479,23.543],[68.478,23.543],[68.478,23.543],[68.478,23.543],[68.478,23.543],[68.477,23.543],[68.477,23.543],[68.476,23.543],[68.476,23.543],[68.477,23.543],[68.477,23.542],[68.477,23.542],[68.477,23.542],[68.477,23.542],[68.477,23.542],[68.477,23.542],[68.477,23.541],[68.477,23.541],[68.477,23.54],[68.477,23.54],[68.477,23.54],[68.476,23.54],[68.476,23.539],[68.476,23.539],[68.476,23.539],[68.476,23.539],[68.476,23.539],[68.475,23.539],[68.475,23.538],[68.475,23.538],[68.475,23.538],[68.474,23.538],[68.474,23.538],[68.474,23.538],[68.474,23.538],[68.474,23.538],[68.474,23.538],[68.473,23.538],[68.473,23.538],[68.472,23.538],[68.472,23.538],[68.472,23.538],[68.472,23.539],[68.471,23.539],[68.471,23.538],[68.47,23.538],[68.47,23.539],[68.47,23.539],[68.47,23.538],[68.469,23.538],[68.469,23.538],[68.469,23.538],[68.469,23.538],[68.468,23.538],[68.468,23.537],[68.468,23.537],[68.468,23.537],[68.467,23.537],[68.467,23.537],[68.467,23.537],[68.467,23.537],[68.467,23.537],[68.467,23.536],[68.466,23.536],[68.466,23.536],[68.466,23.536],[68.466,23.536],[68.465,23.536],[68.465,23.535],[68.465,23.535],[68.465,23.535],[68.464,23.535],[68.464,23.536],[68.464,23.536],[68.464,23.535],[68.463,23.535],[68.463,23.535],[68.463,23.535],[68.463,23.535],[68.463,23.535],[68.463,23.534],[68.463,23.534],[68.463,23.534],[68.463,23.534],[68.463,23.533],[68.462,23.533],[68.462,23.533],[68.462,23.533],[68.462,23.533],[68.461,23.533],[68.461,23.532],[68.461,23.532],[68.461,23.532],[68.46,23.532],[68.46,23.532],[68.46,23.532],[68.46,23.531],[68.46,23.531],[68.46,23.531],[68.459,23.531],[68.459,23.531],[68.459,23.531],[68.459,23.531],[68.458,23.531],[68.458,23.531],[68.457,23.531],[68.457,23.53],[68.457,23.53],[68.457,23.53],[68.456,23.53],[68.456,23.53],[68.455,23.53],[68.455,23.53],[68.455,23.53],[68.455,23.53],[68.454,23.53],[68.454,23.529],[68.454,23.529],[68.454,23.529],[68.453,23.529],[68.453,23.53],[68.453,23.53],[68.453,23.53],[68.454,23.53],[68.454,23.531],[68.454,23.531],[68.454,23.531],[68.455,23.531],[68.455,23.531],[68.456,23.531],[68.456,23.532],[68.457,23.532],[68.457,23.532],[68.457,23.532],[68.457,23.532],[68.458,23.532],[68.458,23.533],[68.457,23.533],[68.457,23.533],[68.458,23.533],[68.458,23.534],[68.458,23.534],[68.458,23.532],[68.459,23.532],[68.459,23.532],[68.459,23.532],[68.459,23.533],[68.459,23.533],[68.459,23.533],[68.46,23.533],[68.46,23.532],[68.46,23.532],[68.46,23.533],[68.46,23.533],[68.46,23.533],[68.46,23.533],[68.46,23.535],[68.461,23.535],[68.461,23.534],[68.461,23.534],[68.461,23.534],[68.462,23.534],[68.462,23.535],[68.462,23.535],[68.462,23.535],[68.461,23.535],[68.461,23.535],[68.46,23.535],[68.46,23.536],[68.46,23.536],[68.46,23.536],[68.459,23.536],[68.459,23.536],[68.459,23.536],[68.459,23.537],[68.458,23.537],[68.458,23.537],[68.458,23.537],[68.458,23.536],[68.457,23.536],[68.457,23.536],[68.456,23.536],[68.456,23.536],[68.455,23.536],[68.455,23.535],[68.455,23.535],[68.455,23.536],[68.454,23.536],[68.454,23.536],[68.454,23.536],[68.454,23.537],[68.454,23.537],[68.454,23.537],[68.453,23.537],[68.453,23.538],[68.455,23.538],[68.455,23.538],[68.455,23.538],[68.455,23.537],[68.455,23.537],[68.455,23.537],[68.457,23.537],[68.457,23.537],[68.457,23.537],[68.457,23.538],[68.457,23.538],[68.457,23.538],[68.458,23.538],[68.458,23.54],[68.458,23.54],[68.458,23.54],[68.459,23.54],[68.459,23.54],[68.459,23.54],[68.459,23.54],[68.458,23.54],[68.458,23.541],[68.457,23.541],[68.457,23.541],[68.457,23.541],[68.457,23.542],[68.457,23.542],[68.457,23.543],[68.458,23.543],[68.458,23.543],[68.459,23.543],[68.459,23.543],[68.46,23.543],[68.46,23.543],[68.46,23.543],[68.46,23.544],[68.46,23.544],[68.46,23.544],[68.461,23.544],[68.461,23.544],[68.461,23.544],[68.461,23.545],[68.462,23.545],[68.462,23.545],[68.462,23.545],[68.462,23.545],[68.463,23.545],[68.463,23.545],[68.463,23.545],[68.463,23.546],[68.464,23.546],[68.464,23.546],[68.465,23.546],[68.465,23.547],[68.465,23.547],[68.465,23.547],[68.465,23.547],[68.465,23.547],[68.466,23.547],[68.466,23.547],[68.466,23.547],[68.466,23.548],[68.467,23.548],[68.467,23.548],[68.467,23.548],[68.467,23.548],[68.467,23.548],[68.467,23.548],[68.468,23.548],[68.468,23.549],[68.469,23.549],[68.469,23.548],[68.47,23.548],[68.47,23.549],[68.469,23.549],[68.469,23.55],[68.47,23.55],[68.47,23.551],[68.47,23.551],[68.47,23.551],[68.47,23.551],[68.47,23.552],[68.47,23.552],[68.47,23.553],[68.472,23.553],[68.472,23.554],[68.473,23.554],[68.473,23.554],[68.474,23.554],[68.474,23.554],[68.475,23.554],[68.475,23.555],[68.475,23.555],[68.475,23.555],[68.476,23.555],[68.476,23.555],[68.477,23.555],[68.477,23.555],[68.478,23.555],[68.478,23.555],[68.479,23.555],[68.479,23.555],[68.479,23.555]]],[[[68.467,23.74],[68.488,23.729],[68.459,23.725],[68.467,23.74]]],[[[70.442,23.05],[70.442,23.048],[70.441,23.048],[70.441,23.048],[70.441,23.048],[70.441,23.047],[70.441,23.047],[70.441,23.047],[70.44,23.047],[70.44,23.047],[70.44,23.047],[70.44,23.047],[70.44,23.047],[70.44,23.046],[70.44,23.046],[70.44,23.046],[70.439,23.046],[70.439,23.046],[70.439,23.046],[70.439,23.045],[70.439,23.045],[70.439,23.045],[70.438,23.045],[70.438,23.045],[70.438,23.045],[70.438,23.045],[70.438,23.045],[70.438,23.044],[70.438,23.044],[70.438,23.044],[70.438,23.044],[70.437,23.044],[70.437,23.044],[70.437,23.044],[70.437,23.043],[70.437,23.043],[70.437,23.043],[70.437,23.043],[70.437,23.042],[70.436,23.042],[70.436,23.042],[70.436,23.042],[70.436,23.042],[70.436,23.042],[70.436,23.042],[70.435,23.042],[70.435,23.041],[70.435,23.041],[70.435,23.041],[70.435,23.041],[70.435,23.041],[70.435,23.041],[70.435,23.04],[70.434,23.04],[70.434,23.04],[70.434,23.04],[70.434,23.039],[70.434,23.039],[70.434,23.039],[70.433,23.039],[70.433,23.039],[70.433,23.039],[70.433,23.038],[70.433,23.038],[70.433,23.038],[70.432,23.038],[70.432,23.038],[70.432,23.038],[70.432,23.037],[70.432,23.037],[70.432,23.037],[70.432,23.037],[70.432,23.037],[70.431,23.037],[70.431,23.036],[70.431,23.036],[70.431,23.036],[70.431,23.036],[70.431,23.036],[70.43,23.036],[70.43,23.035],[70.43,23.035],[70.43,23.035],[70.43,23.035],[70.43,23.035],[70.43,23.035],[70.43,23.035],[70.429,23.035],[70.429,23.034],[70.429,23.034],[70.429,23.034],[70.428,23.034],[70.428,23.034],[70.428,23.034],[70.428,23.033],[70.428,23.033],[70.428,23.033],[70.427,23.033],[70.427,23.033],[70.427,23.033],[70.427,23.033],[70.427,23.033],[70.427,23.032],[70.426,23.032],[70.426,23.032],[70.426,23.032],[70.426,23.032],[70.425,23.032],[70.425,23.032],[70.425,23.032],[70.425,23.031],[70.425,23.031],[70.425,23.031],[70.424,23.031],[70.424,23.031],[70.424,23.031],[70.424,23.03],[70.423,23.03],[70.423,23.03],[70.423,23.03],[70.423,23.03],[70.422,23.03],[70.422,23.03],[70.422,23.03],[70.422,23.029],[70.422,23.029],[70.422,23.029],[70.421,23.029],[70.421,23.028],[70.421,23.028],[70.421,23.028],[70.42,23.028],[70.42,23.028],[70.42,23.028],[70.42,23.028],[70.42,23.028],[70.42,23.027],[70.42,23.027],[70.42,23.027],[70.419,23.027],[70.419,23.027],[70.419,23.027],[70.419,23.027],[70.418,23.027],[70.418,23.026],[70.418,23.026],[70.418,23.026],[70.418,23.026],[70.418,23.026],[70.418,23.026],[70.418,23.025],[70.417,23.025],[70.417,23.025],[70.417,23.025],[70.417,23.025],[70.417,23.025],[70.417,23.024],[70.417,23.024],[70.417,23.024],[70.416,23.024],[70.416,23.024],[70.416,23.024],[70.416,23.023],[70.416,23.023],[70.416,23.023],[70.415,23.023],[70.415,23.023],[70.415,23.023],[70.415,23.025],[70.415,23.025],[70.415,23.027],[70.415,23.027],[70.415,23.027],[70.415,23.028],[70.415,23.028],[70.415,23.029],[70.416,23.029],[70.416,23.03],[70.416,23.03],[70.416,23.03],[70.416,23.03],[70.416,23.031],[70.417,23.031],[70.417,23.032],[70.417,23.032],[70.417,23.032],[70.417,23.032],[70.417,23.032],[70.417,23.032],[70.417,23.032],[70.417,23.032],[70.417,23.032],[70.417,23.033],[70.418,23.033],[70.418,23.033],[70.418,23.033],[70.418,23.034],[70.418,23.034],[70.418,23.034],[70.418,23.034],[70.418,23.035],[70.418,23.035],[70.418,23.035],[70.418,23.035],[70.418,23.035],[70.419,23.035],[70.419,23.035],[70.419,23.035],[70.419,23.036],[70.419,23.036],[70.419,23.036],[70.42,23.036],[70.42,23.037],[70.42,23.037],[70.42,23.037],[70.42,23.037],[70.42,23.037],[70.42,23.037],[70.42,23.037],[70.42,23.037],[70.42,23.038],[70.421,23.038],[70.421,23.038],[70.421,23.038],[70.421,23.038],[70.421,23.038],[70.421,23.038],[70.422,23.038],[70.422,23.039],[70.422,23.039],[70.422,23.039],[70.422,23.039],[70.422,23.039],[70.422,23.039],[70.422,23.039],[70.422,23.04],[70.422,23.04],[70.422,23.04],[70.422,23.04],[70.422,23.04],[70.423,23.04],[70.423,23.04],[70.423,23.04],[70.423,23.04],[70.423,23.04],[70.423,23.041],[70.423,23.041],[70.423,23.041],[70.424,23.041],[70.424,23.041],[70.424,23.041],[70.424,23.042],[70.425,23.042],[70.425,23.042],[70.425,23.042],[70.425,23.042],[70.425,23.042],[70.425,23.042],[70.425,23.042],[70.425,23.043],[70.426,23.043],[70.426,23.043],[70.426,23.043],[70.426,23.043],[70.426,23.043],[70.426,23.043],[70.427,23.043],[70.427,23.044],[70.427,23.044],[70.427,23.044],[70.427,23.044],[70.427,23.044],[70.428,23.044],[70.428,23.045],[70.428,23.045],[70.428,23.045],[70.428,23.045],[70.428,23.045],[70.428,23.045],[70.428,23.046],[70.429,23.046],[70.429,23.046],[70.429,23.046],[70.429,23.047],[70.43,23.047],[70.43,23.047],[70.43,23.047],[70.43,23.047],[70.431,23.047],[70.431,23.047],[70.431,23.047],[70.431,23.048],[70.432,23.048],[70.432,23.048],[70.432,23.048],[70.432,23.048],[70.433,23.048],[70.433,23.048],[70.434,23.048],[70.434,23.049],[70.436,23.049],[70.436,23.049],[70.437,23.049],[70.437,23.049],[70.441,23.049],[70.441,23.05],[70.442,23.05]]],[[[68.467,23.498],[68.467,23.497],[68.468,23.497],[68.468,23.497],[68.468,23.497],[68.468,23.497],[68.469,23.497],[68.469,23.497],[68.47,23.497],[68.47,23.496],[68.47,23.496],[68.47,23.493],[68.471,23.493],[68.471,23.493],[68.471,23.493],[68.471,23.494],[68.471,23.494],[68.471,23.494],[68.472,23.494],[68.472,23.493],[68.472,23.493],[68.472,23.493],[68.472,23.493],[68.472,23.492],[68.472,23.492],[68.472,23.492],[68.472,23.492],[68.472,23.492],[68.473,23.492],[68.473,23.491],[68.473,23.491],[68.473,23.487],[68.473,23.487],[68.473,23.486],[68.472,23.486],[68.472,23.485],[68.472,23.485],[68.472,23.485],[68.472,23.485],[68.472,23.486],[68.471,23.486],[68.471,23.485],[68.47,23.485],[68.47,23.485],[68.47,23.485],[68.47,23.484],[68.47,23.484],[68.47,23.484],[68.47,23.484],[68.47,23.483],[68.47,23.483],[68.47,23.482],[68.471,23.482],[68.471,23.482],[68.471,23.482],[68.471,23.481],[68.471,23.481],[68.471,23.48],[68.471,23.48],[68.471,23.48],[68.471,23.48],[68.471,23.48],[68.47,23.48],[68.47,23.48],[68.47,23.48],[68.47,23.479],[68.47,23.479],[68.47,23.479],[68.468,23.479],[68.468,23.479],[68.468,23.479],[68.468,23.48],[68.468,23.48],[68.468,23.48],[68.467,23.48],[68.467,23.48],[68.467,23.48],[68.467,23.48],[68.464,23.48],[68.464,23.48],[68.463,23.48],[68.463,23.48],[68.462,23.48],[68.462,23.48],[68.46,23.48],[68.46,23.48],[68.459,23.48],[68.459,23.482],[68.46,23.482],[68.46,23.482],[68.46,23.482],[68.46,23.482],[68.459,23.482],[68.459,23.482],[68.459,23.482],[68.459,23.483],[68.459,23.483],[68.459,23.484],[68.459,23.484],[68.459,23.485],[68.459,23.485],[68.459,23.487],[68.459,23.487],[68.459,23.488],[68.46,23.488],[68.46,23.488],[68.46,23.488],[68.46,23.488],[68.461,23.488],[68.461,23.489],[68.461,23.489],[68.461,23.49],[68.461,23.49],[68.461,23.49],[68.462,23.49],[68.462,23.49],[68.463,23.49],[68.463,23.49],[68.463,23.49],[68.463,23.49],[68.463,23.49],[68.463,23.489],[68.464,23.489],[68.464,23.489],[68.464,23.489],[68.464,23.489],[68.465,23.489],[68.465,23.489],[68.465,23.489],[68.465,23.49],[68.465,23.49],[68.465,23.49],[68.464,23.49],[68.464,23.49],[68.465,23.49],[68.465,23.491],[68.465,23.491],[68.465,23.491],[68.466,23.491],[68.466,23.491],[68.465,23.491],[68.465,23.492],[68.465,23.492],[68.465,23.492],[68.465,23.492],[68.465,23.492],[68.465,23.492],[68.465,23.492],[68.464,23.492],[68.464,23.493],[68.464,23.493],[68.464,23.493],[68.464,23.493],[68.464,23.497],[68.464,23.497],[68.464,23.496],[68.465,23.496],[68.465,23.497],[68.465,23.497],[68.465,23.497],[68.465,23.497],[68.465,23.497],[68.466,23.497],[68.466,23.497],[68.466,23.497],[68.466,23.498],[68.466,23.498],[68.466,23.498],[68.466,23.498],[68.467,23.498],[68.467,23.498],[68.467,23.498]]],[[[68.482,23.501],[68.482,23.5],[68.482,23.5],[68.482,23.5],[68.483,23.5],[68.483,23.5],[68.483,23.5],[68.483,23.499],[68.483,23.499],[68.483,23.499],[68.483,23.499],[68.483,23.499],[68.484,23.499],[68.484,23.498],[68.484,23.498],[68.484,23.497],[68.484,23.497],[68.484,23.497],[68.485,23.497],[68.485,23.496],[68.485,23.496],[68.485,23.496],[68.485,23.496],[68.485,23.496],[68.485,23.496],[68.485,23.495],[68.486,23.495],[68.486,23.495],[68.485,23.495],[68.485,23.494],[68.485,23.494],[68.485,23.493],[68.485,23.493],[68.485,23.493],[68.486,23.493],[68.486,23.491],[68.485,23.491],[68.485,23.491],[68.485,23.491],[68.485,23.489],[68.485,23.489],[68.485,23.488],[68.486,23.488],[68.486,23.488],[68.486,23.488],[68.486,23.487],[68.486,23.487],[68.486,23.487],[68.487,23.487],[68.487,23.486],[68.487,23.486],[68.487,23.486],[68.487,23.486],[68.487,23.486],[68.486,23.486],[68.486,23.485],[68.486,23.485],[68.486,23.485],[68.486,23.485],[68.486,23.485],[68.485,23.485],[68.485,23.484],[68.485,23.484],[68.485,23.484],[68.485,23.483],[68.485,23.483],[68.485,23.483],[68.485,23.483],[68.485,23.483],[68.484,23.483],[68.484,23.483],[68.484,23.483],[68.484,23.482],[68.484,23.482],[68.484,23.482],[68.483,23.482],[68.483,23.482],[68.483,23.482],[68.483,23.481],[68.483,23.481],[68.483,23.481],[68.483,23.481],[68.483,23.48],[68.482,23.48],[68.482,23.48],[68.482,23.48],[68.482,23.48],[68.482,23.48],[68.482,23.479],[68.482,23.479],[68.482,23.478],[68.481,23.478],[68.481,23.478],[68.48,23.478],[68.48,23.478],[68.479,23.478],[68.479,23.478],[68.478,23.478],[68.478,23.479],[68.477,23.479],[68.477,23.479],[68.477,23.479],[68.477,23.479],[68.476,23.479],[68.476,23.48],[68.476,23.48],[68.476,23.48],[68.475,23.48],[68.475,23.48],[68.475,23.48],[68.475,23.48],[68.475,23.48],[68.475,23.481],[68.474,23.481],[68.474,23.481],[68.474,23.481],[68.474,23.482],[68.474,23.482],[68.474,23.482],[68.475,23.482],[68.475,23.482],[68.475,23.482],[68.475,23.482],[68.475,23.482],[68.475,23.483],[68.476,23.483],[68.476,23.483],[68.475,23.483],[68.475,23.484],[68.475,23.484],[68.475,23.485],[68.475,23.485],[68.475,23.486],[68.476,23.486],[68.476,23.486],[68.476,23.486],[68.476,23.486],[68.477,23.486],[68.477,23.486],[68.478,23.486],[68.478,23.486],[68.48,23.486],[68.48,23.486],[68.481,23.486],[68.481,23.487],[68.481,23.487],[68.481,23.486],[68.482,23.486],[68.482,23.486],[68.482,23.486],[68.482,23.486],[68.482,23.486],[68.482,23.485],[68.484,23.485],[68.484,23.485],[68.485,23.485],[68.485,23.486],[68.485,23.486],[68.485,23.486],[68.485,23.486],[68.485,23.488],[68.485,23.488],[68.485,23.488],[68.485,23.488],[68.485,23.489],[68.484,23.489],[68.484,23.491],[68.484,23.491],[68.484,23.491],[68.484,23.491],[68.484,23.492],[68.483,23.492],[68.483,23.49],[68.482,23.49],[68.482,23.49],[68.482,23.49],[68.482,23.489],[68.482,23.489],[68.482,23.489],[68.481,23.489],[68.481,23.489],[68.478,23.489],[68.478,23.488],[68.477,23.488],[68.477,23.488],[68.477,23.488],[68.477,23.487],[68.476,23.487],[68.476,23.487],[68.476,23.487],[68.476,23.487],[68.475,23.487],[68.475,23.487],[68.475,23.487],[68.475,23.487],[68.475,23.487],[68.475,23.487],[68.474,23.487],[68.474,23.488],[68.475,23.488],[68.475,23.489],[68.475,23.489],[68.475,23.49],[68.474,23.49],[68.474,23.49],[68.474,23.49],[68.474,23.492],[68.474,23.492],[68.474,23.493],[68.473,23.493],[68.473,23.493],[68.473,23.493],[68.473,23.494],[68.473,23.494],[68.473,23.494],[68.473,23.494],[68.473,23.495],[68.473,23.495],[68.473,23.496],[68.474,23.496],[68.474,23.496],[68.474,23.496],[68.474,23.496],[68.474,23.496],[68.474,23.495],[68.475,23.495],[68.475,23.495],[68.475,23.495],[68.475,23.495],[68.477,23.495],[68.477,23.495],[68.477,23.495],[68.477,23.493],[68.477,23.493],[68.477,23.493],[68.478,23.493],[68.478,23.492],[68.478,23.492],[68.478,23.492],[68.479,23.492],[68.479,23.492],[68.48,23.492],[68.48,23.492],[68.482,23.492],[68.482,23.492],[68.481,23.492],[68.481,23.492],[68.482,23.492],[68.482,23.493],[68.482,23.493],[68.482,23.493],[68.482,23.493],[68.482,23.494],[68.482,23.494],[68.482,23.495],[68.481,23.495],[68.481,23.496],[68.481,23.496],[68.481,23.496],[68.48,23.496],[68.48,23.496],[68.479,23.496],[68.479,23.497],[68.479,23.497],[68.479,23.497],[68.478,23.497],[68.478,23.497],[68.479,23.497],[68.479,23.498],[68.478,23.498],[68.478,23.498],[68.478,23.498],[68.478,23.499],[68.478,23.499],[68.478,23.499],[68.479,23.499],[68.479,23.499],[68.48,23.499],[68.48,23.5],[68.48,23.5],[68.48,23.5],[68.48,23.5],[68.48,23.501],[68.481,23.501],[68.481,23.501],[68.481,23.501],[68.481,23.501],[68.482,23.501]]],[[[68.217,23.779],[68.217,23.779],[68.217,23.779],[68.217,23.778],[68.218,23.778],[68.218,23.778],[68.218,23.778],[68.218,23.778],[68.219,23.778],[68.219,23.778],[68.22,23.778],[68.22,23.777],[68.22,23.777],[68.22,23.777],[68.22,23.777],[68.22,23.777],[68.22,23.777],[68.22,23.776],[68.221,23.776],[68.221,23.776],[68.221,23.776],[68.221,23.775],[68.221,23.775],[68.221,23.774],[68.222,23.774],[68.222,23.773],[68.222,23.773],[68.222,23.773],[68.222,23.773],[68.222,23.773],[68.222,23.773],[68.222,23.772],[68.223,23.772],[68.223,23.77],[68.223,23.77],[68.223,23.768],[68.223,23.768],[68.223,23.767],[68.223,23.767],[68.223,23.765],[68.224,23.765],[68.224,23.764],[68.224,23.764],[68.224,23.763],[68.224,23.763],[68.224,23.762],[68.223,23.762],[68.223,23.762],[68.223,23.762],[68.223,23.761],[68.223,23.761],[68.223,23.761],[68.223,23.761],[68.223,23.761],[68.222,23.761],[68.222,23.76],[68.222,23.76],[68.222,23.76],[68.222,23.76],[68.222,23.76],[68.221,23.76],[68.221,23.76],[68.221,23.76],[68.221,23.759],[68.221,23.759],[68.221,23.759],[68.22,23.759],[68.22,23.759],[68.22,23.759],[68.22,23.758],[68.22,23.758],[68.22,23.758],[68.22,23.758],[68.22,23.758],[68.219,23.758],[68.219,23.758],[68.219,23.758],[68.219,23.757],[68.219,23.757],[68.219,23.757],[68.218,23.757],[68.218,23.757],[68.218,23.757],[68.218,23.756],[68.218,23.756],[68.218,23.756],[68.218,23.756],[68.218,23.756],[68.217,23.756],[68.217,23.756],[68.217,23.756],[68.217,23.756],[68.216,23.756],[68.216,23.757],[68.216,23.757],[68.216,23.757],[68.216,23.757],[68.216,23.757],[68.215,23.757],[68.215,23.758],[68.215,23.758],[68.215,23.758],[68.215,23.758],[68.215,23.76],[68.215,23.76],[68.215,23.761],[68.215,23.761],[68.215,23.761],[68.216,23.761],[68.216,23.762],[68.216,23.762],[68.216,23.763],[68.216,23.763],[68.216,23.765],[68.217,23.765],[68.217,23.766],[68.216,23.766],[68.216,23.767],[68.216,23.767],[68.216,23.767],[68.216,23.767],[68.216,23.767],[68.215,23.767],[68.215,23.768],[68.215,23.768],[68.215,23.768],[68.215,23.768],[68.215,23.768],[68.215,23.768],[68.215,23.769],[68.215,23.769],[68.215,23.773],[68.215,23.773],[68.215,23.775],[68.215,23.775],[68.215,23.777],[68.215,23.777],[68.215,23.778],[68.215,23.778],[68.215,23.779],[68.216,23.779],[68.216,23.779],[68.216,23.779],[68.216,23.779],[68.217,23.779]]],[[[70.455,22.996],[70.455,22.994],[70.455,22.994],[70.455,22.992],[70.455,22.992],[70.455,22.991],[70.454,22.991],[70.454,22.991],[70.455,22.991],[70.455,22.99],[70.454,22.99],[70.454,22.99],[70.454,22.99],[70.454,22.989],[70.454,22.989],[70.454,22.989],[70.453,22.989],[70.453,22.988],[70.453,22.988],[70.453,22.988],[70.453,22.988],[70.453,22.988],[70.452,22.988],[70.452,22.988],[70.452,22.988],[70.452,22.987],[70.452,22.987],[70.452,22.987],[70.452,22.987],[70.452,22.987],[70.451,22.987],[70.451,22.986],[70.451,22.986],[70.451,22.986],[70.45,22.986],[70.45,22.986],[70.45,22.986],[70.45,22.985],[70.45,22.985],[70.45,22.985],[70.449,22.985],[70.449,22.985],[70.449,22.985],[70.449,22.985],[70.448,22.985],[70.448,22.984],[70.448,22.984],[70.448,22.984],[70.448,22.984],[70.448,22.984],[70.447,22.984],[70.447,22.983],[70.447,22.983],[70.447,22.983],[70.446,22.983],[70.446,22.983],[70.446,22.983],[70.446,22.983],[70.445,22.983],[70.445,22.982],[70.445,22.982],[70.445,22.982],[70.445,22.982],[70.445,22.982],[70.444,22.982],[70.444,22.982],[70.444,22.982],[70.444,22.981],[70.443,22.981],[70.443,22.981],[70.443,22.981],[70.443,22.981],[70.443,22.981],[70.443,22.98],[70.443,22.98],[70.443,22.98],[70.442,22.98],[70.442,22.98],[70.442,22.98],[70.442,22.98],[70.441,22.98],[70.441,22.979],[70.44,22.979],[70.44,22.979],[70.44,22.979],[70.44,22.979],[70.439,22.979],[70.439,22.978],[70.439,22.978],[70.439,22.978],[70.438,22.978],[70.438,22.978],[70.434,22.978],[70.434,22.979],[70.433,22.979],[70.433,22.98],[70.433,22.98],[70.433,22.98],[70.433,22.98],[70.433,22.98],[70.433,22.98],[70.433,22.981],[70.434,22.981],[70.434,22.981],[70.434,22.981],[70.434,22.982],[70.434,22.982],[70.434,22.982],[70.435,22.982],[70.435,22.983],[70.435,22.983],[70.435,22.983],[70.435,22.983],[70.435,22.983],[70.436,22.983],[70.436,22.984],[70.437,22.984],[70.437,22.984],[70.437,22.984],[70.437,22.984],[70.438,22.984],[70.438,22.985],[70.438,22.985],[70.438,22.985],[70.438,22.985],[70.438,22.985],[70.439,22.985],[70.439,22.985],[70.439,22.985],[70.439,22.986],[70.44,22.986],[70.44,22.986],[70.44,22.986],[70.44,22.986],[70.44,22.986],[70.44,22.987],[70.441,22.987],[70.441,22.987],[70.441,22.987],[70.441,22.987],[70.441,22.987],[70.441,22.987],[70.442,22.987],[70.442,22.988],[70.443,22.988],[70.443,22.988],[70.443,22.988],[70.443,22.988],[70.443,22.988],[70.443,22.988],[70.444,22.988],[70.444,22.989],[70.444,22.989],[70.444,22.989],[70.445,22.989],[70.445,22.989],[70.445,22.989],[70.445,22.99],[70.445,22.99],[70.445,22.99],[70.446,22.99],[70.446,22.99],[70.447,22.99],[70.447,22.99],[70.447,22.99],[70.447,22.991],[70.448,22.991],[70.448,22.991],[70.448,22.991],[70.448,22.992],[70.448,22.992],[70.448,22.992],[70.449,22.992],[70.449,22.992],[70.449,22.992],[70.449,22.992],[70.449,22.992],[70.449,22.992],[70.45,22.992],[70.45,22.992],[70.45,22.992],[70.45,22.993],[70.45,22.993],[70.45,22.993],[70.451,22.993],[70.451,22.993],[70.452,22.993],[70.452,22.993],[70.452,22.993],[70.452,22.994],[70.452,22.994],[70.452,22.994],[70.453,22.994],[70.453,22.994],[70.453,22.994],[70.453,22.995],[70.453,22.995],[70.453,22.995],[70.454,22.995],[70.454,22.995],[70.454,22.995],[70.454,22.995],[70.455,22.995],[70.455,22.996],[70.455,22.996]]],[[[68.499,23.489],[68.499,23.489],[68.498,23.489],[68.498,23.488],[68.498,23.488],[68.498,23.488],[68.498,23.488],[68.498,23.487],[68.498,23.487],[68.498,23.486],[68.497,23.486],[68.497,23.486],[68.497,23.486],[68.497,23.483],[68.497,23.483],[68.497,23.482],[68.498,23.482],[68.498,23.48],[68.497,23.48],[68.497,23.479],[68.497,23.479],[68.497,23.479],[68.497,23.479],[68.497,23.478],[68.497,23.478],[68.497,23.478],[68.496,23.478],[68.496,23.478],[68.496,23.478],[68.496,23.477],[68.495,23.477],[68.495,23.477],[68.495,23.477],[68.495,23.477],[68.495,23.477],[68.495,23.477],[68.494,23.477],[68.494,23.476],[68.493,23.476],[68.493,23.476],[68.491,23.476],[68.491,23.476],[68.491,23.476],[68.491,23.475],[68.49,23.475],[68.49,23.475],[68.49,23.475],[68.49,23.475],[68.49,23.475],[68.49,23.475],[68.489,23.475],[68.489,23.474],[68.489,23.474],[68.489,23.474],[68.488,23.474],[68.488,23.474],[68.488,23.474],[68.488,23.473],[68.487,23.473],[68.487,23.474],[68.487,23.474],[68.487,23.475],[68.487,23.475],[68.487,23.475],[68.486,23.475],[68.486,23.475],[68.486,23.475],[68.486,23.476],[68.486,23.476],[68.486,23.476],[68.485,23.476],[68.485,23.476],[68.485,23.476],[68.485,23.477],[68.485,23.477],[68.485,23.477],[68.484,23.477],[68.484,23.477],[68.484,23.477],[68.484,23.477],[68.483,23.477],[68.483,23.478],[68.483,23.478],[68.483,23.478],[68.482,23.478],[68.482,23.478],[68.482,23.478],[68.482,23.479],[68.483,23.479],[68.483,23.479],[68.483,23.479],[68.483,23.48],[68.483,23.48],[68.483,23.48],[68.483,23.48],[68.483,23.48],[68.484,23.48],[68.484,23.481],[68.484,23.481],[68.484,23.482],[68.484,23.482],[68.484,23.482],[68.485,23.482],[68.485,23.482],[68.485,23.482],[68.485,23.482],[68.485,23.482],[68.485,23.483],[68.485,23.483],[68.485,23.483],[68.486,23.483],[68.486,23.483],[68.486,23.483],[68.486,23.484],[68.486,23.484],[68.486,23.484],[68.486,23.485],[68.487,23.485],[68.487,23.485],[68.487,23.485],[68.487,23.485],[68.487,23.485],[68.487,23.486],[68.488,23.486],[68.488,23.486],[68.488,23.486],[68.488,23.486],[68.49,23.486],[68.49,23.487],[68.491,23.487],[68.491,23.487],[68.492,23.487],[68.495,23.487],[68.495,23.487],[68.496,23.487],[68.496,23.487],[68.497,23.487],[68.497,23.488],[68.497,23.488],[68.497,23.488],[68.497,23.488],[68.497,23.488],[68.497,23.488],[68.497,23.488],[68.498,23.488],[68.498,23.489],[68.498,23.489],[68.498,23.489],[68.499,23.489]]],[[[69.638,22.765],[69.638,22.765],[69.642,22.765],[69.642,22.765],[69.643,22.765],[69.643,22.765],[69.644,22.765],[69.644,22.764],[69.644,22.764],[69.644,22.764],[69.645,22.764],[69.645,22.764],[69.645,22.764],[69.645,22.763],[69.645,22.763],[69.645,22.763],[69.646,22.763],[69.646,22.763],[69.646,22.763],[69.646,22.763],[69.647,22.763],[69.647,22.762],[69.647,22.762],[69.647,22.762],[69.647,22.762],[69.647,22.762],[69.647,22.762],[69.647,22.762],[69.648,22.762],[69.648,22.761],[69.648,22.761],[69.648,22.761],[69.648,22.761],[69.648,22.761],[69.648,22.761],[69.648,22.76],[69.649,22.76],[69.649,22.76],[69.649,22.76],[69.649,22.76],[69.65,22.76],[69.65,22.76],[69.65,22.76],[69.65,22.759],[69.65,22.759],[69.65,22.759],[69.651,22.759],[69.651,22.759],[69.651,22.759],[69.651,22.758],[69.652,22.758],[69.652,22.758],[69.652,22.758],[69.652,22.758],[69.652,22.758],[69.652,22.758],[69.653,22.758],[69.653,22.757],[69.653,22.757],[69.653,22.757],[69.653,22.757],[69.653,22.757],[69.654,22.757],[69.654,22.757],[69.654,22.757],[69.654,22.756],[69.655,22.756],[69.655,22.756],[69.656,22.756],[69.656,22.756],[69.656,22.756],[69.656,22.755],[69.657,22.755],[69.657,22.755],[69.66,22.755],[69.66,22.755],[69.661,22.755],[69.661,22.755],[69.663,22.755],[69.663,22.755],[69.663,22.755],[69.663,22.755],[69.663,22.755],[69.663,22.754],[69.663,22.754],[69.663,22.754],[69.664,22.754],[69.664,22.754],[69.665,22.754],[69.665,22.753],[69.666,22.753],[69.666,22.753],[69.667,22.753],[69.667,22.753],[69.667,22.753],[69.667,22.752],[69.667,22.752],[69.667,22.752],[69.667,22.752],[69.667,22.752],[69.667,22.752],[69.667,22.751],[69.666,22.751],[69.666,22.75],[69.665,22.75],[69.665,22.751],[69.664,22.751],[69.664,22.75],[69.664,22.75],[69.664,22.751],[69.662,22.751],[69.662,22.751],[69.662,22.751],[69.662,22.751],[69.661,22.751],[69.661,22.752],[69.661,22.752],[69.661,22.752],[69.659,22.752],[69.659,22.752],[69.658,22.752],[69.658,22.752],[69.658,22.752],[69.658,22.753],[69.657,22.753],[69.657,22.753],[69.656,22.753],[69.656,22.753],[69.655,22.753],[69.655,22.753],[69.654,22.753],[69.654,22.754],[69.653,22.754],[69.653,22.754],[69.652,22.754],[69.652,22.754],[69.652,22.754],[69.652,22.755],[69.651,22.755],[69.651,22.755],[69.65,22.755],[69.65,22.756],[69.65,22.756],[69.65,22.756],[69.649,22.756],[69.649,22.756],[69.648,22.756],[69.648,22.756],[69.648,22.756],[69.648,22.756],[69.647,22.756],[69.647,22.755],[69.647,22.755],[69.647,22.755],[69.647,22.755],[69.647,22.756],[69.647,22.756],[69.647,22.757],[69.646,22.757],[69.646,22.758],[69.647,22.758],[69.647,22.758],[69.646,22.758],[69.646,22.758],[69.645,22.758],[69.645,22.759],[69.645,22.759],[69.645,22.759],[69.645,22.759],[69.645,22.759],[69.644,22.759],[69.644,22.758],[69.643,22.758],[69.643,22.759],[69.642,22.759],[69.642,22.759],[69.641,22.759],[69.641,22.759],[69.64,22.759],[69.64,22.76],[69.64,22.76],[69.64,22.761],[69.64,22.761],[69.64,22.761],[69.638,22.761],[69.638,22.761],[69.637,22.761],[69.637,22.761],[69.637,22.761],[69.637,22.761],[69.637,22.761],[69.637,22.76],[69.634,22.76],[69.634,22.761],[69.633,22.761],[69.633,22.761],[69.633,22.761],[69.633,22.761],[69.632,22.761],[69.632,22.76],[69.632,22.76],[69.632,22.76],[69.632,22.76],[69.632,22.761],[69.632,22.761],[69.632,22.761],[69.631,22.761],[69.631,22.761],[69.631,22.761],[69.631,22.762],[69.631,22.762],[69.631,22.763],[69.632,22.763],[69.632,22.763],[69.632,22.763],[69.632,22.763],[69.633,22.763],[69.633,22.763],[69.634,22.763],[69.634,22.764],[69.635,22.764],[69.635,22.764],[69.636,22.764],[69.636,22.764],[69.637,22.764],[69.637,22.765],[69.638,22.765],[69.638,22.765],[69.638,22.765]]],[[[68.35,23.8],[68.35,23.8],[68.349,23.8],[68.349,23.799],[68.349,23.799],[68.349,23.793],[68.349,23.793],[68.349,23.791],[68.348,23.791],[68.348,23.788],[68.348,23.788],[68.348,23.786],[68.348,23.786],[68.348,23.784],[68.348,23.784],[68.348,23.783],[68.347,23.783],[68.347,23.782],[68.347,23.782],[68.347,23.781],[68.347,23.781],[68.347,23.78],[68.347,23.78],[68.347,23.78],[68.346,23.78],[68.346,23.779],[68.346,23.779],[68.346,23.779],[68.346,23.779],[68.346,23.779],[68.345,23.779],[68.345,23.778],[68.345,23.778],[68.345,23.778],[68.345,23.778],[68.345,23.778],[68.345,23.778],[68.345,23.778],[68.344,23.778],[68.344,23.777],[68.342,23.777],[68.342,23.777],[68.34,23.777],[68.34,23.778],[68.34,23.778],[68.34,23.778],[68.34,23.778],[68.34,23.778],[68.34,23.778],[68.34,23.779],[68.34,23.779],[68.34,23.783],[68.34,23.783],[68.34,23.783],[68.34,23.783],[68.34,23.784],[68.341,23.784],[68.341,23.785],[68.341,23.785],[68.341,23.786],[68.341,23.786],[68.341,23.787],[68.342,23.787],[68.342,23.788],[68.342,23.788],[68.342,23.789],[68.342,23.789],[68.342,23.79],[68.342,23.79],[68.342,23.79],[68.343,23.79],[68.343,23.791],[68.343,23.791],[68.343,23.792],[68.343,23.792],[68.343,23.792],[68.343,23.792],[68.343,23.793],[68.344,23.793],[68.344,23.793],[68.344,23.793],[68.344,23.794],[68.344,23.794],[68.344,23.795],[68.345,23.795],[68.345,23.795],[68.345,23.795],[68.345,23.796],[68.345,23.796],[68.345,23.796],[68.345,23.796],[68.345,23.797],[68.346,23.797],[68.346,23.797],[68.346,23.797],[68.346,23.798],[68.346,23.798],[68.346,23.798],[68.347,23.798],[68.347,23.799],[68.347,23.799],[68.347,23.799],[68.347,23.799],[68.347,23.8],[68.347,23.8],[68.347,23.8],[68.348,23.8],[68.348,23.8],[68.349,23.8],[68.349,23.8],[68.35,23.8]]],[[[68.605,23.81],[68.605,23.809],[68.606,23.809],[68.606,23.809],[68.606,23.809],[68.606,23.808],[68.606,23.808],[68.606,23.807],[68.607,23.807],[68.607,23.807],[68.607,23.807],[68.607,23.806],[68.608,23.806],[68.608,23.806],[68.608,23.806],[68.608,23.805],[68.607,23.805],[68.607,23.805],[68.607,23.805],[68.607,23.805],[68.607,23.805],[68.607,23.803],[68.606,23.803],[68.606,23.803],[68.606,23.803],[68.606,23.803],[68.606,23.803],[68.606,23.802],[68.605,23.802],[68.605,23.802],[68.605,23.802],[68.605,23.802],[68.605,23.802],[68.605,23.801],[68.605,23.801],[68.605,23.801],[68.604,23.801],[68.604,23.801],[68.604,23.801],[68.604,23.8],[68.603,23.8],[68.603,23.8],[68.603,23.8],[68.603,23.8],[68.603,23.8],[68.603,23.799],[68.603,23.799],[68.603,23.799],[68.602,23.799],[68.602,23.799],[68.602,23.799],[68.602,23.798],[68.602,23.798],[68.602,23.797],[68.602,23.797],[68.602,23.796],[68.602,23.796],[68.602,23.796],[68.601,23.796],[68.601,23.796],[68.6,23.796],[68.6,23.797],[68.599,23.797],[68.599,23.797],[68.598,23.797],[68.598,23.797],[68.598,23.797],[68.598,23.796],[68.598,23.796],[68.598,23.796],[68.597,23.796],[68.597,23.796],[68.597,23.796],[68.597,23.796],[68.597,23.796],[68.597,23.797],[68.596,23.797],[68.596,23.797],[68.595,23.797],[68.595,23.797],[68.595,23.797],[68.595,23.798],[68.595,23.798],[68.595,23.799],[68.594,23.799],[68.594,23.799],[68.594,23.799],[68.594,23.8],[68.594,23.8],[68.594,23.801],[68.594,23.801],[68.594,23.801],[68.594,23.801],[68.594,23.802],[68.594,23.802],[68.594,23.802],[68.594,23.802],[68.594,23.803],[68.593,23.803],[68.593,23.803],[68.594,23.803],[68.594,23.804],[68.596,23.804],[68.596,23.804],[68.597,23.804],[68.597,23.804],[68.599,23.804],[68.599,23.805],[68.599,23.805],[68.599,23.805],[68.599,23.805],[68.599,23.806],[68.6,23.806],[68.6,23.806],[68.6,23.806],[68.6,23.807],[68.6,23.807],[68.6,23.807],[68.6,23.807],[68.6,23.808],[68.601,23.808],[68.601,23.808],[68.601,23.808],[68.601,23.808],[68.602,23.808],[68.602,23.808],[68.602,23.808],[68.602,23.809],[68.602,23.809],[68.602,23.809],[68.603,23.809],[68.603,23.809],[68.604,23.809],[68.604,23.81],[68.605,23.81]]],[[[68.524,23.405],[68.524,23.405],[68.523,23.405],[68.523,23.404],[68.525,23.404],[68.525,23.403],[68.524,23.403],[68.524,23.403],[68.524,23.403],[68.524,23.402],[68.524,23.402],[68.524,23.401],[68.524,23.401],[68.524,23.401],[68.525,23.401],[68.525,23.4],[68.526,23.4],[68.526,23.399],[68.525,23.399],[68.525,23.4],[68.524,23.4],[68.524,23.399],[68.525,23.399],[68.525,23.399],[68.526,23.399],[68.526,23.399],[68.527,23.399],[68.527,23.398],[68.527,23.398],[68.527,23.398],[68.526,23.398],[68.526,23.397],[68.527,23.397],[68.527,23.397],[68.527,23.397],[68.527,23.397],[68.527,23.397],[68.527,23.396],[68.527,23.396],[68.527,23.397],[68.526,23.397],[68.526,23.397],[68.526,23.397],[68.526,23.397],[68.525,23.397],[68.525,23.396],[68.525,23.395],[68.525,23.395],[68.525,23.395],[68.526,23.395],[68.526,23.395],[68.526,23.395],[68.526,23.394],[68.526,23.394],[68.526,23.393],[68.526,23.393],[68.526,23.393],[68.526,23.393],[68.526,23.392],[68.527,23.392],[68.527,23.392],[68.527,23.392],[68.527,23.391],[68.527,23.391],[68.527,23.39],[68.527,23.39],[68.527,23.388],[68.527,23.388],[68.527,23.388],[68.528,23.388],[68.528,23.388],[68.528,23.388],[68.528,23.387],[68.527,23.387],[68.527,23.386],[68.527,23.386],[68.527,23.387],[68.526,23.387],[68.526,23.387],[68.526,23.387],[68.526,23.387],[68.525,23.387],[68.525,23.388],[68.525,23.388],[68.525,23.388],[68.525,23.388],[68.525,23.388],[68.524,23.388],[68.524,23.388],[68.524,23.388],[68.524,23.389],[68.524,23.389],[68.524,23.389],[68.523,23.389],[68.523,23.39],[68.523,23.39],[68.523,23.39],[68.523,23.39],[68.523,23.39],[68.523,23.39],[68.523,23.391],[68.522,23.391],[68.522,23.391],[68.522,23.391],[68.522,23.392],[68.522,23.392],[68.522,23.392],[68.522,23.392],[68.522,23.393],[68.521,23.393],[68.521,23.393],[68.521,23.393],[68.521,23.393],[68.521,23.393],[68.521,23.394],[68.52,23.394],[68.52,23.395],[68.52,23.395],[68.52,23.399],[68.52,23.399],[68.52,23.399],[68.52,23.4],[68.521,23.4],[68.521,23.401],[68.521,23.401],[68.521,23.401],[68.521,23.401],[68.521,23.402],[68.522,23.402],[68.522,23.402],[68.522,23.402],[68.522,23.402],[68.522,23.402],[68.522,23.402],[68.523,23.402],[68.523,23.403],[68.523,23.403],[68.523,23.404],[68.523,23.404],[68.523,23.405],[68.523,23.405],[68.523,23.405],[68.524,23.405]]],[[[68.609,23.231],[68.609,23.231],[68.61,23.231],[68.61,23.231],[68.61,23.231],[68.61,23.23],[68.61,23.23],[68.61,23.23],[68.61,23.23],[68.61,23.23],[68.611,23.23],[68.611,23.229],[68.611,23.229],[68.611,23.229],[68.611,23.229],[68.611,23.228],[68.612,23.228],[68.612,23.228],[68.612,23.228],[68.612,23.227],[68.612,23.227],[68.612,23.226],[68.612,23.226],[68.612,23.225],[68.613,23.225],[68.613,23.224],[68.613,23.224],[68.613,23.223],[68.613,23.223],[68.613,23.223],[68.613,23.223],[68.613,23.222],[68.614,23.222],[68.614,23.222],[68.613,23.222],[68.613,23.222],[68.613,23.222],[68.613,23.221],[68.612,23.221],[68.612,23.222],[68.612,23.222],[68.612,23.222],[68.612,23.222],[68.612,23.222],[68.61,23.222],[68.61,23.222],[68.61,23.222],[68.61,23.222],[68.608,23.222],[68.608,23.223],[68.608,23.224],[68.608,23.224],[68.608,23.223],[68.608,23.223],[68.608,23.223],[68.608,23.223],[68.608,23.223],[68.608,23.223],[68.608,23.222],[68.606,23.222],[68.606,23.222],[68.606,23.223],[68.606,23.223],[68.606,23.223],[68.605,23.223],[68.605,23.223],[68.605,23.223],[68.605,23.223],[68.605,23.223],[68.605,23.224],[68.605,23.224],[68.605,23.225],[68.604,23.225],[68.604,23.225],[68.604,23.225],[68.604,23.225],[68.604,23.225],[68.604,23.226],[68.603,23.226],[68.603,23.227],[68.603,23.227],[68.603,23.228],[68.603,23.228],[68.603,23.229],[68.604,23.229],[68.604,23.23],[68.604,23.23],[68.604,23.231],[68.606,23.231],[68.606,23.231],[68.607,23.231],[68.607,23.231],[68.609,23.231]]],[[[68.533,23.874],[68.533,23.873],[68.533,23.873],[68.533,23.872],[68.534,23.872],[68.534,23.872],[68.534,23.872],[68.534,23.872],[68.534,23.872],[68.534,23.87],[68.535,23.87],[68.535,23.866],[68.535,23.866],[68.535,23.865],[68.533,23.865],[68.533,23.864],[68.533,23.864],[68.533,23.863],[68.532,23.863],[68.532,23.863],[68.532,23.863],[68.532,23.863],[68.531,23.863],[68.531,23.862],[68.531,23.862],[68.531,23.862],[68.53,23.862],[68.53,23.862],[68.53,23.862],[68.53,23.862],[68.529,23.862],[68.529,23.861],[68.529,23.861],[68.529,23.861],[68.528,23.861],[68.528,23.86],[68.528,23.86],[68.528,23.86],[68.528,23.86],[68.528,23.86],[68.528,23.86],[68.528,23.86],[68.527,23.86],[68.527,23.859],[68.526,23.859],[68.526,23.859],[68.525,23.859],[68.525,23.858],[68.524,23.858],[68.524,23.86],[68.524,23.86],[68.524,23.86],[68.525,23.86],[68.525,23.86],[68.525,23.86],[68.525,23.861],[68.525,23.861],[68.525,23.861],[68.525,23.861],[68.525,23.862],[68.526,23.862],[68.526,23.862],[68.526,23.862],[68.526,23.862],[68.526,23.862],[68.526,23.863],[68.527,23.863],[68.527,23.863],[68.527,23.863],[68.527,23.863],[68.527,23.863],[68.527,23.864],[68.527,23.864],[68.527,23.864],[68.528,23.864],[68.528,23.865],[68.528,23.865],[68.528,23.865],[68.528,23.865],[68.528,23.866],[68.528,23.866],[68.528,23.866],[68.529,23.866],[68.529,23.867],[68.529,23.867],[68.529,23.867],[68.529,23.867],[68.529,23.868],[68.53,23.868],[68.53,23.869],[68.53,23.869],[68.53,23.87],[68.53,23.87],[68.53,23.87],[68.53,23.87],[68.53,23.871],[68.531,23.871],[68.531,23.871],[68.531,23.871],[68.531,23.872],[68.531,23.872],[68.531,23.872],[68.532,23.872],[68.532,23.872],[68.532,23.872],[68.532,23.873],[68.532,23.873],[68.532,23.873],[68.532,23.873],[68.532,23.873],[68.533,23.873],[68.533,23.874],[68.533,23.874]]],[[[68.249,23.59],[68.254,23.59],[68.254,23.59],[68.255,23.59],[68.255,23.59],[68.255,23.59],[68.255,23.589],[68.256,23.589],[68.256,23.588],[68.256,23.588],[68.256,23.588],[68.256,23.588],[68.256,23.587],[68.256,23.586],[68.256,23.586],[68.256,23.585],[68.257,23.585],[68.257,23.586],[68.258,23.586],[68.258,23.585],[68.258,23.585],[68.258,23.585],[68.257,23.585],[68.257,23.584],[68.257,23.584],[68.257,23.584],[68.256,23.584],[68.256,23.584],[68.255,23.584],[68.255,23.584],[68.255,23.584],[68.255,23.583],[68.254,23.583],[68.254,23.583],[68.254,23.583],[68.254,23.582],[68.253,23.582],[68.253,23.582],[68.252,23.582],[68.252,23.582],[68.252,23.582],[68.252,23.583],[68.252,23.583],[68.252,23.583],[68.25,23.583],[68.25,23.583],[68.25,23.583],[68.25,23.584],[68.25,23.584],[68.25,23.584],[68.25,23.584],[68.25,23.584],[68.25,23.584],[68.25,23.585],[68.251,23.585],[68.251,23.585],[68.251,23.585],[68.251,23.587],[68.251,23.587],[68.251,23.587],[68.251,23.587],[68.251,23.587],[68.248,23.587],[68.248,23.587],[68.245,23.587],[68.245,23.588],[68.245,23.588],[68.245,23.589],[68.246,23.589],[68.246,23.589],[68.247,23.589],[68.247,23.588],[68.248,23.588],[68.248,23.589],[68.248,23.589],[68.248,23.589],[68.248,23.59],[68.249,23.59],[68.249,23.59]]],[[[70.459,23.058],[70.459,23.057],[70.459,23.057],[70.459,23.057],[70.459,23.057],[70.459,23.056],[70.459,23.056],[70.459,23.056],[70.46,23.056],[70.46,23.056],[70.46,23.055],[70.46,23.055],[70.46,23.055],[70.46,23.055],[70.46,23.055],[70.46,23.055],[70.46,23.055],[70.46,23.055],[70.46,23.054],[70.459,23.054],[70.459,23.054],[70.459,23.054],[70.459,23.054],[70.459,23.054],[70.459,23.053],[70.458,23.053],[70.458,23.053],[70.458,23.053],[70.458,23.053],[70.458,23.053],[70.458,23.052],[70.458,23.052],[70.458,23.052],[70.457,23.052],[70.457,23.052],[70.457,23.052],[70.457,23.052],[70.456,23.052],[70.456,23.051],[70.457,23.051],[70.457,23.051],[70.457,23.051],[70.457,23.052],[70.457,23.052],[70.457,23.052],[70.458,23.052],[70.458,23.051],[70.457,23.051],[70.457,23.05],[70.457,23.05],[70.457,23.05],[70.457,23.05],[70.457,23.05],[70.457,23.05],[70.457,23.049],[70.456,23.049],[70.456,23.049],[70.456,23.049],[70.456,23.049],[70.456,23.049],[70.456,23.048],[70.455,23.048],[70.455,23.048],[70.455,23.048],[70.455,23.048],[70.455,23.048],[70.455,23.048],[70.454,23.048],[70.454,23.047],[70.454,23.047],[70.454,23.047],[70.453,23.047],[70.453,23.047],[70.453,23.047],[70.453,23.047],[70.453,23.047],[70.453,23.046],[70.452,23.046],[70.452,23.046],[70.452,23.046],[70.452,23.046],[70.452,23.046],[70.452,23.045],[70.452,23.045],[70.452,23.045],[70.451,23.045],[70.451,23.045],[70.451,23.045],[70.451,23.045],[70.451,23.045],[70.451,23.044],[70.45,23.044],[70.45,23.043],[70.45,23.043],[70.45,23.043],[70.45,23.043],[70.45,23.044],[70.45,23.044],[70.45,23.045],[70.45,23.045],[70.45,23.045],[70.45,23.045],[70.45,23.046],[70.451,23.046],[70.451,23.047],[70.451,23.047],[70.451,23.047],[70.452,23.047],[70.452,23.047],[70.452,23.047],[70.452,23.048],[70.452,23.048],[70.452,23.048],[70.452,23.048],[70.452,23.048],[70.452,23.048],[70.452,23.049],[70.452,23.049],[70.452,23.049],[70.452,23.049],[70.452,23.049],[70.451,23.049],[70.451,23.049],[70.451,23.049],[70.451,23.05],[70.452,23.05],[70.452,23.05],[70.452,23.05],[70.452,23.05],[70.452,23.05],[70.452,23.051],[70.453,23.051],[70.453,23.052],[70.453,23.052],[70.453,23.052],[70.453,23.052],[70.453,23.052],[70.454,23.052],[70.454,23.052],[70.454,23.052],[70.454,23.053],[70.454,23.053],[70.454,23.053],[70.455,23.053],[70.455,23.053],[70.455,23.053],[70.455,23.053],[70.455,23.053],[70.455,23.054],[70.455,23.054],[70.455,23.054],[70.455,23.054],[70.456,23.054],[70.456,23.054],[70.456,23.054],[70.457,23.054],[70.457,23.055],[70.457,23.055],[70.457,23.055],[70.457,23.055],[70.457,23.055],[70.457,23.055],[70.457,23.055],[70.455,23.055],[70.455,23.055],[70.455,23.055],[70.455,23.055],[70.455,23.055],[70.455,23.055],[70.454,23.055],[70.454,23.054],[70.454,23.054],[70.454,23.054],[70.453,23.054],[70.453,23.054],[70.453,23.054],[70.453,23.053],[70.452,23.053],[70.452,23.053],[70.452,23.053],[70.452,23.053],[70.452,23.053],[70.452,23.053],[70.45,23.053],[70.45,23.052],[70.45,23.052],[70.45,23.053],[70.45,23.053],[70.45,23.053],[70.45,23.053],[70.45,23.053],[70.451,23.053],[70.451,23.053],[70.451,23.053],[70.451,23.054],[70.451,23.054],[70.451,23.054],[70.452,23.054],[70.452,23.054],[70.452,23.054],[70.452,23.055],[70.452,23.055],[70.452,23.055],[70.453,23.055],[70.453,23.055],[70.453,23.055],[70.453,23.055],[70.454,23.055],[70.454,23.056],[70.454,23.056],[70.454,23.056],[70.455,23.056],[70.455,23.056],[70.455,23.056],[70.455,23.057],[70.455,23.057],[70.455,23.057],[70.457,23.057],[70.457,23.057],[70.458,23.057],[70.458,23.057],[70.458,23.057],[70.458,23.058],[70.459,23.058]]],[[[68.478,23.722],[68.478,23.722],[68.479,23.722],[68.479,23.722],[68.48,23.722],[68.48,23.722],[68.481,23.722],[68.481,23.721],[68.482,23.721],[68.482,23.721],[68.482,23.721],[68.482,23.72],[68.482,23.72],[68.482,23.72],[68.482,23.72],[68.482,23.72],[68.482,23.72],[68.482,23.719],[68.481,23.719],[68.481,23.719],[68.481,23.719],[68.481,23.719],[68.48,23.719],[68.48,23.718],[68.48,23.718],[68.48,23.718],[68.48,23.718],[68.48,23.718],[68.479,23.718],[68.479,23.717],[68.479,23.717],[68.478,23.717],[68.478,23.717],[68.478,23.717],[68.478,23.717],[68.477,23.717],[68.477,23.717],[68.477,23.717],[68.477,23.716],[68.476,23.716],[68.476,23.716],[68.476,23.716],[68.476,23.716],[68.475,23.716],[68.475,23.715],[68.475,23.715],[68.475,23.715],[68.475,23.715],[68.475,23.715],[68.474,23.715],[68.474,23.715],[68.473,23.715],[68.473,23.715],[68.472,23.715],[68.472,23.715],[68.472,23.715],[68.472,23.716],[68.472,23.716],[68.472,23.716],[68.472,23.716],[68.472,23.716],[68.471,23.716],[68.471,23.717],[68.472,23.717],[68.472,23.717],[68.472,23.717],[68.472,23.717],[68.472,23.717],[68.472,23.717],[68.472,23.718],[68.472,23.718],[68.472,23.718],[68.473,23.718],[68.473,23.719],[68.473,23.719],[68.473,23.72],[68.473,23.72],[68.473,23.72],[68.473,23.72],[68.473,23.721],[68.474,23.721],[68.474,23.721],[68.474,23.721],[68.474,23.722],[68.475,23.722],[68.475,23.722],[68.476,23.722],[68.476,23.722],[68.477,23.722],[68.477,23.722],[68.478,23.722]]],[[[68.499,23.476],[68.499,23.475],[68.499,23.475],[68.499,23.474],[68.5,23.474],[68.5,23.473],[68.499,23.473],[68.499,23.473],[68.498,23.473],[68.498,23.473],[68.498,23.473],[68.498,23.469],[68.499,23.469],[68.499,23.469],[68.499,23.469],[68.499,23.468],[68.499,23.468],[68.499,23.467],[68.5,23.467],[68.5,23.467],[68.5,23.467],[68.5,23.467],[68.5,23.467],[68.5,23.466],[68.501,23.466],[68.501,23.465],[68.5,23.465],[68.5,23.465],[68.5,23.465],[68.5,23.464],[68.5,23.464],[68.5,23.463],[68.501,23.463],[68.501,23.463],[68.501,23.463],[68.501,23.462],[68.501,23.462],[68.501,23.462],[68.502,23.462],[68.502,23.461],[68.502,23.461],[68.502,23.46],[68.502,23.46],[68.502,23.458],[68.502,23.458],[68.502,23.458],[68.502,23.458],[68.502,23.457],[68.502,23.457],[68.502,23.457],[68.502,23.457],[68.502,23.456],[68.501,23.456],[68.501,23.456],[68.501,23.456],[68.501,23.456],[68.501,23.456],[68.501,23.455],[68.5,23.455],[68.5,23.455],[68.5,23.455],[68.5,23.457],[68.5,23.457],[68.5,23.458],[68.499,23.458],[68.499,23.46],[68.5,23.46],[68.5,23.46],[68.499,23.46],[68.499,23.461],[68.499,23.461],[68.499,23.462],[68.499,23.462],[68.499,23.462],[68.498,23.462],[68.498,23.463],[68.498,23.463],[68.498,23.465],[68.498,23.465],[68.498,23.465],[68.499,23.465],[68.499,23.465],[68.498,23.465],[68.498,23.467],[68.498,23.467],[68.498,23.468],[68.498,23.468],[68.498,23.469],[68.498,23.469],[68.498,23.47],[68.497,23.47],[68.497,23.471],[68.497,23.471],[68.497,23.471],[68.497,23.471],[68.497,23.471],[68.497,23.471],[68.497,23.472],[68.496,23.472],[68.496,23.472],[68.496,23.472],[68.496,23.473],[68.496,23.473],[68.496,23.473],[68.495,23.473],[68.495,23.474],[68.495,23.474],[68.495,23.475],[68.496,23.475],[68.496,23.476],[68.496,23.476],[68.496,23.476],[68.499,23.476]]],[[[68.635,23.314],[68.635,23.313],[68.635,23.313],[68.635,23.313],[68.636,23.313],[68.636,23.313],[68.636,23.313],[68.636,23.313],[68.637,23.313],[68.637,23.312],[68.637,23.312],[68.637,23.312],[68.637,23.312],[68.638,23.312],[68.638,23.312],[68.638,23.312],[68.64,23.312],[68.64,23.312],[68.64,23.312],[68.64,23.312],[68.641,23.312],[68.641,23.313],[68.641,23.313],[68.642,23.313],[68.642,23.313],[68.642,23.313],[68.642,23.314],[68.643,23.314],[68.643,23.314],[68.643,23.314],[68.643,23.313],[68.643,23.313],[68.643,23.313],[68.643,23.313],[68.644,23.313],[68.644,23.312],[68.644,23.312],[68.644,23.312],[68.644,23.312],[68.644,23.311],[68.644,23.311],[68.645,23.311],[68.645,23.31],[68.645,23.31],[68.645,23.31],[68.645,23.31],[68.645,23.31],[68.645,23.31],[68.645,23.309],[68.646,23.309],[68.646,23.308],[68.646,23.308],[68.646,23.308],[68.646,23.308],[68.646,23.307],[68.646,23.307],[68.646,23.308],[68.645,23.308],[68.645,23.308],[68.645,23.308],[68.645,23.308],[68.645,23.308],[68.645,23.308],[68.644,23.308],[68.644,23.309],[68.643,23.309],[68.643,23.309],[68.642,23.309],[68.642,23.309],[68.642,23.309],[68.641,23.309],[68.641,23.31],[68.64,23.31],[68.64,23.31],[68.64,23.31],[68.64,23.31],[68.64,23.31],[68.64,23.31],[68.639,23.31],[68.639,23.31],[68.638,23.31],[68.638,23.31],[68.638,23.31],[68.638,23.311],[68.637,23.311],[68.637,23.31],[68.638,23.31],[68.638,23.31],[68.638,23.31],[68.638,23.309],[68.638,23.309],[68.638,23.308],[68.637,23.308],[68.637,23.308],[68.637,23.308],[68.637,23.307],[68.637,23.307],[68.637,23.307],[68.637,23.307],[68.637,23.307],[68.636,23.307],[68.636,23.307],[68.636,23.307],[68.636,23.307],[68.635,23.307],[68.635,23.308],[68.633,23.308],[68.633,23.308],[68.633,23.308],[68.633,23.309],[68.633,23.309],[68.633,23.309],[68.633,23.31],[68.633,23.31],[68.633,23.31],[68.632,23.31],[68.632,23.31],[68.632,23.31],[68.632,23.311],[68.632,23.311],[68.632,23.311],[68.634,23.311],[68.634,23.311],[68.634,23.311],[68.634,23.312],[68.634,23.312],[68.634,23.312],[68.633,23.312],[68.633,23.313],[68.634,23.313],[68.634,23.313],[68.634,23.313],[68.634,23.313],[68.634,23.313],[68.634,23.314],[68.635,23.314]]],[[[68.415,23.41],[68.415,23.41],[68.415,23.41],[68.415,23.409],[68.415,23.409],[68.415,23.409],[68.415,23.409],[68.415,23.409],[68.416,23.409],[68.416,23.408],[68.416,23.408],[68.416,23.408],[68.417,23.408],[68.417,23.408],[68.417,23.408],[68.417,23.408],[68.417,23.408],[68.417,23.407],[68.417,23.407],[68.417,23.407],[68.417,23.407],[68.417,23.407],[68.418,23.407],[68.418,23.406],[68.418,23.406],[68.418,23.405],[68.418,23.405],[68.418,23.406],[68.419,23.406],[68.419,23.406],[68.418,23.406],[68.418,23.407],[68.418,23.407],[68.418,23.407],[68.419,23.407],[68.419,23.407],[68.42,23.407],[68.42,23.407],[68.42,23.407],[68.42,23.407],[68.42,23.407],[68.42,23.406],[68.42,23.406],[68.42,23.406],[68.419,23.406],[68.419,23.406],[68.419,23.406],[68.419,23.405],[68.419,23.405],[68.419,23.404],[68.42,23.404],[68.42,23.404],[68.419,23.404],[68.419,23.403],[68.419,23.403],[68.419,23.403],[68.42,23.403],[68.42,23.403],[68.42,23.403],[68.42,23.402],[68.42,23.402],[68.42,23.402],[68.421,23.402],[68.421,23.402],[68.421,23.402],[68.421,23.401],[68.422,23.401],[68.422,23.402],[68.422,23.402],[68.422,23.402],[68.422,23.402],[68.422,23.402],[68.422,23.402],[68.422,23.403],[68.422,23.403],[68.422,23.403],[68.421,23.403],[68.421,23.404],[68.421,23.404],[68.421,23.405],[68.421,23.405],[68.421,23.405],[68.422,23.405],[68.422,23.405],[68.423,23.405],[68.423,23.404],[68.423,23.404],[68.423,23.404],[68.423,23.404],[68.423,23.403],[68.423,23.403],[68.423,23.403],[68.424,23.403],[68.424,23.403],[68.424,23.403],[68.424,23.402],[68.424,23.402],[68.424,23.401],[68.423,23.401],[68.423,23.401],[68.422,23.401],[68.422,23.4],[68.422,23.4],[68.422,23.4],[68.421,23.4],[68.421,23.401],[68.42,23.401],[68.42,23.4],[68.419,23.4],[68.419,23.401],[68.418,23.401],[68.418,23.401],[68.418,23.401],[68.418,23.401],[68.417,23.401],[68.417,23.402],[68.416,23.402],[68.416,23.402],[68.415,23.402],[68.415,23.403],[68.415,23.403],[68.415,23.403],[68.415,23.403],[68.415,23.403],[68.414,23.403],[68.414,23.403],[68.413,23.403],[68.413,23.404],[68.413,23.404],[68.413,23.405],[68.413,23.405],[68.413,23.405],[68.414,23.405],[68.414,23.405],[68.415,23.405],[68.415,23.404],[68.415,23.404],[68.415,23.404],[68.415,23.404],[68.415,23.404],[68.416,23.404],[68.416,23.405],[68.415,23.405],[68.415,23.405],[68.415,23.405],[68.415,23.406],[68.415,23.406],[68.415,23.406],[68.415,23.406],[68.415,23.407],[68.414,23.407],[68.414,23.406],[68.413,23.406],[68.413,23.407],[68.413,23.407],[68.413,23.408],[68.413,23.408],[68.413,23.409],[68.413,23.409],[68.413,23.41],[68.413,23.41],[68.413,23.41],[68.415,23.41]]],[[[68.482,23.606],[68.482,23.606],[68.482,23.606],[68.483,23.606],[68.483,23.606],[68.483,23.606],[68.483,23.606],[68.484,23.606],[68.484,23.605],[68.484,23.605],[68.484,23.605],[68.484,23.605],[68.484,23.605],[68.485,23.605],[68.485,23.605],[68.485,23.605],[68.485,23.604],[68.485,23.604],[68.485,23.604],[68.485,23.604],[68.487,23.604],[68.487,23.603],[68.487,23.603],[68.486,23.603],[68.486,23.603],[68.486,23.603],[68.486,23.602],[68.485,23.602],[68.485,23.602],[68.485,23.602],[68.485,23.602],[68.485,23.602],[68.485,23.602],[68.484,23.602],[68.484,23.601],[68.484,23.601],[68.484,23.601],[68.484,23.601],[68.484,23.601],[68.483,23.601],[68.483,23.6],[68.483,23.6],[68.483,23.6],[68.483,23.6],[68.483,23.599],[68.483,23.599],[68.483,23.599],[68.482,23.599],[68.482,23.598],[68.482,23.598],[68.482,23.598],[68.48,23.598],[68.48,23.599],[68.48,23.599],[68.48,23.599],[68.48,23.599],[68.48,23.6],[68.479,23.6],[68.479,23.6],[68.479,23.6],[68.479,23.603],[68.479,23.603],[68.479,23.604],[68.479,23.604],[68.479,23.605],[68.48,23.605],[68.48,23.606],[68.48,23.606],[68.48,23.606],[68.48,23.606],[68.48,23.606],[68.481,23.606],[68.481,23.607],[68.482,23.607],[68.482,23.607],[68.482,23.606]]],[[[68.535,23.388],[68.535,23.387],[68.535,23.387],[68.535,23.387],[68.535,23.387],[68.535,23.386],[68.534,23.386],[68.534,23.385],[68.534,23.385],[68.534,23.385],[68.534,23.385],[68.534,23.385],[68.532,23.385],[68.532,23.385],[68.532,23.385],[68.532,23.383],[68.532,23.383],[68.532,23.382],[68.533,23.382],[68.533,23.382],[68.533,23.382],[68.533,23.381],[68.533,23.381],[68.533,23.381],[68.532,23.381],[68.532,23.381],[68.532,23.381],[68.532,23.38],[68.534,23.38],[68.534,23.38],[68.534,23.38],[68.534,23.379],[68.534,23.379],[68.534,23.378],[68.533,23.378],[68.533,23.378],[68.533,23.378],[68.533,23.377],[68.533,23.377],[68.533,23.377],[68.535,23.377],[68.535,23.377],[68.535,23.377],[68.536,23.377],[68.536,23.377],[68.536,23.377],[68.536,23.378],[68.537,23.378],[68.537,23.377],[68.537,23.377],[68.537,23.377],[68.537,23.377],[68.537,23.376],[68.535,23.376],[68.535,23.376],[68.535,23.376],[68.535,23.376],[68.534,23.376],[68.534,23.376],[68.534,23.376],[68.534,23.376],[68.534,23.375],[68.534,23.375],[68.534,23.374],[68.534,23.374],[68.534,23.374],[68.535,23.374],[68.535,23.374],[68.535,23.374],[68.535,23.375],[68.535,23.375],[68.535,23.375],[68.536,23.375],[68.536,23.375],[68.537,23.375],[68.537,23.374],[68.537,23.374],[68.537,23.374],[68.536,23.374],[68.536,23.374],[68.537,23.374],[68.537,23.373],[68.537,23.373],[68.537,23.373],[68.537,23.373],[68.537,23.372],[68.536,23.372],[68.536,23.372],[68.536,23.372],[68.536,23.372],[68.536,23.372],[68.536,23.372],[68.535,23.372],[68.535,23.371],[68.534,23.371],[68.534,23.372],[68.533,23.372],[68.533,23.372],[68.533,23.372],[68.533,23.372],[68.533,23.372],[68.533,23.373],[68.533,23.373],[68.533,23.373],[68.533,23.373],[68.533,23.373],[68.533,23.374],[68.532,23.374],[68.532,23.375],[68.532,23.375],[68.532,23.376],[68.532,23.376],[68.532,23.378],[68.532,23.378],[68.532,23.38],[68.531,23.38],[68.531,23.381],[68.531,23.381],[68.531,23.382],[68.531,23.382],[68.531,23.383],[68.53,23.383],[68.53,23.383],[68.531,23.383],[68.531,23.385],[68.531,23.385],[68.531,23.385],[68.532,23.385],[68.532,23.385],[68.532,23.385],[68.532,23.386],[68.533,23.386],[68.533,23.386],[68.533,23.386],[68.533,23.386],[68.533,23.386],[68.533,23.387],[68.534,23.387],[68.534,23.387],[68.534,23.387],[68.534,23.387],[68.534,23.387],[68.534,23.388],[68.535,23.388]]],[[[68.501,23.453],[68.501,23.453],[68.502,23.453],[68.502,23.452],[68.502,23.452],[68.502,23.451],[68.502,23.451],[68.502,23.45],[68.502,23.45],[68.502,23.45],[68.502,23.45],[68.502,23.449],[68.501,23.449],[68.501,23.448],[68.501,23.448],[68.501,23.448],[68.501,23.448],[68.501,23.447],[68.5,23.447],[68.5,23.446],[68.5,23.446],[68.5,23.445],[68.5,23.445],[68.5,23.445],[68.499,23.445],[68.499,23.444],[68.498,23.444],[68.498,23.444],[68.497,23.444],[68.497,23.444],[68.497,23.444],[68.497,23.446],[68.497,23.446],[68.497,23.447],[68.496,23.447],[68.496,23.448],[68.496,23.448],[68.496,23.448],[68.496,23.448],[68.496,23.449],[68.497,23.449],[68.497,23.449],[68.497,23.449],[68.497,23.45],[68.497,23.45],[68.497,23.45],[68.498,23.45],[68.498,23.45],[68.498,23.45],[68.498,23.451],[68.499,23.451],[68.499,23.451],[68.499,23.451],[68.499,23.451],[68.5,23.451],[68.5,23.452],[68.5,23.452],[68.5,23.452],[68.501,23.452],[68.501,23.452],[68.501,23.452],[68.501,23.453],[68.501,23.453],[68.501,23.453],[68.501,23.453],[68.501,23.453],[68.501,23.453]]],[[[68.475,23.529],[68.475,23.528],[68.476,23.528],[68.476,23.528],[68.476,23.528],[68.476,23.528],[68.475,23.528],[68.475,23.527],[68.475,23.527],[68.475,23.527],[68.475,23.527],[68.475,23.527],[68.474,23.527],[68.474,23.527],[68.474,23.527],[68.474,23.526],[68.474,23.526],[68.474,23.526],[68.474,23.526],[68.474,23.525],[68.474,23.525],[68.474,23.524],[68.475,23.524],[68.475,23.522],[68.474,23.522],[68.474,23.522],[68.473,23.522],[68.473,23.522],[68.473,23.522],[68.473,23.522],[68.473,23.522],[68.473,23.521],[68.472,23.521],[68.472,23.521],[68.472,23.521],[68.472,23.521],[68.472,23.521],[68.472,23.522],[68.471,23.522],[68.471,23.522],[68.471,23.522],[68.471,23.522],[68.471,23.522],[68.471,23.522],[68.47,23.522],[68.47,23.523],[68.47,23.523],[68.47,23.523],[68.469,23.523],[68.469,23.523],[68.469,23.523],[68.469,23.524],[68.469,23.524],[68.469,23.525],[68.47,23.525],[68.47,23.524],[68.47,23.524],[68.47,23.524],[68.47,23.524],[68.47,23.525],[68.47,23.525],[68.47,23.526],[68.47,23.526],[68.47,23.526],[68.47,23.526],[68.47,23.527],[68.471,23.527],[68.471,23.527],[68.472,23.527],[68.472,23.527],[68.472,23.527],[68.472,23.526],[68.473,23.526],[68.473,23.527],[68.472,23.527],[68.472,23.528],[68.472,23.528],[68.472,23.528],[68.472,23.528],[68.472,23.528],[68.472,23.528],[68.472,23.529],[68.475,23.529]]],[[[68.526,23.949],[68.526,23.948],[68.526,23.948],[68.526,23.948],[68.525,23.948],[68.525,23.948],[68.525,23.948],[68.525,23.947],[68.525,23.947],[68.525,23.947],[68.524,23.947],[68.524,23.947],[68.524,23.947],[68.524,23.946],[68.523,23.946],[68.523,23.946],[68.523,23.946],[68.523,23.946],[68.523,23.946],[68.523,23.945],[68.522,23.945],[68.522,23.946],[68.521,23.946],[68.521,23.946],[68.521,23.946],[68.521,23.947],[68.52,23.947],[68.52,23.947],[68.52,23.947],[68.52,23.947],[68.519,23.947],[68.519,23.947],[68.519,23.947],[68.519,23.948],[68.518,23.948],[68.518,23.948],[68.518,23.948],[68.518,23.948],[68.518,23.948],[68.518,23.948],[68.517,23.948],[68.517,23.949],[68.516,23.949],[68.516,23.949],[68.515,23.949],[68.515,23.949],[68.515,23.949],[68.515,23.95],[68.526,23.95],[68.526,23.949],[68.526,23.949]]],[[[68.468,23.524],[68.468,23.523],[68.468,23.523],[68.468,23.523],[68.468,23.523],[68.468,23.523],[68.469,23.523],[68.469,23.522],[68.469,23.522],[68.469,23.522],[68.469,23.522],[68.469,23.522],[68.47,23.522],[68.47,23.521],[68.471,23.521],[68.471,23.52],[68.47,23.52],[68.47,23.519],[68.47,23.519],[68.47,23.518],[68.47,23.518],[68.47,23.518],[68.47,23.518],[68.47,23.518],[68.469,23.518],[68.469,23.519],[68.469,23.519],[68.469,23.519],[68.468,23.519],[68.468,23.519],[68.468,23.519],[68.468,23.518],[68.468,23.518],[68.468,23.518],[68.467,23.518],[68.467,23.518],[68.468,23.518],[68.468,23.519],[68.468,23.519],[68.468,23.519],[68.468,23.519],[68.468,23.52],[68.468,23.52],[68.468,23.52],[68.468,23.52],[68.468,23.52],[68.467,23.52],[68.467,23.519],[68.467,23.519],[68.467,23.519],[68.466,23.519],[68.466,23.518],[68.466,23.518],[68.466,23.516],[68.465,23.516],[68.465,23.516],[68.465,23.515],[68.464,23.515],[68.464,23.516],[68.464,23.516],[68.464,23.516],[68.464,23.516],[68.464,23.516],[68.463,23.516],[68.463,23.517],[68.463,23.518],[68.463,23.518],[68.463,23.519],[68.464,23.519],[68.464,23.518],[68.464,23.518],[68.464,23.518],[68.465,23.518],[68.465,23.518],[68.465,23.518],[68.465,23.519],[68.465,23.519],[68.465,23.52],[68.465,23.52],[68.465,23.52],[68.466,23.52],[68.466,23.52],[68.466,23.52],[68.466,23.521],[68.466,23.521],[68.466,23.522],[68.467,23.522],[68.467,23.523],[68.466,23.523],[68.466,23.523],[68.467,23.523],[68.467,23.523],[68.467,23.523],[68.467,23.524],[68.467,23.524],[68.467,23.524],[68.468,23.524]]],[[[68.487,23.746],[68.487,23.745],[68.487,23.745],[68.487,23.743],[68.486,23.743],[68.486,23.741],[68.486,23.741],[68.486,23.74],[68.486,23.74],[68.486,23.739],[68.485,23.739],[68.485,23.739],[68.485,23.739],[68.485,23.738],[68.485,23.738],[68.485,23.738],[68.485,23.738],[68.485,23.737],[68.484,23.737],[68.484,23.737],[68.484,23.737],[68.484,23.737],[68.484,23.737],[68.484,23.737],[68.483,23.737],[68.483,23.736],[68.483,23.736],[68.483,23.736],[68.482,23.736],[68.482,23.736],[68.482,23.736],[68.482,23.737],[68.482,23.737],[68.482,23.737],[68.481,23.737],[68.481,23.738],[68.482,23.738],[68.482,23.738],[68.482,23.738],[68.482,23.739],[68.482,23.739],[68.482,23.74],[68.482,23.74],[68.482,23.74],[68.483,23.74],[68.483,23.741],[68.483,23.741],[68.483,23.741],[68.483,23.741],[68.483,23.742],[68.483,23.742],[68.483,23.742],[68.484,23.742],[68.484,23.743],[68.484,23.743],[68.484,23.743],[68.484,23.743],[68.484,23.743],[68.485,23.743],[68.485,23.744],[68.485,23.744],[68.485,23.745],[68.485,23.745],[68.485,23.745],[68.486,23.745],[68.486,23.745],[68.486,23.745],[68.486,23.746],[68.487,23.746],[68.487,23.746],[68.487,23.746]]],[[[68.579,23.385],[68.579,23.385],[68.58,23.385],[68.58,23.385],[68.581,23.385],[68.581,23.385],[68.581,23.385],[68.581,23.384],[68.582,23.384],[68.582,23.384],[68.582,23.384],[68.582,23.384],[68.582,23.384],[68.582,23.383],[68.582,23.383],[68.582,23.383],[68.583,23.383],[68.583,23.383],[68.583,23.383],[68.583,23.383],[68.583,23.383],[68.583,23.382],[68.584,23.382],[68.584,23.382],[68.584,23.382],[68.584,23.382],[68.584,23.382],[68.584,23.381],[68.585,23.381],[68.585,23.381],[68.585,23.381],[68.585,23.38],[68.586,23.38],[68.586,23.38],[68.586,23.38],[68.586,23.379],[68.587,23.379],[68.587,23.379],[68.587,23.379],[68.587,23.378],[68.587,23.378],[68.587,23.378],[68.587,23.378],[68.587,23.376],[68.587,23.376],[68.587,23.376],[68.587,23.376],[68.587,23.376],[68.586,23.376],[68.586,23.376],[68.586,23.376],[68.586,23.377],[68.585,23.377],[68.585,23.378],[68.585,23.378],[68.585,23.378],[68.585,23.378],[68.585,23.378],[68.584,23.378],[68.584,23.379],[68.584,23.379],[68.584,23.379],[68.583,23.379],[68.583,23.379],[68.583,23.379],[68.583,23.38],[68.583,23.38],[68.583,23.38],[68.584,23.38],[68.584,23.38],[68.583,23.38],[68.583,23.381],[68.583,23.381],[68.583,23.381],[68.583,23.381],[68.583,23.381],[68.582,23.381],[68.582,23.382],[68.582,23.382],[68.582,23.382],[68.581,23.382],[68.581,23.382],[68.581,23.382],[68.581,23.382],[68.58,23.382],[68.58,23.383],[68.58,23.383],[68.58,23.383],[68.58,23.383],[68.58,23.383],[68.579,23.383],[68.579,23.383],[68.578,23.383],[68.578,23.384],[68.578,23.384],[68.578,23.384],[68.578,23.384],[68.578,23.385],[68.578,23.385],[68.578,23.385],[68.579,23.385]]],[[[68.627,23.322],[68.627,23.322],[68.628,23.322],[68.628,23.321],[68.628,23.321],[68.628,23.321],[68.629,23.321],[68.629,23.321],[68.629,23.321],[68.629,23.32],[68.629,23.32],[68.629,23.318],[68.63,23.318],[68.63,23.316],[68.63,23.316],[68.63,23.314],[68.629,23.314],[68.629,23.313],[68.629,23.313],[68.629,23.313],[68.628,23.313],[68.628,23.313],[68.629,23.313],[68.629,23.312],[68.628,23.312],[68.628,23.312],[68.628,23.312],[68.628,23.312],[68.628,23.312],[68.628,23.312],[68.627,23.312],[68.627,23.312],[68.627,23.313],[68.627,23.313],[68.627,23.312],[68.627,23.312],[68.627,23.312],[68.626,23.312],[68.626,23.313],[68.626,23.313],[68.626,23.313],[68.626,23.313],[68.626,23.314],[68.627,23.314],[68.627,23.314],[68.627,23.314],[68.627,23.314],[68.627,23.314],[68.627,23.315],[68.627,23.315],[68.627,23.315],[68.628,23.315],[68.628,23.316],[68.627,23.316],[68.627,23.316],[68.627,23.316],[68.627,23.318],[68.627,23.318],[68.627,23.319],[68.627,23.319],[68.627,23.319],[68.627,23.319],[68.627,23.32],[68.627,23.32],[68.627,23.32],[68.626,23.32],[68.626,23.321],[68.627,23.321],[68.627,23.322],[68.627,23.322],[68.627,23.322],[68.627,23.322]]],[[[68.525,23.344],[68.525,23.344],[68.529,23.344],[68.529,23.343],[68.53,23.343],[68.53,23.343],[68.53,23.343],[68.53,23.343],[68.531,23.343],[68.531,23.343],[68.531,23.343],[68.531,23.342],[68.532,23.342],[68.532,23.342],[68.532,23.342],[68.532,23.342],[68.532,23.342],[68.532,23.342],[68.533,23.342],[68.533,23.341],[68.532,23.341],[68.532,23.341],[68.532,23.341],[68.532,23.339],[68.531,23.339],[68.531,23.34],[68.53,23.34],[68.53,23.341],[68.529,23.341],[68.529,23.34],[68.529,23.34],[68.529,23.341],[68.528,23.341],[68.528,23.341],[68.528,23.341],[68.528,23.341],[68.527,23.341],[68.527,23.342],[68.526,23.342],[68.526,23.342],[68.525,23.342],[68.525,23.342],[68.524,23.342],[68.524,23.342],[68.523,23.342],[68.523,23.343],[68.521,23.343],[68.521,23.343],[68.523,23.343],[68.523,23.344],[68.524,23.344],[68.524,23.344],[68.525,23.344]]],[[[68.632,23.352],[68.632,23.352],[68.632,23.352],[68.632,23.351],[68.632,23.351],[68.632,23.35],[68.632,23.35],[68.632,23.348],[68.633,23.348],[68.633,23.348],[68.633,23.348],[68.633,23.348],[68.633,23.348],[68.633,23.347],[68.633,23.347],[68.633,23.347],[68.634,23.347],[68.634,23.346],[68.635,23.346],[68.635,23.345],[68.636,23.345],[68.636,23.344],[68.635,23.344],[68.635,23.343],[68.635,23.343],[68.635,23.343],[68.635,23.343],[68.635,23.343],[68.634,23.343],[68.634,23.342],[68.634,23.342],[68.634,23.343],[68.633,23.343],[68.633,23.343],[68.633,23.343],[68.633,23.343],[68.633,23.343],[68.633,23.344],[68.632,23.344],[68.632,23.344],[68.631,23.344],[68.631,23.345],[68.631,23.345],[68.631,23.345],[68.631,23.345],[68.631,23.346],[68.632,23.346],[68.632,23.346],[68.633,23.346],[68.633,23.347],[68.632,23.347],[68.632,23.347],[68.632,23.347],[68.632,23.347],[68.632,23.347],[68.632,23.348],[68.632,23.348],[68.632,23.348],[68.631,23.348],[68.631,23.349],[68.631,23.349],[68.631,23.349],[68.632,23.349],[68.632,23.349],[68.631,23.349],[68.631,23.35],[68.631,23.35],[68.631,23.35],[68.63,23.35],[68.63,23.35],[68.63,23.35],[68.63,23.349],[68.63,23.349],[68.63,23.349],[68.63,23.349],[68.63,23.349],[68.629,23.349],[68.629,23.348],[68.629,23.348],[68.629,23.349],[68.628,23.349],[68.628,23.351],[68.63,23.351],[68.63,23.351],[68.63,23.351],[68.63,23.352],[68.631,23.352],[68.631,23.352],[68.632,23.352]]],[[[68.574,23.36],[68.574,23.36],[68.574,23.36],[68.574,23.359],[68.575,23.359],[68.575,23.358],[68.574,23.358],[68.574,23.358],[68.574,23.358],[68.574,23.357],[68.574,23.357],[68.574,23.357],[68.574,23.357],[68.574,23.357],[68.575,23.357],[68.575,23.356],[68.574,23.356],[68.574,23.356],[68.575,23.356],[68.575,23.355],[68.575,23.355],[68.575,23.355],[68.575,23.355],[68.575,23.354],[68.575,23.354],[68.575,23.354],[68.576,23.354],[68.576,23.352],[68.575,23.352],[68.575,23.353],[68.573,23.353],[68.573,23.353],[68.573,23.353],[68.573,23.354],[68.573,23.354],[68.573,23.355],[68.573,23.355],[68.573,23.355],[68.572,23.355],[68.572,23.355],[68.571,23.355],[68.571,23.357],[68.571,23.357],[68.571,23.357],[68.57,23.357],[68.57,23.358],[68.57,23.358],[68.57,23.358],[68.57,23.358],[68.57,23.359],[68.57,23.359],[68.57,23.359],[68.57,23.359],[68.57,23.36],[68.57,23.36],[68.57,23.36],[68.571,23.36],[68.571,23.36],[68.571,23.36],[68.571,23.359],[68.572,23.359],[68.572,23.359],[68.572,23.359],[68.572,23.359],[68.572,23.359],[68.572,23.36],[68.573,23.36],[68.573,23.36],[68.573,23.36],[68.573,23.36],[68.574,23.36],[68.574,23.36],[68.574,23.36]]],[[[68.408,23.458],[68.408,23.457],[68.408,23.457],[68.408,23.457],[68.408,23.457],[68.408,23.457],[68.408,23.457],[68.408,23.456],[68.407,23.456],[68.407,23.456],[68.407,23.456],[68.407,23.455],[68.407,23.455],[68.407,23.455],[68.407,23.455],[68.407,23.454],[68.406,23.454],[68.406,23.453],[68.407,23.453],[68.407,23.453],[68.406,23.453],[68.406,23.452],[68.406,23.452],[68.406,23.452],[68.405,23.452],[68.405,23.452],[68.405,23.452],[68.405,23.453],[68.405,23.453],[68.405,23.452],[68.404,23.452],[68.404,23.452],[68.403,23.452],[68.403,23.452],[68.403,23.452],[68.403,23.453],[68.402,23.453],[68.402,23.453],[68.402,23.453],[68.402,23.453],[68.402,23.453],[68.402,23.453],[68.402,23.453],[68.402,23.453],[68.402,23.453],[68.402,23.454],[68.401,23.454],[68.401,23.455],[68.402,23.455],[68.402,23.455],[68.404,23.455],[68.404,23.455],[68.405,23.455],[68.405,23.456],[68.405,23.456],[68.405,23.456],[68.405,23.456],[68.405,23.456],[68.406,23.456],[68.406,23.457],[68.406,23.457],[68.406,23.457],[68.407,23.457],[68.407,23.457],[68.407,23.457],[68.407,23.457],[68.407,23.457],[68.407,23.457],[68.407,23.458],[68.407,23.458],[68.407,23.458],[68.408,23.458]]],[[[68.487,23.495],[68.487,23.495],[68.487,23.495],[68.487,23.495],[68.488,23.495],[68.488,23.494],[68.488,23.494],[68.488,23.493],[68.488,23.493],[68.488,23.492],[68.488,23.492],[68.488,23.493],[68.489,23.493],[68.489,23.493],[68.489,23.493],[68.489,23.493],[68.489,23.493],[68.489,23.494],[68.49,23.494],[68.49,23.492],[68.489,23.492],[68.489,23.491],[68.489,23.491],[68.489,23.49],[68.489,23.49],[68.489,23.489],[68.488,23.489],[68.488,23.488],[68.488,23.488],[68.488,23.487],[68.488,23.487],[68.488,23.487],[68.488,23.487],[68.488,23.487],[68.487,23.487],[68.487,23.487],[68.487,23.487],[68.487,23.488],[68.487,23.488],[68.487,23.488],[68.486,23.488],[68.486,23.489],[68.486,23.489],[68.486,23.49],[68.486,23.49],[68.486,23.491],[68.487,23.491],[68.487,23.493],[68.486,23.493],[68.486,23.493],[68.486,23.493],[68.486,23.494],[68.486,23.494],[68.486,23.495],[68.487,23.495],[68.487,23.495],[68.487,23.495],[68.487,23.495],[68.487,23.495]]],[[[68.536,23.385],[68.536,23.385],[68.537,23.385],[68.537,23.384],[68.536,23.384],[68.536,23.383],[68.536,23.383],[68.536,23.383],[68.536,23.383],[68.536,23.383],[68.537,23.383],[68.537,23.382],[68.538,23.382],[68.539,23.382],[68.539,23.383],[68.539,23.383],[68.539,23.382],[68.54,23.382],[68.54,23.382],[68.541,23.382],[68.541,23.382],[68.542,23.382],[68.542,23.382],[68.542,23.382],[68.542,23.381],[68.542,23.381],[68.542,23.381],[68.543,23.381],[68.543,23.38],[68.543,23.38],[68.543,23.38],[68.542,23.38],[68.542,23.38],[68.542,23.38],[68.542,23.379],[68.541,23.379],[68.541,23.38],[68.541,23.38],[68.541,23.38],[68.54,23.38],[68.54,23.38],[68.54,23.38],[68.54,23.38],[68.538,23.38],[68.538,23.381],[68.538,23.381],[68.538,23.381],[68.537,23.381],[68.537,23.381],[68.537,23.381],[68.537,23.38],[68.538,23.38],[68.538,23.38],[68.537,23.38],[68.537,23.38],[68.537,23.38],[68.537,23.381],[68.536,23.381],[68.535,23.381],[68.535,23.381],[68.536,23.381],[68.536,23.382],[68.536,23.382],[68.536,23.382],[68.536,23.382],[68.536,23.382],[68.535,23.382],[68.535,23.382],[68.535,23.382],[68.535,23.383],[68.535,23.383],[68.535,23.383],[68.535,23.383],[68.535,23.384],[68.535,23.384],[68.535,23.385],[68.535,23.385],[68.535,23.385],[68.536,23.385]]],[[[68.473,23.537],[68.473,23.537],[68.474,23.537],[68.474,23.536],[68.474,23.536],[68.474,23.536],[68.474,23.536],[68.474,23.535],[68.475,23.535],[68.475,23.535],[68.475,23.535],[68.475,23.534],[68.475,23.534],[68.475,23.534],[68.475,23.534],[68.475,23.533],[68.476,23.533],[68.476,23.533],[68.476,23.533],[68.476,23.533],[68.477,23.533],[68.477,23.532],[68.476,23.532],[68.476,23.532],[68.476,23.532],[68.476,23.532],[68.476,23.532],[68.476,23.531],[68.475,23.531],[68.475,23.531],[68.475,23.531],[68.475,23.53],[68.473,23.53],[68.473,23.531],[68.473,23.531],[68.473,23.531],[68.472,23.531],[68.472,23.531],[68.472,23.531],[68.472,23.532],[68.473,23.532],[68.473,23.532],[68.473,23.532],[68.473,23.533],[68.473,23.533],[68.473,23.533],[68.473,23.533],[68.473,23.533],[68.472,23.533],[68.472,23.534],[68.472,23.534],[68.472,23.535],[68.472,23.535],[68.472,23.536],[68.472,23.536],[68.472,23.536],[68.473,23.536],[68.473,23.537],[68.473,23.537],[68.473,23.537],[68.473,23.537]]],[[[70.47,23.061],[70.47,23.061],[70.47,23.061],[70.47,23.061],[70.47,23.061],[70.47,23.06],[70.469,23.06],[70.469,23.06],[70.469,23.06],[70.469,23.06],[70.468,23.06],[70.468,23.059],[70.468,23.059],[70.468,23.059],[70.467,23.059],[70.467,23.058],[70.466,23.058],[70.466,23.058],[70.466,23.058],[70.466,23.058],[70.465,23.058],[70.465,23.058],[70.465,23.058],[70.465,23.057],[70.464,23.057],[70.464,23.057],[70.464,23.057],[70.464,23.057],[70.463,23.057],[70.463,23.057],[70.463,23.057],[70.463,23.057],[70.463,23.057],[70.462,23.057],[70.462,23.056],[70.462,23.056],[70.462,23.056],[70.462,23.056],[70.462,23.056],[70.461,23.056],[70.461,23.055],[70.461,23.055],[70.461,23.056],[70.46,23.056],[70.46,23.056],[70.46,23.056],[70.46,23.057],[70.461,23.057],[70.461,23.057],[70.461,23.057],[70.461,23.058],[70.461,23.058],[70.461,23.058],[70.462,23.058],[70.462,23.058],[70.463,23.058],[70.463,23.058],[70.463,23.058],[70.463,23.059],[70.464,23.059],[70.464,23.059],[70.465,23.059],[70.465,23.059],[70.465,23.059],[70.465,23.06],[70.465,23.06],[70.465,23.06],[70.466,23.06],[70.466,23.06],[70.467,23.06],[70.467,23.06],[70.467,23.06],[70.467,23.061],[70.468,23.061],[70.468,23.061],[70.468,23.061],[70.468,23.061],[70.47,23.061]]],[[[68.4,23.428],[68.4,23.428],[68.4,23.428],[68.4,23.428],[68.4,23.428],[68.4,23.427],[68.401,23.427],[68.401,23.427],[68.401,23.427],[68.401,23.425],[68.401,23.425],[68.401,23.423],[68.401,23.423],[68.401,23.423],[68.401,23.423],[68.401,23.422],[68.4,23.422],[68.4,23.422],[68.4,23.422],[68.4,23.422],[68.398,23.422],[68.398,23.422],[68.398,23.422],[68.398,23.423],[68.398,23.423],[68.398,23.424],[68.398,23.424],[68.398,23.425],[68.399,23.425],[68.399,23.426],[68.398,23.426],[68.398,23.427],[68.399,23.427],[68.399,23.428],[68.399,23.428],[68.399,23.428],[68.399,23.428],[68.399,23.428],[68.4,23.428],[68.4,23.428],[68.4,23.428]]],[[[68.4,23.421],[68.4,23.421],[68.401,23.421],[68.401,23.42],[68.401,23.42],[68.401,23.42],[68.401,23.42],[68.401,23.42],[68.402,23.42],[68.402,23.42],[68.402,23.42],[68.402,23.419],[68.402,23.419],[68.402,23.418],[68.403,23.418],[68.403,23.418],[68.402,23.418],[68.402,23.417],[68.402,23.417],[68.402,23.417],[68.402,23.417],[68.402,23.417],[68.402,23.417],[68.402,23.416],[68.4,23.416],[68.4,23.416],[68.4,23.416],[68.4,23.417],[68.4,23.417],[68.4,23.417],[68.4,23.417],[68.4,23.417],[68.399,23.417],[68.399,23.418],[68.399,23.418],[68.399,23.418],[68.399,23.418],[68.399,23.419],[68.398,23.419],[68.398,23.42],[68.399,23.42],[68.399,23.42],[68.399,23.42],[68.399,23.421],[68.4,23.421],[68.4,23.421],[68.4,23.421],[68.4,23.421],[68.4,23.421]]],[[[68.699,23.853],[68.699,23.853],[68.7,23.853],[68.7,23.853],[68.7,23.853],[68.7,23.852],[68.701,23.852],[68.701,23.852],[68.7,23.852],[68.7,23.852],[68.7,23.852],[68.7,23.851],[68.7,23.851],[68.7,23.851],[68.699,23.851],[68.699,23.851],[68.699,23.851],[68.699,23.85],[68.698,23.85],[68.698,23.85],[68.698,23.85],[68.698,23.85],[68.698,23.85],[68.698,23.85],[68.697,23.85],[68.697,23.849],[68.697,23.849],[68.697,23.849],[68.695,23.849],[68.695,23.849],[68.695,23.849],[68.695,23.85],[68.695,23.85],[68.695,23.852],[68.696,23.852],[68.696,23.852],[68.696,23.852],[68.696,23.852],[68.697,23.852],[68.697,23.852],[68.697,23.852],[68.697,23.853],[68.698,23.853],[68.698,23.853],[68.698,23.853],[68.698,23.853],[68.699,23.853]]],[[[68.703,23.851],[68.707,23.851],[68.707,23.851],[68.707,23.851],[68.707,23.851],[68.709,23.851],[68.709,23.851],[68.709,23.851],[68.709,23.85],[68.71,23.85],[68.71,23.85],[68.71,23.85],[68.71,23.85],[68.711,23.85],[68.711,23.849],[68.71,23.849],[68.71,23.849],[68.71,23.849],[68.71,23.849],[68.709,23.849],[68.709,23.85],[68.708,23.85],[68.708,23.849],[68.707,23.849],[68.707,23.849],[68.705,23.849],[68.705,23.848],[68.705,23.848],[68.705,23.849],[68.705,23.849],[68.705,23.849],[68.705,23.849],[68.705,23.85],[68.704,23.85],[68.704,23.85],[68.703,23.85],[68.703,23.85],[68.703,23.85],[68.703,23.85],[68.703,23.85],[68.703,23.851]]],[[[68.634,23.316],[68.634,23.316],[68.634,23.316],[68.634,23.314],[68.634,23.314],[68.634,23.314],[68.633,23.314],[68.633,23.313],[68.633,23.313],[68.633,23.313],[68.633,23.313],[68.633,23.313],[68.633,23.313],[68.633,23.313],[68.632,23.313],[68.632,23.312],[68.632,23.312],[68.632,23.312],[68.631,23.312],[68.631,23.312],[68.631,23.312],[68.631,23.313],[68.63,23.313],[68.63,23.313],[68.631,23.313],[68.631,23.314],[68.631,23.314],[68.631,23.314],[68.631,23.314],[68.631,23.316],[68.632,23.316],[68.632,23.318],[68.633,23.318],[68.633,23.317],[68.633,23.317],[68.633,23.316],[68.633,23.316],[68.633,23.316],[68.634,23.316]]],[[[68.55,23.415],[68.55,23.414],[68.55,23.414],[68.55,23.413],[68.549,23.413],[68.549,23.413],[68.549,23.413],[68.549,23.412],[68.549,23.412],[68.549,23.412],[68.548,23.412],[68.548,23.412],[68.548,23.412],[68.548,23.411],[68.548,23.411],[68.548,23.41],[68.548,23.41],[68.548,23.41],[68.548,23.41],[68.547,23.41],[68.547,23.41],[68.547,23.41],[68.547,23.41],[68.547,23.41],[68.547,23.409],[68.546,23.409],[68.546,23.409],[68.546,23.409],[68.546,23.409],[68.545,23.409],[68.545,23.408],[68.545,23.408],[68.545,23.408],[68.545,23.408],[68.545,23.408],[68.545,23.408],[68.545,23.408],[68.544,23.408],[68.544,23.407],[68.544,23.407],[68.544,23.407],[68.544,23.407],[68.544,23.407],[68.543,23.407],[68.543,23.407],[68.543,23.407],[68.543,23.406],[68.543,23.406],[68.543,23.406],[68.543,23.406],[68.543,23.406],[68.542,23.406],[68.542,23.405],[68.542,23.405],[68.542,23.405],[68.542,23.406],[68.542,23.406],[68.542,23.407],[68.542,23.407],[68.542,23.407],[68.542,23.407],[68.542,23.407],[68.543,23.407],[68.543,23.407],[68.543,23.407],[68.543,23.408],[68.543,23.408],[68.543,23.408],[68.543,23.408],[68.543,23.408],[68.544,23.408],[68.544,23.408],[68.544,23.408],[68.544,23.409],[68.544,23.409],[68.544,23.409],[68.545,23.409],[68.545,23.409],[68.545,23.409],[68.545,23.41],[68.545,23.41],[68.545,23.41],[68.546,23.41],[68.546,23.41],[68.546,23.41],[68.546,23.41],[68.547,23.41],[68.547,23.411],[68.547,23.411],[68.547,23.411],[68.547,23.411],[68.547,23.412],[68.547,23.412],[68.547,23.412],[68.548,23.412],[68.548,23.413],[68.548,23.413],[68.548,23.413],[68.548,23.413],[68.548,23.413],[68.549,23.413],[68.549,23.413],[68.549,23.413],[68.549,23.414],[68.549,23.414],[68.549,23.414],[68.55,23.414],[68.55,23.415],[68.55,23.415]]],[[[68.465,23.403],[68.466,23.403],[68.466,23.404],[68.467,23.404],[68.467,23.404],[68.467,23.404],[68.467,23.404],[68.468,23.404],[68.468,23.404],[68.468,23.404],[68.468,23.404],[68.469,23.404],[68.469,23.403],[68.468,23.403],[68.468,23.403],[68.467,23.403],[68.467,23.403],[68.466,23.403],[68.466,23.403],[68.464,23.403],[68.464,23.402],[68.463,23.402],[68.462,23.402],[68.462,23.403],[68.462,23.403],[68.462,23.403],[68.461,23.403],[68.461,23.403],[68.461,23.403],[68.461,23.404],[68.46,23.404],[68.46,23.405],[68.461,23.405],[68.461,23.405],[68.461,23.405],[68.461,23.405],[68.462,23.405],[68.462,23.404],[68.462,23.404],[68.462,23.404],[68.463,23.404],[68.463,23.404],[68.464,23.404],[68.465,23.404],[68.465,23.403]]],[[[68.223,23.586],[68.223,23.586],[68.226,23.586],[68.226,23.586],[68.227,23.586],[68.227,23.585],[68.227,23.585],[68.227,23.585],[68.228,23.585],[68.228,23.585],[68.228,23.585],[68.228,23.584],[68.228,23.584],[68.228,23.584],[68.227,23.584],[68.227,23.584],[68.225,23.584],[68.225,23.584],[68.224,23.584],[68.224,23.584],[68.224,23.584],[68.224,23.585],[68.223,23.585],[68.223,23.585],[68.223,23.585],[68.223,23.585],[68.223,23.585],[68.223,23.585],[68.222,23.585],[68.222,23.586],[68.223,23.586],[68.223,23.586],[68.223,23.586]]],[[[68.503,23.383],[68.503,23.382],[68.503,23.382],[68.503,23.382],[68.503,23.382],[68.503,23.381],[68.503,23.381],[68.503,23.381],[68.503,23.381],[68.503,23.38],[68.504,23.38],[68.504,23.38],[68.504,23.38],[68.504,23.38],[68.505,23.38],[68.505,23.379],[68.505,23.379],[68.505,23.379],[68.505,23.379],[68.505,23.378],[68.505,23.377],[68.504,23.377],[68.504,23.378],[68.504,23.378],[68.504,23.378],[68.503,23.378],[68.503,23.378],[68.503,23.378],[68.503,23.378],[68.503,23.378],[68.503,23.378],[68.503,23.379],[68.503,23.379],[68.503,23.379],[68.503,23.379],[68.503,23.38],[68.502,23.38],[68.502,23.38],[68.502,23.38],[68.502,23.381],[68.502,23.381],[68.502,23.382],[68.502,23.382],[68.502,23.382],[68.503,23.382],[68.503,23.383],[68.503,23.383],[68.503,23.383],[68.503,23.383],[68.503,23.383],[68.503,23.383]]],[[[68.473,23.357],[68.473,23.356],[68.474,23.356],[68.474,23.356],[68.474,23.356],[68.474,23.356],[68.475,23.356],[68.475,23.355],[68.475,23.355],[68.475,23.355],[68.476,23.355],[68.476,23.355],[68.477,23.355],[68.477,23.354],[68.476,23.354],[68.476,23.353],[68.475,23.353],[68.475,23.354],[68.474,23.354],[68.474,23.354],[68.473,23.354],[68.473,23.355],[68.474,23.355],[68.474,23.355],[68.472,23.355],[68.472,23.355],[68.472,23.355],[68.472,23.356],[68.472,23.356],[68.472,23.356],[68.471,23.356],[68.471,23.356],[68.471,23.356],[68.471,23.357],[68.473,23.357],[68.473,23.357],[68.473,23.357]]],[[[68.625,23.326],[68.626,23.326],[68.626,23.326],[68.627,23.326],[68.627,23.326],[68.628,23.326],[68.628,23.325],[68.628,23.325],[68.628,23.325],[68.628,23.325],[68.628,23.325],[68.628,23.325],[68.628,23.324],[68.629,23.324],[68.629,23.324],[68.629,23.324],[68.629,23.323],[68.629,23.323],[68.629,23.322],[68.629,23.322],[68.629,23.322],[68.629,23.322],[68.629,23.322],[68.628,23.322],[68.628,23.322],[68.628,23.322],[68.628,23.323],[68.628,23.323],[68.628,23.323],[68.628,23.323],[68.628,23.323],[68.627,23.323],[68.627,23.324],[68.627,23.324],[68.627,23.324],[68.626,23.324],[68.626,23.324],[68.626,23.324],[68.626,23.324],[68.625,23.324],[68.625,23.324],[68.625,23.324],[68.625,23.325],[68.625,23.325],[68.625,23.326],[68.625,23.326],[68.625,23.326]]],[[[68.216,23.591],[68.216,23.591],[68.217,23.591],[68.217,23.59],[68.217,23.59],[68.217,23.588],[68.217,23.588],[68.217,23.588],[68.217,23.588],[68.217,23.587],[68.218,23.587],[68.218,23.587],[68.217,23.587],[68.217,23.587],[68.217,23.587],[68.217,23.586],[68.217,23.586],[68.217,23.587],[68.216,23.587],[68.216,23.587],[68.215,23.587],[68.215,23.587],[68.215,23.587],[68.215,23.587],[68.215,23.587],[68.215,23.588],[68.215,23.588],[68.215,23.589],[68.215,23.589],[68.215,23.591],[68.215,23.591],[68.215,23.591],[68.215,23.591],[68.215,23.591],[68.216,23.591],[68.216,23.591],[68.216,23.591]]],[[[70.452,23.061],[70.452,23.06],[70.452,23.06],[70.452,23.06],[70.452,23.06],[70.452,23.059],[70.451,23.059],[70.451,23.059],[70.451,23.059],[70.451,23.059],[70.45,23.059],[70.45,23.058],[70.45,23.058],[70.45,23.058],[70.449,23.058],[70.449,23.058],[70.446,23.058],[70.446,23.058],[70.446,23.058],[70.446,23.058],[70.446,23.058],[70.446,23.059],[70.447,23.059],[70.447,23.059],[70.447,23.059],[70.447,23.059],[70.448,23.059],[70.448,23.06],[70.449,23.06],[70.449,23.06],[70.45,23.06],[70.45,23.06],[70.451,23.06],[70.451,23.06],[70.452,23.06],[70.452,23.061],[70.452,23.061]]],[[[68.564,23.345],[68.564,23.345],[68.564,23.345],[68.564,23.344],[68.565,23.344],[68.565,23.344],[68.565,23.344],[68.565,23.343],[68.565,23.343],[68.565,23.343],[68.565,23.343],[68.565,23.342],[68.563,23.342],[68.563,23.342],[68.563,23.342],[68.563,23.342],[68.561,23.342],[68.561,23.342],[68.561,23.342],[68.561,23.343],[68.561,23.343],[68.561,23.343],[68.562,23.343],[68.562,23.343],[68.562,23.343],[68.562,23.344],[68.562,23.344],[68.562,23.344],[68.562,23.344],[68.562,23.344],[68.563,23.344],[68.563,23.345],[68.563,23.345],[68.563,23.345],[68.564,23.345]]],[[[68.558,23.409],[68.558,23.409],[68.558,23.409],[68.558,23.408],[68.557,23.408],[68.557,23.408],[68.557,23.408],[68.557,23.407],[68.557,23.407],[68.557,23.407],[68.557,23.407],[68.557,23.407],[68.556,23.407],[68.556,23.406],[68.556,23.406],[68.556,23.406],[68.556,23.406],[68.556,23.405],[68.555,23.405],[68.555,23.405],[68.554,23.405],[68.554,23.405],[68.554,23.405],[68.554,23.405],[68.553,23.405],[68.553,23.404],[68.551,23.404],[68.551,23.405],[68.552,23.405],[68.552,23.405],[68.552,23.405],[68.552,23.405],[68.553,23.405],[68.553,23.406],[68.553,23.406],[68.553,23.406],[68.553,23.406],[68.553,23.406],[68.554,23.406],[68.554,23.406],[68.555,23.406],[68.555,23.407],[68.555,23.407],[68.555,23.407],[68.555,23.407],[68.555,23.407],[68.556,23.407],[68.556,23.407],[68.556,23.407],[68.556,23.408],[68.557,23.408],[68.557,23.408],[68.557,23.408],[68.557,23.408],[68.557,23.408],[68.557,23.409],[68.557,23.409],[68.557,23.409],[68.558,23.409]]],[[[68.641,23.317],[68.641,23.317],[68.641,23.317],[68.641,23.317],[68.641,23.318],[68.642,23.318],[68.642,23.317],[68.642,23.317],[68.642,23.317],[68.643,23.317],[68.643,23.318],[68.643,23.318],[68.643,23.318],[68.643,23.318],[68.643,23.318],[68.644,23.318],[68.644,23.317],[68.643,23.317],[68.643,23.317],[68.643,23.317],[68.643,23.317],[68.643,23.317],[68.643,23.316],[68.643,23.316],[68.643,23.315],[68.642,23.315],[68.642,23.316],[68.64,23.316],[68.64,23.316],[68.64,23.316],[68.64,23.317],[68.639,23.317],[68.639,23.318],[68.64,23.318],[68.64,23.318],[68.64,23.318],[68.64,23.318],[68.64,23.318],[68.64,23.317],[68.641,23.317],[68.641,23.317]]],[[[69.637,22.78],[69.637,22.78],[69.637,22.78],[69.637,22.779],[69.637,22.779],[69.637,22.779],[69.637,22.779],[69.637,22.777],[69.638,22.777],[69.638,22.776],[69.636,22.776],[69.636,22.776],[69.636,22.776],[69.636,22.777],[69.636,22.777],[69.636,22.777],[69.635,22.777],[69.635,22.778],[69.635,22.778],[69.635,22.779],[69.635,22.779],[69.635,22.78],[69.636,22.78],[69.636,22.78],[69.637,22.78]]],[[[68.517,23.433],[68.517,23.433],[68.517,23.433],[68.517,23.432],[68.517,23.432],[68.517,23.431],[68.517,23.431],[68.517,23.43],[68.516,23.43],[68.516,23.43],[68.516,23.43],[68.516,23.43],[68.516,23.43],[68.516,23.43],[68.515,23.43],[68.515,23.431],[68.514,23.431],[68.514,23.43],[68.514,23.43],[68.514,23.431],[68.514,23.431],[68.514,23.432],[68.514,23.432],[68.514,23.432],[68.514,23.432],[68.514,23.433],[68.515,23.433],[68.515,23.433],[68.517,23.433]]],[[[68.55,23.342],[68.55,23.341],[68.55,23.341],[68.55,23.341],[68.551,23.341],[68.551,23.34],[68.551,23.34],[68.551,23.34],[68.551,23.34],[68.551,23.339],[68.549,23.339],[68.549,23.339],[68.548,23.339],[68.548,23.339],[68.546,23.339],[68.546,23.338],[68.545,23.338],[68.545,23.339],[68.545,23.339],[68.545,23.34],[68.545,23.34],[68.545,23.34],[68.546,23.34],[68.546,23.34],[68.546,23.34],[68.546,23.34],[68.546,23.34],[68.546,23.34],[68.548,23.34],[68.548,23.34],[68.548,23.34],[68.548,23.34],[68.55,23.34],[68.55,23.341],[68.55,23.341],[68.55,23.341],[68.55,23.341],[68.55,23.342],[68.55,23.342]]],[[[68.542,23.342],[68.542,23.341],[68.542,23.341],[68.542,23.339],[68.543,23.339],[68.543,23.339],[68.544,23.339],[68.544,23.339],[68.545,23.339],[68.545,23.338],[68.544,23.338],[68.544,23.338],[68.542,23.338],[68.542,23.337],[68.542,23.337],[68.542,23.337],[68.542,23.337],[68.542,23.337],[68.541,23.337],[68.541,23.338],[68.542,23.338],[68.542,23.338],[68.541,23.338],[68.541,23.339],[68.542,23.339],[68.542,23.339],[68.541,23.339],[68.541,23.339],[68.541,23.339],[68.541,23.339],[68.541,23.339],[68.541,23.339],[68.54,23.339],[68.54,23.339],[68.541,23.339],[68.541,23.34],[68.541,23.34],[68.541,23.34],[68.541,23.34],[68.541,23.34],[68.542,23.34],[68.542,23.341],[68.542,23.341],[68.542,23.342],[68.542,23.342]]],[[[68.472,23.405],[68.472,23.405],[68.472,23.405],[68.472,23.405],[68.471,23.405],[68.471,23.404],[68.472,23.404],[68.473,23.404],[68.473,23.404],[68.474,23.404],[68.474,23.404],[68.475,23.404],[68.475,23.404],[68.476,23.404],[68.476,23.403],[68.476,23.403],[68.476,23.403],[68.474,23.403],[68.474,23.403],[68.473,23.403],[68.473,23.403],[68.472,23.403],[68.472,23.404],[68.472,23.404],[68.472,23.404],[68.472,23.404],[68.471,23.404],[68.471,23.404],[68.47,23.404],[68.47,23.405],[68.47,23.405],[68.47,23.405],[68.47,23.405],[68.47,23.406],[68.471,23.406],[68.471,23.405],[68.472,23.405]]],[[[68.658,23.271],[68.658,23.271],[68.659,23.271],[68.659,23.271],[68.659,23.271],[68.659,23.27],[68.659,23.27],[68.659,23.27],[68.659,23.27],[68.659,23.27],[68.659,23.27],[68.659,23.269],[68.66,23.269],[68.66,23.269],[68.66,23.269],[68.66,23.269],[68.66,23.269],[68.66,23.268],[68.66,23.268],[68.66,23.268],[68.659,23.268],[68.659,23.268],[68.658,23.268],[68.658,23.268],[68.657,23.268],[68.657,23.269],[68.657,23.269],[68.657,23.269],[68.657,23.269],[68.657,23.27],[68.657,23.27],[68.657,23.27],[68.657,23.27],[68.657,23.27],[68.658,23.27],[68.658,23.271],[68.658,23.271],[68.658,23.271],[68.658,23.271],[68.658,23.271],[68.658,23.271]]],[[[68.557,23.342],[68.557,23.342],[68.557,23.342],[68.556,23.342],[68.556,23.341],[68.555,23.341],[68.555,23.339],[68.555,23.339],[68.555,23.339],[68.555,23.339],[68.555,23.339],[68.554,23.339],[68.554,23.34],[68.554,23.34],[68.554,23.34],[68.553,23.34],[68.553,23.341],[68.553,23.341],[68.553,23.341],[68.553,23.341],[68.553,23.341],[68.553,23.341],[68.553,23.342],[68.554,23.342],[68.554,23.342],[68.555,23.342],[68.555,23.342],[68.556,23.342],[68.557,23.342]]],[[[68.598,23.261],[68.598,23.26],[68.597,23.26],[68.597,23.26],[68.597,23.26],[68.597,23.26],[68.597,23.26],[68.597,23.259],[68.596,23.259],[68.596,23.26],[68.595,23.26],[68.595,23.26],[68.594,23.26],[68.594,23.26],[68.594,23.26],[68.594,23.261],[68.594,23.261],[68.594,23.262],[68.594,23.262],[68.594,23.262],[68.595,23.262],[68.595,23.262],[68.595,23.262],[68.595,23.261],[68.598,23.261]]],[[[68.557,23.404],[68.557,23.403],[68.557,23.403],[68.557,23.403],[68.554,23.403],[68.554,23.402],[68.554,23.402],[68.554,23.402],[68.553,23.402],[68.553,23.402],[68.553,23.402],[68.553,23.403],[68.553,23.403],[68.553,23.404],[68.554,23.404],[68.554,23.404],[68.557,23.404]]],[[[68.463,23.409],[68.463,23.407],[68.463,23.407],[68.463,23.406],[68.464,23.406],[68.464,23.406],[68.464,23.406],[68.464,23.406],[68.464,23.406],[68.464,23.405],[68.465,23.405],[68.465,23.405],[68.463,23.405],[68.463,23.405],[68.462,23.405],[68.462,23.406],[68.462,23.406],[68.462,23.406],[68.462,23.406],[68.462,23.406],[68.462,23.406],[68.462,23.407],[68.462,23.407],[68.462,23.408],[68.462,23.408],[68.462,23.408],[68.462,23.408],[68.462,23.409],[68.463,23.409],[68.463,23.409],[68.463,23.409]]],[[[68.501,23.444],[68.501,23.443],[68.502,23.443],[68.502,23.443],[68.502,23.443],[68.502,23.443],[68.502,23.443],[68.502,23.442],[68.501,23.442],[68.501,23.439],[68.501,23.439],[68.501,23.439],[68.501,23.439],[68.501,23.44],[68.5,23.44],[68.5,23.441],[68.5,23.441],[68.5,23.442],[68.5,23.442],[68.5,23.442],[68.499,23.442],[68.499,23.442],[68.5,23.442],[68.5,23.443],[68.5,23.443],[68.5,23.443],[68.501,23.443],[68.501,23.443],[68.501,23.443],[68.501,23.444],[68.501,23.444]]],[[[68.629,23.29],[68.629,23.289],[68.629,23.289],[68.629,23.287],[68.629,23.287],[68.629,23.285],[68.628,23.285],[68.628,23.286],[68.628,23.286],[68.628,23.287],[68.628,23.287],[68.628,23.289],[68.628,23.289],[68.628,23.29],[68.629,23.29],[68.629,23.29],[68.629,23.29]]],[[[68.461,23.413],[68.461,23.412],[68.462,23.412],[68.462,23.412],[68.462,23.412],[68.462,23.412],[68.462,23.412],[68.462,23.412],[68.463,23.412],[68.463,23.411],[68.463,23.411],[68.463,23.411],[68.461,23.411],[68.461,23.411],[68.461,23.411],[68.461,23.412],[68.46,23.412],[68.46,23.412],[68.46,23.412],[68.459,23.412],[68.459,23.412],[68.459,23.412],[68.459,23.411],[68.458,23.411],[68.458,23.412],[68.458,23.412],[68.458,23.412],[68.459,23.412],[68.459,23.413],[68.46,23.413],[68.461,23.413]]],[[[68.448,23.733],[68.448,23.732],[68.45,23.732],[68.45,23.732],[68.45,23.732],[68.45,23.732],[68.45,23.732],[68.45,23.732],[68.451,23.732],[68.451,23.731],[68.45,23.731],[68.45,23.731],[68.45,23.731],[68.45,23.73],[68.449,23.73],[68.449,23.731],[68.449,23.731],[68.448,23.731],[68.448,23.731],[68.448,23.731],[68.448,23.731],[68.448,23.731],[68.448,23.732],[68.447,23.732],[68.447,23.732],[68.448,23.732],[68.448,23.733],[68.448,23.733]]],[[[68.597,23.813],[68.597,23.812],[68.596,23.812],[68.596,23.812],[68.596,23.812],[68.596,23.812],[68.596,23.812],[68.596,23.811],[68.595,23.811],[68.595,23.81],[68.594,23.81],[68.594,23.811],[68.594,23.811],[68.594,23.811],[68.594,23.811],[68.594,23.812],[68.593,23.812],[68.593,23.812],[68.594,23.812],[68.594,23.812],[68.595,23.812],[68.595,23.813],[68.597,23.813]]],[[[68.598,23.361],[68.598,23.361],[68.599,23.361],[68.599,23.36],[68.599,23.36],[68.599,23.36],[68.6,23.36],[68.6,23.36],[68.599,23.36],[68.599,23.359],[68.598,23.359],[68.598,23.36],[68.598,23.36],[68.598,23.36],[68.597,23.36],[68.597,23.36],[68.597,23.36],[68.597,23.359],[68.596,23.359],[68.596,23.36],[68.596,23.36],[68.596,23.36],[68.596,23.36],[68.596,23.361],[68.597,23.361],[68.597,23.361],[68.598,23.361]]],[[[68.501,23.436],[68.501,23.436],[68.501,23.436],[68.501,23.435],[68.5,23.435],[68.5,23.435],[68.499,23.435],[68.499,23.435],[68.499,23.435],[68.499,23.435],[68.498,23.435],[68.498,23.434],[68.498,23.434],[68.498,23.435],[68.497,23.435],[68.497,23.435],[68.497,23.435],[68.497,23.435],[68.498,23.435],[68.498,23.436],[68.498,23.436],[68.498,23.436],[68.499,23.436],[68.499,23.436],[68.501,23.436]]],[[[68.541,23.378],[68.541,23.377],[68.541,23.377],[68.541,23.377],[68.541,23.377],[68.541,23.377],[68.54,23.377],[68.54,23.376],[68.54,23.376],[68.54,23.376],[68.54,23.376],[68.54,23.375],[68.54,23.375],[68.54,23.375],[68.539,23.375],[68.539,23.375],[68.538,23.375],[68.538,23.375],[68.538,23.375],[68.538,23.375],[68.538,23.375],[68.538,23.376],[68.538,23.376],[68.538,23.376],[68.539,23.376],[68.539,23.377],[68.539,23.377],[68.539,23.377],[68.54,23.377],[68.54,23.377],[68.54,23.377],[68.54,23.378],[68.541,23.378]]],[[[68.509,23.491],[68.509,23.49],[68.507,23.49],[68.507,23.491],[68.507,23.491],[68.507,23.491],[68.506,23.491],[68.506,23.492],[68.506,23.492],[68.506,23.493],[68.507,23.493],[68.507,23.492],[68.507,23.492],[68.507,23.492],[68.508,23.492],[68.508,23.492],[68.508,23.492],[68.508,23.492],[68.508,23.492],[68.508,23.491],[68.508,23.491],[68.508,23.491],[68.509,23.491],[68.509,23.491],[68.509,23.491]]],[[[68.43,23.407],[68.43,23.407],[68.431,23.407],[68.431,23.407],[68.431,23.407],[68.431,23.406],[68.432,23.406],[68.432,23.406],[68.432,23.406],[68.432,23.406],[68.432,23.406],[68.432,23.405],[68.431,23.405],[68.431,23.405],[68.431,23.405],[68.431,23.405],[68.43,23.405],[68.43,23.406],[68.43,23.406],[68.43,23.406],[68.43,23.406],[68.43,23.406],[68.429,23.406],[68.429,23.407],[68.429,23.407],[68.429,23.407],[68.429,23.407],[68.429,23.407],[68.43,23.407]]],[[[68.483,23.55],[68.483,23.55],[68.483,23.55],[68.483,23.549],[68.483,23.549],[68.483,23.549],[68.483,23.549],[68.483,23.547],[68.483,23.547],[68.483,23.547],[68.482,23.547],[68.482,23.547],[68.482,23.547],[68.482,23.548],[68.482,23.548],[68.482,23.549],[68.482,23.549],[68.482,23.55],[68.482,23.55],[68.482,23.55],[68.482,23.55],[68.482,23.55],[68.483,23.55]]],[[[68.505,23.385],[68.505,23.384],[68.505,23.384],[68.505,23.384],[68.505,23.384],[68.505,23.381],[68.505,23.381],[68.505,23.381],[68.504,23.381],[68.504,23.381],[68.505,23.381],[68.505,23.382],[68.504,23.382],[68.504,23.383],[68.505,23.383],[68.505,23.383],[68.504,23.383],[68.504,23.383],[68.504,23.383],[68.504,23.384],[68.504,23.384],[68.504,23.385],[68.505,23.385]]],[[[68.512,23.492],[68.512,23.491],[68.511,23.491],[68.511,23.491],[68.511,23.491],[68.511,23.491],[68.51,23.491],[68.51,23.492],[68.51,23.492],[68.51,23.492],[68.51,23.492],[68.51,23.492],[68.509,23.492],[68.509,23.493],[68.511,23.493],[68.511,23.492],[68.512,23.492]]],[[[68.402,23.423],[68.402,23.423],[68.402,23.423],[68.402,23.422],[68.403,23.422],[68.403,23.421],[68.402,23.421],[68.402,23.42],[68.402,23.42],[68.402,23.421],[68.402,23.421],[68.402,23.421],[68.401,23.421],[68.401,23.423],[68.402,23.423],[68.402,23.423],[68.402,23.423]]],[[[70.453,23.053],[70.453,23.053],[70.453,23.053],[70.453,23.053],[70.453,23.053],[70.453,23.053],[70.453,23.052],[70.452,23.052],[70.452,23.052],[70.452,23.052],[70.452,23.052],[70.452,23.052],[70.452,23.051],[70.452,23.051],[70.452,23.051],[70.451,23.051],[70.451,23.05],[70.45,23.05],[70.45,23.05],[70.45,23.05],[70.45,23.051],[70.45,23.051],[70.45,23.051],[70.451,23.051],[70.451,23.052],[70.451,23.052],[70.451,23.052],[70.451,23.052],[70.452,23.052],[70.452,23.052],[70.452,23.052],[70.452,23.052],[70.452,23.053],[70.452,23.053],[70.452,23.053],[70.453,23.053],[70.453,23.053],[70.453,23.053]]],[[[68.437,23.5],[68.437,23.5],[68.438,23.5],[68.438,23.5],[68.438,23.5],[68.438,23.5],[68.438,23.5],[68.438,23.5],[68.439,23.5],[68.439,23.499],[68.44,23.499],[68.44,23.499],[68.439,23.499],[68.439,23.498],[68.438,23.498],[68.438,23.499],[68.438,23.499],[68.438,23.499],[68.437,23.499],[68.437,23.499],[68.437,23.499],[68.437,23.5],[68.437,23.5],[68.437,23.5],[68.437,23.5],[68.437,23.5],[68.437,23.5],[68.437,23.5],[68.437,23.5]]],[[[68.41,23.408],[68.41,23.406],[68.41,23.406],[68.41,23.406],[68.409,23.406],[68.409,23.406],[68.409,23.406],[68.409,23.408],[68.409,23.408],[68.409,23.409],[68.409,23.409],[68.409,23.409],[68.409,23.409],[68.409,23.408],[68.41,23.408],[68.41,23.408],[68.41,23.408]]],[[[68.502,23.432],[68.502,23.432],[68.502,23.432],[68.502,23.431],[68.502,23.431],[68.502,23.431],[68.501,23.431],[68.501,23.43],[68.5,23.43],[68.5,23.431],[68.501,23.431],[68.501,23.432],[68.501,23.432],[68.501,23.432],[68.502,23.432],[68.502,23.432],[68.502,23.432]]],[[[68.632,23.321],[68.632,23.32],[68.632,23.32],[68.632,23.319],[68.632,23.319],[68.632,23.319],[68.632,23.319],[68.632,23.32],[68.631,23.32],[68.631,23.321],[68.632,23.321],[68.632,23.321],[68.632,23.321]]],[[[69.817,22.853],[69.817,22.852],[69.817,22.852],[69.817,22.852],[69.816,22.852],[69.817,22.853]]],[[[69.821,22.854],[69.821,22.854],[69.821,22.854],[69.821,22.854]]],[[[69.823,22.855],[69.823,22.855],[69.823,22.855],[69.823,22.855]]]]}},{"type":"Feature","properties":{"district_id":"AS_GHY","district_name":"Kamrup (Guwahati)","state_name":"Assam","zone":"Northeast","centroid_lat":26.1445,"centroid_lon":91.7362,"elevation_m":55,"census2011_name":"Kamrup Metropolitan","census2011_state":"Assam","census2011_code":"322"},"geometry":{"type":"MultiPolygon","coordinates":[[[[91.96,26.244],[92.0,26.204],[92.046,26.199],[92.049,26.213],[92.094,26.188],[92.084,26.178],[92.17,26.163],[92.18,26.078],[92.135,26.044],[91.993,26.04],[91.924,25.998],[91.873,26.051],[91.878,26.096],[91.822,26.118],[91.734,26.058],[91.723,25.953],[91.672,25.904],[91.614,25.939],[91.64,25.964],[91.635,26.021],[91.579,26.032],[91.504,25.92],[91.534,25.923],[91.479,25.877],[91.496,25.865],[91.535,25.883],[91.472,25.858],[91.475,25.99],[91.455,26.045],[91.524,26.03],[91.545,26.138],[91.621,26.107],[91.747,26.194],[91.96,26.244]]]]}},{"type":"Feature","properties":{"district_id":"ML_SHL","district_name":"East Khasi Hills (Cherrapunji/Shillong)","state_name":"Meghalaya","zone":"Northeast","centroid_lat":25.2986,"centroid_lon":91.5822,"elevation_m":1484,"census2011_name":"East Khasi Hills","census2011_state":"Meghalaya","census2011_code":"298"},"geometry":{"type":"MultiPolygon","coordinates":[[[[92.02,25.187],[91.986,25.171],[91.75,25.171],[91.747,25.148],[91.708,25.156],[91.645,25.124],[91.604,25.146],[91.606,25.173],[91.474,25.136],[91.383,25.176],[91.357,25.229],[91.406,25.263],[91.547,25.279],[91.553,25.33],[91.527,25.348],[91.559,25.428],[91.545,25.511],[91.657,25.551],[91.662,25.527],[91.692,25.525],[91.736,25.575],[91.784,25.589],[91.811,25.643],[92.136,25.641],[92.099,25.492],[92.123,25.329],[92.112,25.303],[92.051,25.319],[91.989,25.275],[92.02,25.187]]]]}},{"type":"Feature","properties":{"district_id":"AR_ITA","district_name":"Papum Pare (Itanagar)","state_name":"Arunachal Pradesh","zone":"Northeast","centroid_lat":27.0844,"centroid_lon":93.6053,"elevation_m":320,"census2011_name":"Papum Pare","census2011_state":"Arunanchal Pradesh","census2011_code":"248"},"geometry":{"type":"MultiPolygon","coordinates":[[[[93.518,27.65],[93.621,27.532],[93.611,27.493],[93.571,27.472],[93.561,27.438],[93.582,27.434],[93.604,27.367],[93.669,27.336],[93.788,27.35],[93.81,27.371],[93.839,27.363],[93.831,27.424],[93.856,27.465],[93.945,27.511],[94.097,27.483],[94.154,27.53],[94.194,27.535],[94.224,27.504],[94.159,27.475],[94.063,27.36],[94.002,27.332],[93.811,27.149],[93.83,27.066],[93.776,27.059],[93.678,26.968],[93.47,26.936],[93.393,26.957],[93.343,27.001],[93.346,27.036],[93.316,27.079],[93.216,27.116],[93.219,27.138],[93.308,27.174],[93.276,27.211],[93.229,27.199],[93.23,27.251],[93.298,27.29],[93.293,27.329],[93.375,27.371],[93.376,27.387],[93.371,27.416],[93.324,27.443],[93.323,27.489],[93.298,27.523],[93.329,27.561],[93.238,27.609],[93.333,27.669],[93.518,27.65]]]]}},{"type":"Feature","properties":{"district_id":"WB_KOL","district_name":"Kolkata","state_name":"West Bengal","zone":"East Coast","centroid_lat":22.5726,"centroid_lon":88.3639,"elevation_m":9,"census2011_name":"Kolkata","census2011_state":"West Bengal","census2011_code":"342"},"geometry":{"type":"MultiPolygon","coordinates":[[[[88.411,22.56],[88.362,22.499],[88.292,22.518],[88.274,22.555],[88.332,22.556],[88.368,22.608],[88.363,22.633],[88.394,22.628],[88.411,22.56]]]]}},{"type":"Feature","properties":{"district_id":"WB_24P","district_name":"South 24 Parganas (Sundarbans)","state_name":"West Bengal","zone":"East Coast","centroid_lat":22.1352,"centroid_lon":88.5448,"elevation_m":6,"census2011_name":"South 24 Parganas","census2011_state":"West Bengal","census2011_code":"343"},"geometry":{"type":"MultiPolygon","coordinates":[[[[88.583,22.615],[88.629,22.574],[88.654,22.495],[88.711,22.453],[88.707,22.432],[88.771,22.393],[88.774,22.373],[88.824,22.372],[88.808,22.284],[88.744,22.229],[88.741,22.199],[88.639,22.213],[88.685,22.294],[88.691,22.327],[88.666,22.339],[88.679,22.294],[88.631,22.222],[88.672,22.201],[88.619,22.109],[88.599,22.13],[88.605,22.16],[88.573,22.189],[88.603,22.159],[88.598,22.131],[88.637,22.045],[88.603,22.024],[88.596,22.066],[88.6,22.024],[88.614,22.02],[88.599,21.975],[88.607,21.913],[88.578,21.89],[88.586,21.928],[88.573,21.907],[88.55,21.921],[88.544,21.97],[88.568,21.959],[88.546,21.973],[88.549,21.922],[88.571,21.904],[88.541,21.904],[88.548,21.882],[88.528,21.853],[88.494,21.879],[88.526,21.929],[88.494,21.967],[88.519,21.988],[88.543,21.982],[88.555,22.036],[88.541,21.982],[88.518,21.989],[88.492,21.967],[88.522,21.939],[88.521,21.915],[88.474,21.895],[88.456,21.9],[88.453,21.94],[88.47,21.959],[88.446,21.966],[88.461,22.012],[88.442,21.991],[88.445,21.964],[88.469,21.958],[88.451,21.942],[88.458,21.919],[88.409,21.886],[88.385,21.898],[88.408,21.922],[88.398,21.954],[88.374,21.965],[88.394,21.971],[88.376,21.97],[88.406,21.92],[88.383,21.901],[88.397,21.885],[88.391,21.799],[88.364,21.798],[88.355,21.823],[88.371,21.897],[88.356,21.924],[88.369,21.897],[88.353,21.857],[88.309,21.856],[88.31,21.878],[88.262,21.859],[88.266,21.884],[88.259,21.859],[88.314,21.847],[88.259,21.808],[88.282,21.761],[88.252,21.802],[88.283,21.758],[88.264,21.731],[88.274,21.755],[88.217,21.764],[88.163,21.879],[88.177,21.926],[88.154,21.959],[88.208,22.023],[88.224,22.075],[88.208,22.158],[88.166,22.199],[88.07,22.212],[88.105,22.295],[88.094,22.365],[88.142,22.408],[88.121,22.469],[88.239,22.521],[88.247,22.561],[88.285,22.547],[88.292,22.518],[88.368,22.499],[88.41,22.58],[88.448,22.564],[88.476,22.575],[88.526,22.548],[88.56,22.626],[88.583,22.615]]],[[[88.137,21.875],[88.173,21.812],[88.171,21.742],[88.143,21.68],[88.155,21.65],[88.109,21.626],[88.042,21.649],[88.037,21.675],[88.073,21.78],[88.137,21.875]]],[[[88.705,22.207],[88.789,22.169],[88.683,22.081],[88.736,22.032],[88.721,22.005],[88.664,22.024],[88.634,22.106],[88.653,22.163],[88.684,22.207],[88.705,22.207]]],[[[88.227,21.762],[88.272,21.754],[88.262,21.73],[88.311,21.676],[88.288,21.623],[88.306,21.583],[88.292,21.563],[88.248,21.564],[88.243,21.597],[88.216,21.616],[88.233,21.668],[88.198,21.689],[88.22,21.7],[88.211,21.726],[88.227,21.762]]],[[[88.337,21.86],[88.353,21.854],[88.378,21.769],[88.343,21.76],[88.345,21.722],[88.316,21.709],[88.298,21.777],[88.311,21.796],[88.294,21.803],[88.31,21.793],[88.296,21.774],[88.26,21.807],[88.337,21.86]]],[[[88.445,21.905],[88.482,21.888],[88.49,21.856],[88.488,21.838],[88.448,21.815],[88.461,21.79],[88.424,21.812],[88.402,21.798],[88.393,21.833],[88.419,21.902],[88.445,21.905]]],[[[88.545,21.81],[88.572,21.788],[88.573,21.736],[88.519,21.719],[88.504,21.757],[88.535,21.792],[88.504,21.771],[88.545,21.81]]],[[[88.679,22.017],[88.716,22.001],[88.693,21.97],[88.687,21.991],[88.692,21.957],[88.668,21.954],[88.688,21.953],[88.678,21.943],[88.633,21.952],[88.635,21.996],[88.653,22.019],[88.679,22.017]]],[[[88.414,21.729],[88.429,21.702],[88.411,21.659],[88.432,21.627],[88.399,21.596],[88.38,21.681],[88.404,21.715],[88.369,21.727],[88.395,21.755],[88.414,21.729]]],[[[88.55,21.736],[88.571,21.732],[88.591,21.691],[88.543,21.724],[88.574,21.694],[88.553,21.703],[88.569,21.669],[88.549,21.636],[88.517,21.711],[88.55,21.736]]],[[[88.537,21.639],[88.588,21.602],[88.55,21.564],[88.537,21.587],[88.557,21.604],[88.537,21.588],[88.51,21.602],[88.524,21.653],[88.537,21.639]]],[[[88.622,21.898],[88.633,21.87],[88.654,21.868],[88.639,21.785],[88.595,21.854],[88.622,21.898]]],[[[88.306,21.708],[88.342,21.693],[88.358,21.648],[88.315,21.608],[88.306,21.708]]],[[[88.458,21.789],[88.475,21.791],[88.467,21.737],[88.433,21.704],[88.423,21.768],[88.446,21.798],[88.458,21.789]]],[[[88.455,21.709],[88.471,21.673],[88.442,21.615],[88.419,21.689],[88.455,21.709]]],[[[88.205,21.72],[88.217,21.701],[88.196,21.682],[88.226,21.67],[88.232,21.644],[88.212,21.602],[88.181,21.686],[88.205,21.72]]],[[[88.424,21.811],[88.443,21.8],[88.421,21.767],[88.423,21.72],[88.383,21.779],[88.424,21.811]]],[[[88.562,21.897],[88.573,21.858],[88.551,21.817],[88.531,21.849],[88.55,21.881],[88.541,21.903],[88.562,21.897]]],[[[88.503,21.594],[88.534,21.578],[88.531,21.542],[88.506,21.541],[88.503,21.565],[88.504,21.544],[88.482,21.555],[88.503,21.594]]],[[[88.364,21.764],[88.365,21.722],[88.398,21.713],[88.361,21.686],[88.338,21.711],[88.343,21.754],[88.364,21.764]]],[[[88.61,21.79],[88.631,21.743],[88.609,21.708],[88.599,21.716],[88.623,21.737],[88.586,21.757],[88.61,21.79]]],[[[88.577,21.691],[88.602,21.621],[88.554,21.64],[88.577,21.691]]],[[[88.592,21.85],[88.618,21.829],[88.614,21.798],[88.576,21.817],[88.592,21.85]]],[[[88.64,21.922],[88.668,21.912],[88.653,21.873],[88.634,21.871],[88.623,21.901],[88.64,21.922]]],[[[88.302,21.724],[88.297,21.706],[88.278,21.728],[88.289,21.778],[88.302,21.724]]],[[[88.49,21.835],[88.5,21.813],[88.486,21.799],[88.453,21.806],[88.49,21.835]]],[[[88.088,21.933],[88.067,21.92],[88.082,21.965],[88.125,21.995],[88.088,21.933]]],[[[88.582,21.778],[88.616,21.728],[88.58,21.726],[88.569,21.769],[88.582,21.778]]],[[[88.386,21.764],[88.387,21.741],[88.362,21.732],[88.386,21.764]]],[[[88.592,21.694],[88.606,21.68],[88.589,21.657],[88.592,21.694]]],[[[88.136,21.926],[88.129,21.899],[88.116,21.918],[88.136,21.926]]],[[[88.178,21.601],[88.178,21.601],[88.178,21.601],[88.178,21.601],[88.178,21.6],[88.178,21.599],[88.178,21.598],[88.178,21.597],[88.178,21.597],[88.179,21.597],[88.178,21.596],[88.178,21.596],[88.177,21.596],[88.177,21.595],[88.178,21.595],[88.178,21.594],[88.178,21.594],[88.178,21.593],[88.178,21.593],[88.178,21.592],[88.178,21.592],[88.178,21.591],[88.18,21.59],[88.18,21.589],[88.179,21.589],[88.18,21.589],[88.181,21.588],[88.181,21.587],[88.182,21.586],[88.182,21.586],[88.184,21.584],[88.185,21.584],[88.185,21.584],[88.186,21.584],[88.186,21.584],[88.186,21.584],[88.187,21.584],[88.187,21.584],[88.188,21.583],[88.188,21.583],[88.189,21.582],[88.189,21.582],[88.189,21.581],[88.189,21.581],[88.188,21.581],[88.188,21.581],[88.188,21.581],[88.188,21.58],[88.188,21.58],[88.187,21.579],[88.186,21.579],[88.187,21.578],[88.187,21.578],[88.187,21.578],[88.187,21.577],[88.186,21.577],[88.186,21.575],[88.186,21.573],[88.186,21.573],[88.186,21.571],[88.186,21.571],[88.186,21.568],[88.187,21.567],[88.187,21.567],[88.187,21.567],[88.187,21.566],[88.187,21.566],[88.187,21.565],[88.187,21.564],[88.187,21.564],[88.187,21.564],[88.188,21.564],[88.188,21.564],[88.189,21.564],[88.189,21.564],[88.189,21.564],[88.189,21.564],[88.189,21.563],[88.189,21.563],[88.189,21.563],[88.188,21.563],[88.188,21.562],[88.187,21.562],[88.187,21.561],[88.187,21.56],[88.184,21.56],[88.184,21.56],[88.184,21.56],[88.183,21.56],[88.183,21.56],[88.183,21.56],[88.182,21.56],[88.182,21.561],[88.18,21.561],[88.179,21.562],[88.179,21.562],[88.178,21.563],[88.178,21.563],[88.177,21.564],[88.177,21.564],[88.177,21.564],[88.177,21.565],[88.176,21.565],[88.175,21.566],[88.175,21.566],[88.174,21.567],[88.174,21.567],[88.174,21.568],[88.174,21.568],[88.174,21.568],[88.174,21.568],[88.174,21.569],[88.174,21.569],[88.174,21.569],[88.174,21.569],[88.174,21.57],[88.174,21.57],[88.173,21.571],[88.173,21.572],[88.173,21.572],[88.173,21.573],[88.172,21.573],[88.172,21.574],[88.172,21.574],[88.172,21.575],[88.172,21.575],[88.172,21.576],[88.171,21.576],[88.171,21.579],[88.171,21.579],[88.171,21.582],[88.171,21.582],[88.171,21.583],[88.171,21.583],[88.171,21.585],[88.171,21.586],[88.171,21.586],[88.17,21.587],[88.17,21.588],[88.169,21.589],[88.169,21.589],[88.169,21.589],[88.169,21.589],[88.169,21.59],[88.169,21.591],[88.169,21.591],[88.168,21.591],[88.168,21.591],[88.168,21.592],[88.168,21.592],[88.168,21.593],[88.168,21.593],[88.168,21.594],[88.168,21.594],[88.168,21.596],[88.168,21.596],[88.168,21.597],[88.168,21.597],[88.168,21.597],[88.169,21.598],[88.169,21.598],[88.169,21.599],[88.169,21.599],[88.17,21.6],[88.17,21.6],[88.171,21.6],[88.171,21.6],[88.171,21.601],[88.171,21.601],[88.172,21.601],[88.173,21.601],[88.173,21.601],[88.173,21.601],[88.174,21.601],[88.175,21.601],[88.175,21.601],[88.176,21.601],[88.176,21.601],[88.177,21.601],[88.177,21.601],[88.178,21.601]]],[[[88.505,21.913],[88.49,21.889],[88.477,21.898],[88.505,21.913]]],[[[88.274,21.791],[88.275,21.791],[88.275,21.791],[88.276,21.791],[88.277,21.791],[88.278,21.791],[88.278,21.791],[88.279,21.79],[88.279,21.79],[88.28,21.79],[88.28,21.79],[88.281,21.79],[88.282,21.79],[88.282,21.789],[88.283,21.789],[88.283,21.789],[88.284,21.789],[88.284,21.788],[88.285,21.788],[88.285,21.788],[88.286,21.787],[88.286,21.787],[88.286,21.786],[88.287,21.786],[88.287,21.785],[88.287,21.785],[88.287,21.784],[88.287,21.784],[88.288,21.784],[88.288,21.783],[88.288,21.782],[88.288,21.782],[88.288,21.781],[88.288,21.781],[88.288,21.78],[88.287,21.78],[88.287,21.779],[88.287,21.779],[88.287,21.779],[88.287,21.779],[88.286,21.778],[88.286,21.778],[88.286,21.777],[88.286,21.777],[88.286,21.777],[88.285,21.776],[88.285,21.776],[88.285,21.776],[88.285,21.775],[88.285,21.775],[88.284,21.774],[88.284,21.773],[88.284,21.773],[88.284,21.772],[88.284,21.771],[88.284,21.771],[88.284,21.771],[88.284,21.77],[88.283,21.77],[88.283,21.769],[88.283,21.769],[88.283,21.77],[88.283,21.77],[88.283,21.77],[88.282,21.77],[88.282,21.77],[88.281,21.771],[88.28,21.771],[88.28,21.772],[88.28,21.772],[88.279,21.773],[88.279,21.773],[88.278,21.773],[88.278,21.773],[88.277,21.773],[88.277,21.773],[88.277,21.774],[88.277,21.774],[88.276,21.774],[88.276,21.774],[88.276,21.774],[88.276,21.774],[88.275,21.775],[88.275,21.775],[88.274,21.776],[88.274,21.776],[88.274,21.776],[88.273,21.776],[88.273,21.777],[88.273,21.777],[88.273,21.777],[88.273,21.778],[88.272,21.778],[88.272,21.778],[88.272,21.779],[88.272,21.779],[88.271,21.78],[88.271,21.78],[88.271,21.78],[88.27,21.781],[88.27,21.781],[88.27,21.782],[88.27,21.782],[88.269,21.782],[88.269,21.782],[88.269,21.783],[88.268,21.783],[88.268,21.784],[88.267,21.784],[88.267,21.785],[88.267,21.786],[88.266,21.786],[88.266,21.787],[88.266,21.787],[88.266,21.787],[88.265,21.788],[88.265,21.788],[88.265,21.789],[88.265,21.789],[88.264,21.79],[88.264,21.79],[88.264,21.79],[88.264,21.791],[88.264,21.791],[88.264,21.791],[88.264,21.792],[88.264,21.792],[88.264,21.792],[88.264,21.793],[88.264,21.793],[88.264,21.793],[88.264,21.793],[88.265,21.793],[88.265,21.792],[88.266,21.792],[88.266,21.792],[88.267,21.792],[88.267,21.792],[88.268,21.792],[88.268,21.792],[88.269,21.792],[88.269,21.791],[88.27,21.791],[88.27,21.791],[88.271,21.791],[88.271,21.791],[88.272,21.791],[88.272,21.791],[88.273,21.791],[88.273,21.791],[88.274,21.791]]],[[[88.632,21.649],[88.631,21.649],[88.631,21.649],[88.63,21.649],[88.628,21.651],[88.628,21.651],[88.628,21.652],[88.628,21.652],[88.628,21.653],[88.628,21.654],[88.628,21.658],[88.628,21.659],[88.628,21.659],[88.629,21.659],[88.629,21.661],[88.629,21.661],[88.629,21.662],[88.629,21.662],[88.629,21.663],[88.629,21.664],[88.629,21.664],[88.63,21.664],[88.63,21.665],[88.63,21.666],[88.632,21.667],[88.632,21.668],[88.632,21.668],[88.631,21.668],[88.631,21.669],[88.633,21.67],[88.633,21.67],[88.633,21.671],[88.633,21.671],[88.634,21.672],[88.634,21.673],[88.634,21.673],[88.634,21.673],[88.634,21.674],[88.635,21.674],[88.635,21.675],[88.635,21.675],[88.636,21.675],[88.636,21.676],[88.636,21.676],[88.637,21.676],[88.637,21.677],[88.637,21.677],[88.637,21.677],[88.638,21.678],[88.638,21.678],[88.638,21.678],[88.639,21.678],[88.639,21.678],[88.64,21.678],[88.64,21.679],[88.64,21.679],[88.641,21.678],[88.641,21.678],[88.641,21.678],[88.641,21.677],[88.641,21.677],[88.641,21.677],[88.641,21.676],[88.641,21.676],[88.641,21.675],[88.641,21.675],[88.641,21.674],[88.641,21.674],[88.641,21.673],[88.64,21.673],[88.64,21.673],[88.64,21.672],[88.64,21.671],[88.64,21.671],[88.64,21.67],[88.64,21.67],[88.64,21.669],[88.64,21.669],[88.639,21.669],[88.639,21.669],[88.639,21.668],[88.639,21.668],[88.639,21.668],[88.639,21.667],[88.639,21.667],[88.638,21.666],[88.638,21.666],[88.638,21.666],[88.638,21.665],[88.637,21.665],[88.637,21.665],[88.636,21.664],[88.636,21.663],[88.636,21.663],[88.636,21.663],[88.636,21.663],[88.636,21.662],[88.635,21.661],[88.634,21.661],[88.634,21.661],[88.634,21.66],[88.634,21.66],[88.634,21.659],[88.634,21.659],[88.634,21.658],[88.634,21.657],[88.634,21.657],[88.634,21.656],[88.634,21.656],[88.634,21.656],[88.634,21.656],[88.633,21.656],[88.633,21.655],[88.633,21.655],[88.633,21.654],[88.634,21.654],[88.634,21.653],[88.634,21.653],[88.634,21.652],[88.634,21.651],[88.634,21.651],[88.633,21.651],[88.633,21.65],[88.633,21.65],[88.632,21.649],[88.632,21.649]]],[[[88.163,21.937],[88.164,21.937],[88.164,21.937],[88.164,21.937],[88.165,21.937],[88.165,21.936],[88.165,21.936],[88.166,21.936],[88.166,21.936],[88.166,21.936],[88.166,21.936],[88.167,21.936],[88.167,21.936],[88.167,21.935],[88.168,21.935],[88.168,21.935],[88.168,21.935],[88.169,21.934],[88.169,21.934],[88.171,21.933],[88.171,21.933],[88.171,21.932],[88.171,21.931],[88.171,21.931],[88.171,21.931],[88.171,21.931],[88.171,21.93],[88.172,21.929],[88.171,21.929],[88.171,21.928],[88.171,21.928],[88.171,21.928],[88.171,21.927],[88.171,21.927],[88.171,21.927],[88.171,21.926],[88.171,21.925],[88.171,21.925],[88.171,21.924],[88.17,21.924],[88.17,21.924],[88.17,21.923],[88.17,21.923],[88.17,21.922],[88.17,21.921],[88.169,21.921],[88.169,21.92],[88.168,21.919],[88.168,21.919],[88.168,21.919],[88.168,21.919],[88.167,21.918],[88.167,21.917],[88.167,21.917],[88.166,21.917],[88.166,21.917],[88.165,21.916],[88.165,21.916],[88.165,21.917],[88.164,21.917],[88.164,21.917],[88.164,21.918],[88.164,21.918],[88.164,21.918],[88.164,21.919],[88.164,21.919],[88.164,21.919],[88.163,21.92],[88.163,21.921],[88.163,21.921],[88.163,21.921],[88.162,21.922],[88.162,21.922],[88.162,21.923],[88.162,21.923],[88.162,21.923],[88.162,21.924],[88.161,21.924],[88.161,21.925],[88.161,21.925],[88.161,21.926],[88.161,21.926],[88.161,21.927],[88.16,21.927],[88.16,21.927],[88.16,21.928],[88.16,21.928],[88.16,21.929],[88.16,21.929],[88.161,21.93],[88.161,21.931],[88.161,21.932],[88.161,21.932],[88.161,21.933],[88.161,21.935],[88.161,21.935],[88.161,21.936],[88.161,21.936],[88.162,21.936],[88.162,21.936],[88.163,21.937],[88.163,21.937]]],[[[88.713,22.093],[88.713,22.092],[88.712,22.093],[88.712,22.092],[88.711,22.092],[88.711,22.092],[88.71,22.092],[88.71,22.091],[88.71,22.091],[88.71,22.091],[88.709,22.091],[88.709,22.091],[88.708,22.091],[88.708,22.091],[88.707,22.09],[88.706,22.09],[88.705,22.089],[88.705,22.089],[88.705,22.088],[88.704,22.088],[88.703,22.087],[88.702,22.087],[88.701,22.086],[88.701,22.085],[88.7,22.085],[88.699,22.084],[88.698,22.084],[88.698,22.083],[88.697,22.082],[88.696,22.081],[88.696,22.081],[88.696,22.08],[88.695,22.08],[88.695,22.08],[88.695,22.079],[88.695,22.079],[88.694,22.078],[88.694,22.078],[88.694,22.078],[88.693,22.078],[88.693,22.078],[88.693,22.079],[88.693,22.079],[88.693,22.08],[88.692,22.08],[88.692,22.081],[88.693,22.081],[88.693,22.081],[88.692,22.081],[88.691,22.082],[88.691,22.082],[88.691,22.083],[88.691,22.084],[88.691,22.084],[88.691,22.085],[88.692,22.086],[88.693,22.086],[88.694,22.087],[88.694,22.087],[88.695,22.087],[88.696,22.087],[88.696,22.088],[88.697,22.088],[88.697,22.089],[88.698,22.089],[88.698,22.089],[88.699,22.089],[88.7,22.089],[88.7,22.09],[88.701,22.09],[88.701,22.091],[88.702,22.091],[88.703,22.092],[88.704,22.092],[88.704,22.093],[88.705,22.093],[88.705,22.093],[88.706,22.093],[88.707,22.094],[88.707,22.094],[88.708,22.094],[88.708,22.094],[88.709,22.095],[88.71,22.095],[88.71,22.096],[88.711,22.096],[88.712,22.097],[88.713,22.097],[88.713,22.097],[88.714,22.097],[88.714,22.098],[88.715,22.098],[88.715,22.098],[88.716,22.098],[88.716,22.098],[88.716,22.099],[88.717,22.099],[88.717,22.099],[88.718,22.099],[88.718,22.099],[88.719,22.099],[88.719,22.1],[88.72,22.1],[88.72,22.1],[88.721,22.1],[88.722,22.101],[88.722,22.101],[88.722,22.101],[88.722,22.101],[88.723,22.101],[88.723,22.1],[88.722,22.099],[88.722,22.099],[88.721,22.098],[88.721,22.098],[88.721,22.097],[88.72,22.097],[88.72,22.097],[88.72,22.096],[88.72,22.096],[88.719,22.096],[88.719,22.096],[88.718,22.096],[88.718,22.095],[88.717,22.095],[88.717,22.095],[88.716,22.095],[88.717,22.094],[88.716,22.094],[88.716,22.094],[88.715,22.094],[88.715,22.093],[88.714,22.093],[88.713,22.093],[88.713,22.093]]],[[[88.52,21.855],[88.521,21.854],[88.521,21.854],[88.521,21.854],[88.522,21.854],[88.522,21.853],[88.522,21.853],[88.523,21.853],[88.523,21.853],[88.525,21.851],[88.525,21.851],[88.526,21.85],[88.526,21.849],[88.526,21.848],[88.526,21.848],[88.526,21.847],[88.526,21.847],[88.527,21.846],[88.527,21.846],[88.526,21.846],[88.526,21.845],[88.527,21.844],[88.527,21.844],[88.527,21.844],[88.527,21.843],[88.527,21.843],[88.527,21.843],[88.527,21.843],[88.527,21.841],[88.528,21.841],[88.528,21.84],[88.527,21.839],[88.527,21.839],[88.527,21.838],[88.527,21.838],[88.526,21.838],[88.526,21.837],[88.526,21.837],[88.526,21.837],[88.526,21.836],[88.526,21.836],[88.526,21.836],[88.525,21.835],[88.524,21.835],[88.524,21.835],[88.523,21.835],[88.523,21.835],[88.523,21.835],[88.522,21.835],[88.522,21.836],[88.522,21.836],[88.521,21.836],[88.521,21.836],[88.52,21.836],[88.52,21.836],[88.519,21.836],[88.519,21.836],[88.518,21.837],[88.518,21.837],[88.517,21.838],[88.517,21.838],[88.517,21.838],[88.517,21.839],[88.516,21.839],[88.516,21.84],[88.516,21.84],[88.516,21.841],[88.516,21.841],[88.517,21.841],[88.517,21.842],[88.518,21.842],[88.518,21.843],[88.518,21.844],[88.52,21.844],[88.52,21.844],[88.52,21.844],[88.522,21.846],[88.522,21.846],[88.521,21.847],[88.522,21.847],[88.522,21.848],[88.521,21.849],[88.519,21.849],[88.518,21.849],[88.518,21.848],[88.518,21.849],[88.518,21.849],[88.517,21.85],[88.518,21.85],[88.518,21.851],[88.518,21.852],[88.518,21.853],[88.518,21.853],[88.518,21.854],[88.518,21.854],[88.518,21.854],[88.518,21.854],[88.519,21.855],[88.519,21.855],[88.519,21.855],[88.52,21.855]]],[[[88.171,21.809],[88.172,21.808],[88.172,21.807],[88.173,21.807],[88.173,21.807],[88.173,21.806],[88.173,21.804],[88.173,21.803],[88.173,21.803],[88.174,21.803],[88.174,21.802],[88.174,21.802],[88.174,21.802],[88.174,21.801],[88.174,21.8],[88.174,21.799],[88.174,21.799],[88.174,21.799],[88.174,21.797],[88.173,21.796],[88.173,21.796],[88.173,21.795],[88.172,21.794],[88.172,21.794],[88.172,21.794],[88.172,21.793],[88.172,21.793],[88.172,21.792],[88.17,21.791],[88.169,21.791],[88.169,21.791],[88.167,21.791],[88.167,21.792],[88.167,21.794],[88.166,21.794],[88.166,21.794],[88.166,21.795],[88.166,21.796],[88.166,21.796],[88.166,21.798],[88.165,21.799],[88.165,21.8],[88.166,21.801],[88.166,21.802],[88.166,21.802],[88.166,21.803],[88.166,21.803],[88.166,21.804],[88.166,21.804],[88.166,21.805],[88.167,21.806],[88.167,21.806],[88.167,21.806],[88.167,21.807],[88.168,21.807],[88.168,21.807],[88.168,21.808],[88.169,21.808],[88.169,21.808],[88.17,21.808],[88.17,21.808],[88.171,21.808],[88.171,21.808],[88.171,21.809]]],[[[88.636,22.051],[88.636,22.05],[88.636,22.05],[88.636,22.049],[88.636,22.049],[88.636,22.049],[88.635,22.049],[88.634,22.049],[88.634,22.049],[88.634,22.049],[88.633,22.049],[88.633,22.05],[88.633,22.05],[88.632,22.05],[88.632,22.05],[88.631,22.051],[88.631,22.051],[88.63,22.052],[88.63,22.052],[88.629,22.053],[88.629,22.053],[88.629,22.053],[88.629,22.054],[88.629,22.054],[88.629,22.054],[88.629,22.054],[88.629,22.055],[88.628,22.055],[88.628,22.057],[88.628,22.057],[88.628,22.058],[88.628,22.059],[88.628,22.061],[88.629,22.062],[88.63,22.062],[88.63,22.062],[88.631,22.062],[88.631,22.063],[88.631,22.063],[88.631,22.063],[88.632,22.062],[88.632,22.062],[88.632,22.062],[88.632,22.061],[88.633,22.061],[88.633,22.061],[88.633,22.061],[88.633,22.059],[88.633,22.059],[88.633,22.059],[88.634,22.058],[88.634,22.057],[88.634,22.056],[88.634,22.056],[88.634,22.056],[88.634,22.055],[88.634,22.055],[88.634,22.054],[88.635,22.054],[88.635,22.053],[88.635,22.053],[88.635,22.053],[88.635,22.053],[88.635,22.052],[88.636,22.052],[88.636,22.052],[88.636,22.051],[88.636,22.051],[88.636,22.051]]],[[[88.452,21.906],[88.452,21.906],[88.452,21.906],[88.451,21.906],[88.45,21.906],[88.45,21.906],[88.449,21.906],[88.449,21.906],[88.448,21.906],[88.448,21.906],[88.448,21.906],[88.447,21.906],[88.447,21.906],[88.446,21.906],[88.446,21.906],[88.446,21.906],[88.445,21.906],[88.445,21.906],[88.445,21.907],[88.444,21.907],[88.444,21.907],[88.443,21.908],[88.443,21.908],[88.442,21.908],[88.442,21.908],[88.442,21.908],[88.442,21.909],[88.442,21.909],[88.443,21.91],[88.443,21.91],[88.444,21.91],[88.444,21.911],[88.445,21.911],[88.446,21.911],[88.447,21.911],[88.447,21.911],[88.448,21.911],[88.449,21.911],[88.449,21.911],[88.45,21.912],[88.451,21.912],[88.451,21.912],[88.452,21.912],[88.452,21.913],[88.453,21.913],[88.453,21.913],[88.454,21.914],[88.455,21.914],[88.456,21.914],[88.456,21.914],[88.456,21.914],[88.457,21.913],[88.457,21.913],[88.456,21.912],[88.456,21.912],[88.456,21.912],[88.456,21.911],[88.456,21.911],[88.456,21.911],[88.455,21.911],[88.455,21.91],[88.455,21.91],[88.455,21.91],[88.455,21.909],[88.454,21.909],[88.454,21.908],[88.454,21.908],[88.454,21.908],[88.454,21.907],[88.453,21.907],[88.453,21.907],[88.452,21.906]]],[[[88.197,21.758],[88.196,21.757],[88.196,21.758],[88.196,21.758],[88.196,21.758],[88.196,21.758],[88.195,21.759],[88.195,21.759],[88.195,21.759],[88.195,21.76],[88.194,21.76],[88.194,21.761],[88.194,21.761],[88.194,21.762],[88.194,21.762],[88.194,21.763],[88.194,21.764],[88.194,21.764],[88.194,21.764],[88.194,21.764],[88.195,21.765],[88.195,21.765],[88.196,21.766],[88.196,21.766],[88.197,21.768],[88.197,21.768],[88.198,21.768],[88.198,21.769],[88.199,21.769],[88.199,21.769],[88.2,21.769],[88.2,21.769],[88.201,21.769],[88.201,21.768],[88.201,21.768],[88.201,21.768],[88.201,21.767],[88.201,21.767],[88.201,21.766],[88.201,21.766],[88.202,21.765],[88.202,21.765],[88.202,21.765],[88.202,21.764],[88.202,21.764],[88.202,21.764],[88.203,21.764],[88.203,21.763],[88.202,21.763],[88.202,21.763],[88.202,21.762],[88.202,21.762],[88.202,21.761],[88.201,21.76],[88.199,21.759],[88.199,21.759],[88.199,21.759],[88.198,21.758],[88.197,21.758]]],[[[88.107,21.894],[88.107,21.893],[88.108,21.893],[88.109,21.893],[88.109,21.893],[88.11,21.892],[88.11,21.892],[88.111,21.891],[88.111,21.891],[88.112,21.889],[88.112,21.889],[88.112,21.889],[88.112,21.888],[88.112,21.888],[88.112,21.888],[88.111,21.888],[88.111,21.887],[88.111,21.887],[88.111,21.886],[88.111,21.886],[88.111,21.886],[88.111,21.886],[88.111,21.885],[88.11,21.885],[88.11,21.885],[88.11,21.884],[88.11,21.884],[88.109,21.884],[88.109,21.884],[88.107,21.886],[88.107,21.887],[88.107,21.887],[88.106,21.887],[88.106,21.888],[88.106,21.888],[88.105,21.889],[88.105,21.89],[88.105,21.89],[88.105,21.89],[88.105,21.891],[88.105,21.891],[88.105,21.892],[88.105,21.893],[88.105,21.895],[88.105,21.896],[88.105,21.896],[88.105,21.897],[88.104,21.897],[88.104,21.898],[88.105,21.898],[88.105,21.899],[88.105,21.899],[88.105,21.899],[88.106,21.9],[88.106,21.9],[88.106,21.901],[88.106,21.901],[88.106,21.901],[88.106,21.901],[88.107,21.901],[88.107,21.902],[88.107,21.902],[88.107,21.903],[88.107,21.903],[88.108,21.903],[88.108,21.904],[88.108,21.904],[88.108,21.905],[88.109,21.905],[88.109,21.905],[88.109,21.905],[88.109,21.906],[88.109,21.906],[88.109,21.906],[88.109,21.907],[88.11,21.908],[88.11,21.908],[88.111,21.908],[88.111,21.909],[88.111,21.909],[88.111,21.909],[88.112,21.91],[88.112,21.91],[88.112,21.91],[88.113,21.911],[88.113,21.911],[88.113,21.91],[88.113,21.91],[88.113,21.91],[88.112,21.909],[88.112,21.909],[88.112,21.909],[88.112,21.908],[88.112,21.908],[88.112,21.908],[88.111,21.908],[88.111,21.907],[88.111,21.907],[88.111,21.906],[88.11,21.905],[88.109,21.904],[88.109,21.904],[88.109,21.904],[88.109,21.903],[88.108,21.903],[88.108,21.902],[88.108,21.902],[88.108,21.901],[88.108,21.901],[88.108,21.901],[88.107,21.9],[88.107,21.9],[88.107,21.899],[88.105,21.898],[88.105,21.897],[88.106,21.896],[88.106,21.896],[88.106,21.896],[88.106,21.896],[88.106,21.895],[88.107,21.894],[88.107,21.894]]],[[[88.729,22.113],[88.729,22.113],[88.728,22.113],[88.727,22.114],[88.727,22.114],[88.727,22.114],[88.728,22.115],[88.728,22.115],[88.728,22.116],[88.728,22.117],[88.728,22.117],[88.728,22.118],[88.728,22.118],[88.728,22.119],[88.728,22.12],[88.729,22.12],[88.729,22.12],[88.729,22.12],[88.729,22.121],[88.729,22.121],[88.729,22.122],[88.729,22.122],[88.729,22.122],[88.729,22.123],[88.73,22.123],[88.73,22.123],[88.73,22.124],[88.73,22.124],[88.731,22.125],[88.731,22.125],[88.732,22.126],[88.732,22.126],[88.732,22.126],[88.733,22.127],[88.733,22.127],[88.734,22.128],[88.734,22.128],[88.734,22.128],[88.735,22.129],[88.735,22.129],[88.736,22.129],[88.736,22.129],[88.737,22.129],[88.737,22.128],[88.737,22.128],[88.736,22.128],[88.736,22.127],[88.736,22.127],[88.736,22.126],[88.736,22.126],[88.736,22.125],[88.736,22.125],[88.736,22.124],[88.736,22.124],[88.736,22.124],[88.735,22.123],[88.735,22.123],[88.735,22.123],[88.735,22.122],[88.735,22.122],[88.734,22.122],[88.734,22.121],[88.734,22.121],[88.734,22.121],[88.734,22.121],[88.734,22.12],[88.734,22.12],[88.734,22.12],[88.733,22.119],[88.733,22.119],[88.733,22.119],[88.733,22.119],[88.733,22.118],[88.732,22.118],[88.732,22.117],[88.732,22.117],[88.731,22.116],[88.731,22.116],[88.731,22.115],[88.73,22.115],[88.73,22.114],[88.729,22.114],[88.729,22.113]]],[[[88.725,22.058],[88.727,22.056],[88.726,22.056],[88.726,22.056],[88.725,22.056],[88.725,22.057],[88.724,22.057],[88.724,22.057],[88.723,22.057],[88.723,22.057],[88.723,22.057],[88.722,22.057],[88.722,22.057],[88.721,22.057],[88.721,22.057],[88.721,22.058],[88.72,22.058],[88.72,22.058],[88.719,22.058],[88.719,22.058],[88.718,22.058],[88.718,22.058],[88.717,22.058],[88.717,22.058],[88.717,22.058],[88.716,22.058],[88.716,22.058],[88.715,22.058],[88.715,22.058],[88.715,22.059],[88.714,22.059],[88.714,22.059],[88.713,22.059],[88.713,22.059],[88.712,22.059],[88.712,22.06],[88.712,22.06],[88.711,22.06],[88.711,22.061],[88.71,22.061],[88.71,22.061],[88.709,22.061],[88.709,22.062],[88.709,22.062],[88.708,22.062],[88.708,22.063],[88.707,22.063],[88.707,22.063],[88.706,22.063],[88.705,22.064],[88.705,22.065],[88.705,22.065],[88.704,22.066],[88.704,22.066],[88.704,22.067],[88.715,22.062],[88.725,22.058]]],[[[88.181,21.786],[88.181,21.786],[88.181,21.786],[88.181,21.787],[88.18,21.787],[88.18,21.788],[88.18,21.788],[88.18,21.788],[88.18,21.788],[88.18,21.789],[88.18,21.789],[88.179,21.789],[88.179,21.79],[88.179,21.79],[88.179,21.791],[88.179,21.791],[88.179,21.793],[88.179,21.793],[88.179,21.794],[88.18,21.795],[88.18,21.795],[88.181,21.796],[88.182,21.794],[88.182,21.794],[88.183,21.793],[88.183,21.793],[88.184,21.792],[88.184,21.792],[88.184,21.792],[88.185,21.791],[88.185,21.789],[88.185,21.789],[88.185,21.789],[88.184,21.788],[88.183,21.788],[88.182,21.786],[88.182,21.786],[88.182,21.786],[88.181,21.786]]],[[[88.196,21.724],[88.195,21.724],[88.195,21.724],[88.195,21.726],[88.195,21.726],[88.195,21.726],[88.195,21.726],[88.195,21.727],[88.196,21.727],[88.196,21.727],[88.196,21.728],[88.196,21.728],[88.196,21.729],[88.196,21.729],[88.196,21.73],[88.196,21.73],[88.196,21.73],[88.196,21.731],[88.196,21.731],[88.197,21.731],[88.197,21.731],[88.197,21.732],[88.197,21.732],[88.197,21.732],[88.198,21.732],[88.198,21.733],[88.198,21.733],[88.198,21.733],[88.199,21.734],[88.199,21.734],[88.199,21.734],[88.199,21.735],[88.2,21.735],[88.2,21.736],[88.2,21.736],[88.2,21.736],[88.201,21.736],[88.201,21.736],[88.201,21.736],[88.201,21.737],[88.201,21.737],[88.201,21.737],[88.201,21.736],[88.202,21.736],[88.202,21.735],[88.202,21.735],[88.202,21.734],[88.201,21.733],[88.201,21.733],[88.201,21.733],[88.201,21.731],[88.201,21.731],[88.201,21.731],[88.2,21.73],[88.2,21.73],[88.2,21.729],[88.2,21.729],[88.2,21.729],[88.2,21.728],[88.199,21.728],[88.199,21.728],[88.199,21.727],[88.199,21.727],[88.199,21.727],[88.198,21.727],[88.198,21.726],[88.198,21.726],[88.197,21.726],[88.197,21.726],[88.197,21.725],[88.197,21.725],[88.197,21.725],[88.196,21.725],[88.196,21.725],[88.196,21.724]]],[[[88.583,21.866],[88.582,21.866],[88.582,21.866],[88.582,21.866],[88.582,21.866],[88.581,21.867],[88.581,21.867],[88.581,21.868],[88.581,21.868],[88.581,21.869],[88.581,21.869],[88.581,21.87],[88.581,21.87],[88.581,21.871],[88.581,21.871],[88.581,21.872],[88.581,21.872],[88.581,21.873],[88.581,21.873],[88.581,21.873],[88.582,21.874],[88.582,21.874],[88.582,21.875],[88.582,21.875],[88.583,21.876],[88.583,21.876],[88.584,21.876],[88.584,21.877],[88.585,21.877],[88.585,21.877],[88.585,21.876],[88.585,21.876],[88.586,21.876],[88.586,21.875],[88.586,21.875],[88.586,21.874],[88.585,21.873],[88.585,21.873],[88.585,21.872],[88.585,21.872],[88.585,21.871],[88.585,21.871],[88.585,21.87],[88.585,21.87],[88.585,21.87],[88.585,21.87],[88.585,21.869],[88.584,21.869],[88.584,21.868],[88.584,21.868],[88.584,21.867],[88.584,21.867],[88.583,21.866],[88.583,21.866]]],[[[88.019,21.573],[88.019,21.573],[88.019,21.573],[88.02,21.572],[88.021,21.572],[88.021,21.571],[88.021,21.571],[88.021,21.571],[88.021,21.571],[88.021,21.57],[88.021,21.569],[88.022,21.569],[88.022,21.569],[88.021,21.569],[88.021,21.568],[88.022,21.568],[88.022,21.568],[88.021,21.567],[88.02,21.567],[88.02,21.567],[88.02,21.568],[88.019,21.568],[88.019,21.568],[88.019,21.568],[88.019,21.569],[88.019,21.569],[88.019,21.569],[88.018,21.57],[88.018,21.57],[88.018,21.571],[88.018,21.571],[88.017,21.572],[88.017,21.573],[88.017,21.573],[88.017,21.573],[88.017,21.573],[88.017,21.574],[88.016,21.574],[88.016,21.576],[88.016,21.576],[88.016,21.576],[88.016,21.577],[88.016,21.577],[88.016,21.577],[88.016,21.577],[88.015,21.578],[88.015,21.578],[88.015,21.578],[88.015,21.579],[88.015,21.58],[88.015,21.58],[88.015,21.581],[88.016,21.581],[88.016,21.582],[88.016,21.581],[88.016,21.581],[88.016,21.581],[88.017,21.58],[88.017,21.579],[88.017,21.579],[88.017,21.577],[88.017,21.577],[88.017,21.577],[88.018,21.576],[88.018,21.576],[88.018,21.575],[88.018,21.574],[88.018,21.574],[88.018,21.574],[88.019,21.573],[88.019,21.573]]],[[[88.75,22.197],[88.749,22.197],[88.749,22.197],[88.748,22.197],[88.748,22.198],[88.748,22.198],[88.747,22.198],[88.747,22.199],[88.747,22.199],[88.747,22.199],[88.747,22.2],[88.747,22.2],[88.747,22.2],[88.748,22.201],[88.748,22.201],[88.748,22.201],[88.748,22.202],[88.748,22.202],[88.748,22.203],[88.748,22.203],[88.748,22.204],[88.748,22.204],[88.748,22.205],[88.748,22.205],[88.748,22.206],[88.748,22.206],[88.748,22.207],[88.748,22.207],[88.748,22.207],[88.748,22.208],[88.748,22.208],[88.747,22.208],[88.747,22.209],[88.747,22.209],[88.747,22.21],[88.747,22.21],[88.747,22.211],[88.747,22.212],[88.748,22.212],[88.748,22.213],[88.748,22.213],[88.748,22.214],[88.749,22.215],[88.749,22.215],[88.749,22.216],[88.75,22.216],[88.75,22.216],[88.749,22.214],[88.75,22.197]]],[[[88.182,21.826],[88.183,21.825],[88.183,21.824],[88.183,21.824],[88.183,21.823],[88.183,21.823],[88.183,21.823],[88.184,21.822],[88.184,21.822],[88.184,21.821],[88.185,21.821],[88.185,21.821],[88.185,21.821],[88.185,21.821],[88.186,21.82],[88.185,21.82],[88.186,21.819],[88.185,21.819],[88.185,21.819],[88.185,21.819],[88.184,21.82],[88.184,21.82],[88.184,21.82],[88.184,21.82],[88.183,21.82],[88.183,21.82],[88.183,21.821],[88.182,21.821],[88.182,21.821],[88.181,21.821],[88.181,21.822],[88.181,21.822],[88.178,21.825],[88.178,21.825],[88.178,21.826],[88.179,21.826],[88.179,21.826],[88.179,21.826],[88.179,21.826],[88.18,21.826],[88.181,21.826],[88.181,21.826],[88.181,21.827],[88.181,21.827],[88.182,21.826],[88.182,21.826]]],[[[88.746,22.127],[88.746,22.127],[88.746,22.128],[88.745,22.128],[88.745,22.129],[88.745,22.129],[88.745,22.129],[88.745,22.13],[88.745,22.13],[88.746,22.131],[88.746,22.131],[88.746,22.131],[88.746,22.132],[88.746,22.132],[88.747,22.133],[88.748,22.134],[88.748,22.134],[88.749,22.135],[88.749,22.135],[88.75,22.135],[88.75,22.135],[88.75,22.136],[88.751,22.136],[88.751,22.136],[88.752,22.136],[88.752,22.136],[88.753,22.136],[88.753,22.136],[88.753,22.136],[88.753,22.137],[88.754,22.137],[88.746,22.127]]],[[[88.504,21.781],[88.503,21.781],[88.503,21.781],[88.503,21.781],[88.502,21.781],[88.502,21.781],[88.502,21.781],[88.501,21.781],[88.501,21.782],[88.501,21.782],[88.501,21.782],[88.501,21.783],[88.501,21.783],[88.502,21.783],[88.502,21.784],[88.502,21.784],[88.502,21.784],[88.502,21.784],[88.502,21.785],[88.503,21.785],[88.503,21.785],[88.503,21.786],[88.503,21.786],[88.504,21.786],[88.504,21.787],[88.505,21.787],[88.505,21.787],[88.506,21.788],[88.506,21.788],[88.506,21.788],[88.507,21.788],[88.506,21.786],[88.506,21.785],[88.506,21.785],[88.506,21.784],[88.506,21.784],[88.505,21.783],[88.504,21.781],[88.504,21.781],[88.504,21.781]]],[[[88.773,22.249],[88.771,22.241],[88.77,22.241],[88.77,22.242],[88.77,22.242],[88.77,22.243],[88.77,22.243],[88.77,22.244],[88.77,22.244],[88.77,22.244],[88.771,22.245],[88.771,22.245],[88.771,22.246],[88.771,22.246],[88.771,22.247],[88.771,22.247],[88.772,22.248],[88.772,22.248],[88.772,22.249],[88.772,22.249],[88.772,22.249],[88.773,22.25],[88.773,22.25],[88.773,22.25],[88.774,22.251],[88.774,22.251],[88.774,22.251],[88.775,22.251],[88.775,22.251],[88.776,22.252],[88.776,22.252],[88.776,22.252],[88.777,22.252],[88.777,22.253],[88.778,22.253],[88.778,22.253],[88.779,22.253],[88.779,22.254],[88.78,22.254],[88.78,22.254],[88.781,22.254],[88.781,22.254],[88.782,22.255],[88.782,22.255],[88.783,22.255],[88.783,22.256],[88.783,22.256],[88.784,22.256],[88.784,22.256],[88.785,22.257],[88.785,22.257],[88.785,22.257],[88.786,22.257],[88.786,22.258],[88.786,22.258],[88.787,22.258],[88.787,22.258],[88.778,22.252],[88.773,22.249]]],[[[88.704,22.076],[88.704,22.067],[88.704,22.068],[88.704,22.068],[88.704,22.068],[88.703,22.069],[88.703,22.069],[88.703,22.069],[88.703,22.07],[88.703,22.07],[88.703,22.071],[88.703,22.071],[88.703,22.072],[88.703,22.072],[88.702,22.073],[88.702,22.073],[88.702,22.074],[88.702,22.074],[88.702,22.075],[88.702,22.075],[88.702,22.076],[88.702,22.076],[88.702,22.077],[88.702,22.077],[88.703,22.078],[88.703,22.078],[88.703,22.079],[88.703,22.079],[88.704,22.08],[88.704,22.08],[88.704,22.081],[88.705,22.081],[88.705,22.081],[88.706,22.082],[88.706,22.082],[88.704,22.076]]],[[[88.751,22.228],[88.751,22.227],[88.751,22.228],[88.751,22.228],[88.752,22.228],[88.752,22.229],[88.752,22.229],[88.752,22.229],[88.752,22.23],[88.752,22.23],[88.753,22.231],[88.753,22.231],[88.753,22.232],[88.754,22.232],[88.754,22.232],[88.754,22.233],[88.755,22.233],[88.755,22.233],[88.755,22.234],[88.755,22.234],[88.756,22.234],[88.756,22.235],[88.756,22.235],[88.757,22.236],[88.757,22.236],[88.757,22.237],[88.758,22.237],[88.758,22.237],[88.759,22.238],[88.759,22.238],[88.759,22.239],[88.76,22.239],[88.76,22.239],[88.761,22.24],[88.761,22.24],[88.761,22.24],[88.762,22.241],[88.762,22.241],[88.763,22.242],[88.763,22.241],[88.763,22.241],[88.751,22.228]]],[[[88.726,22.095],[88.721,22.092],[88.721,22.092],[88.722,22.093],[88.722,22.093],[88.723,22.093],[88.723,22.094],[88.723,22.094],[88.724,22.094],[88.724,22.095],[88.724,22.095],[88.725,22.096],[88.725,22.096],[88.726,22.096],[88.726,22.096],[88.726,22.097],[88.726,22.097],[88.727,22.097],[88.727,22.098],[88.728,22.098],[88.728,22.098],[88.729,22.099],[88.729,22.099],[88.729,22.099],[88.73,22.1],[88.73,22.1],[88.73,22.1],[88.731,22.101],[88.731,22.101],[88.732,22.101],[88.732,22.101],[88.732,22.102],[88.732,22.102],[88.733,22.102],[88.733,22.103],[88.734,22.103],[88.734,22.103],[88.734,22.104],[88.735,22.104],[88.735,22.104],[88.735,22.105],[88.735,22.105],[88.733,22.101],[88.726,22.095]]],[[[88.559,21.83],[88.56,21.829],[88.56,21.829],[88.56,21.829],[88.56,21.829],[88.561,21.828],[88.56,21.828],[88.56,21.828],[88.56,21.827],[88.56,21.827],[88.56,21.827],[88.559,21.826],[88.559,21.826],[88.559,21.825],[88.558,21.825],[88.558,21.825],[88.558,21.824],[88.558,21.824],[88.557,21.824],[88.557,21.824],[88.557,21.824],[88.556,21.824],[88.556,21.825],[88.556,21.825],[88.556,21.825],[88.556,21.825],[88.556,21.826],[88.556,21.826],[88.556,21.826],[88.557,21.827],[88.557,21.827],[88.558,21.828],[88.558,21.828],[88.558,21.828],[88.559,21.828],[88.559,21.829],[88.559,21.829],[88.559,21.829],[88.559,21.829],[88.559,21.83],[88.559,21.83]]],[[[88.425,21.904],[88.425,21.904],[88.425,21.904],[88.423,21.904],[88.423,21.904],[88.423,21.904],[88.422,21.904],[88.422,21.904],[88.421,21.904],[88.421,21.904],[88.421,21.904],[88.421,21.905],[88.421,21.905],[88.421,21.905],[88.421,21.905],[88.422,21.906],[88.423,21.906],[88.423,21.906],[88.424,21.906],[88.424,21.906],[88.425,21.906],[88.425,21.905],[88.425,21.905],[88.425,21.905],[88.425,21.905],[88.425,21.904],[88.425,21.904]]],[[[88.774,22.143],[88.769,22.14],[88.766,22.14],[88.766,22.141],[88.766,22.141],[88.767,22.141],[88.767,22.141],[88.769,22.142],[88.769,22.142],[88.769,22.142],[88.77,22.142],[88.77,22.142],[88.771,22.142],[88.771,22.143],[88.771,22.143],[88.772,22.143],[88.772,22.143],[88.773,22.144],[88.773,22.144],[88.774,22.145],[88.774,22.145],[88.774,22.145],[88.775,22.145],[88.774,22.144],[88.774,22.143]]],[[[88.283,21.765],[88.283,21.765],[88.283,21.765],[88.281,21.767],[88.281,21.768],[88.281,21.768],[88.279,21.77],[88.281,21.77],[88.281,21.769],[88.282,21.769],[88.282,21.768],[88.283,21.768],[88.283,21.767],[88.282,21.767],[88.283,21.766],[88.283,21.766],[88.283,21.766],[88.283,21.766],[88.283,21.765],[88.283,21.765]]],[[[88.537,21.853],[88.537,21.853],[88.536,21.854],[88.538,21.855],[88.539,21.855],[88.539,21.856],[88.54,21.856],[88.541,21.856],[88.541,21.857],[88.542,21.857],[88.542,21.857],[88.542,21.857],[88.542,21.857],[88.541,21.856],[88.541,21.855],[88.54,21.854],[88.539,21.854],[88.538,21.854],[88.537,21.853]]],[[[88.731,22.045],[88.733,22.044],[88.733,22.044],[88.733,22.043],[88.734,22.043],[88.734,22.042],[88.733,22.042],[88.733,22.043],[88.732,22.043],[88.732,22.043],[88.731,22.043],[88.731,22.044],[88.731,22.045],[88.731,22.045]]],[[[88.137,21.895],[88.137,21.894],[88.136,21.894],[88.136,21.895],[88.136,21.896],[88.137,21.897],[88.138,21.898],[88.138,21.898],[88.138,21.898],[88.138,21.898],[88.138,21.898],[88.139,21.898],[88.139,21.898],[88.138,21.896],[88.137,21.895]]],[[[88.771,22.185],[88.776,22.182],[88.776,22.182],[88.775,22.182],[88.775,22.182],[88.775,22.183],[88.774,22.183],[88.774,22.183],[88.773,22.183],[88.773,22.184],[88.772,22.184],[88.772,22.184],[88.771,22.184],[88.771,22.185],[88.771,22.185],[88.771,22.185],[88.77,22.186],[88.77,22.186],[88.77,22.187],[88.77,22.187],[88.77,22.188],[88.77,22.188],[88.77,22.189],[88.77,22.189],[88.77,22.19],[88.77,22.19],[88.771,22.185]]],[[[88.76,22.194],[88.76,22.194],[88.759,22.194],[88.759,22.194],[88.759,22.195],[88.758,22.195],[88.758,22.195],[88.758,22.196],[88.757,22.196],[88.757,22.196],[88.756,22.196],[88.756,22.196],[88.758,22.196],[88.76,22.194]]],[[[88.69,22.08],[88.69,22.08],[88.69,22.08],[88.689,22.081],[88.689,22.081],[88.689,22.082],[88.69,22.082],[88.69,22.081],[88.69,22.08],[88.69,22.08]]],[[[88.769,22.194],[88.77,22.191],[88.769,22.191],[88.769,22.192],[88.769,22.192],[88.769,22.193],[88.769,22.193],[88.769,22.193],[88.768,22.194],[88.768,22.194],[88.768,22.194],[88.769,22.194]]],[[[88.745,22.126],[88.744,22.123],[88.744,22.123],[88.744,22.124],[88.744,22.124],[88.744,22.125],[88.744,22.125],[88.745,22.125],[88.745,22.126]]],[[[88.71,22.085],[88.708,22.084],[88.709,22.084],[88.709,22.084],[88.709,22.085],[88.71,22.085],[88.71,22.085]]],[[[88.77,22.191],[88.77,22.19],[88.77,22.191],[88.77,22.191],[88.77,22.191]]],[[[88.738,22.11],[88.738,22.11],[88.738,22.11],[88.738,22.11],[88.738,22.11]]]]}},{"type":"Feature","properties":{"district_id":"AP_VSK","district_name":"Visakhapatnam","state_name":"Andhra Pradesh","zone":"East Coast","centroid_lat":17.6868,"centroid_lon":83.2185,"elevation_m":45,"census2011_name":"Visakhapatnam","census2011_state":"Andhra Pradesh","census2011_code":"544"},"geometry":{"type":"MultiPolygon","coordinates":[[[[83.074,18.402],[83.101,18.415],[83.072,18.374],[83.079,18.318],[83.102,18.359],[83.155,18.341],[83.173,18.309],[83.227,18.334],[83.22,18.304],[83.268,18.275],[83.274,18.221],[83.254,18.227],[83.247,18.201],[83.222,18.211],[83.208,18.191],[83.138,18.26],[83.163,18.184],[83.131,18.179],[83.126,18.214],[83.104,18.221],[83.107,18.156],[83.141,18.167],[83.152,18.154],[83.101,18.133],[83.101,18.102],[83.043,18.069],[83.0,18.0],[83.009,17.968],[83.105,17.932],[83.156,17.83],[83.2,17.845],[83.208,17.871],[83.231,17.869],[83.255,17.912],[83.233,17.945],[83.31,17.983],[83.315,18.022],[83.365,18.056],[83.405,18.048],[83.418,18.006],[83.384,17.913],[83.405,17.904],[83.433,17.942],[83.491,17.919],[83.446,17.92],[83.453,17.88],[83.404,17.844],[83.416,17.807],[83.284,17.656],[83.241,17.625],[83.2,17.64],[83.23,17.604],[83.156,17.553],[83.103,17.549],[83.014,17.501],[82.993,17.471],[82.734,17.357],[82.55,17.248],[82.524,17.301],[82.563,17.353],[82.559,17.405],[82.604,17.463],[82.557,17.525],[82.49,17.507],[82.471,17.538],[82.456,17.487],[82.412,17.473],[82.372,17.489],[82.37,17.519],[82.352,17.498],[82.332,17.516],[82.344,17.585],[82.268,17.623],[82.217,17.638],[82.178,17.611],[82.137,17.65],[82.102,17.654],[82.016,17.618],[82.006,17.661],[82.034,17.722],[82.017,17.76],[81.981,17.767],[81.964,17.756],[81.974,17.746],[81.937,17.74],[81.868,17.75],[81.988,17.849],[82.019,17.842],[82.003,17.886],[82.031,17.937],[81.982,18.014],[82.015,18.057],[82.122,18.066],[82.141,18.044],[82.172,18.05],[82.186,18.019],[82.25,17.988],[82.276,17.995],[82.275,18.057],[82.306,18.07],[82.322,18.043],[82.345,18.056],[82.342,18.151],[82.366,18.134],[82.374,18.148],[82.319,18.183],[82.315,18.204],[82.341,18.224],[82.33,18.231],[82.345,18.274],[82.38,18.282],[82.401,18.315],[82.343,18.325],[82.393,18.377],[82.37,18.418],[82.482,18.545],[82.507,18.51],[82.531,18.512],[82.538,18.442],[82.562,18.446],[82.543,18.398],[82.609,18.377],[82.62,18.355],[82.605,18.349],[82.61,18.326],[82.585,18.315],[82.599,18.3],[82.589,18.278],[82.635,18.237],[82.667,18.295],[82.775,18.34],[82.802,18.403],[82.784,18.428],[82.807,18.448],[82.853,18.418],[82.893,18.421],[82.911,18.365],[82.985,18.364],[83.0,18.384],[83.025,18.393],[83.048,18.379],[83.074,18.402]]]]}},{"type":"Feature","properties":{"district_id":"AP_VJA","district_name":"Krishna (Vijayawada)","state_name":"Andhra Pradesh","zone":"East Coast","centroid_lat":16.5062,"centroid_lon":80.648,"elevation_m":25,"census2011_name":"Krishna","census2011_state":"Andhra Pradesh","census2011_code":"547"},"geometry":{"type":"MultiPolygon","coordinates":[[[[80.604,17.127],[80.665,17.096],[80.648,17.063],[80.735,17.073],[80.841,17.034],[80.881,17.067],[80.96,17.048],[80.936,16.956],[81.039,16.798],[80.983,16.717],[81.016,16.651],[81.0,16.64],[80.955,16.664],[81.011,16.561],[81.087,16.587],[81.092,16.612],[81.15,16.597],[81.181,16.623],[81.237,16.578],[81.316,16.691],[81.334,16.678],[81.325,16.624],[81.353,16.605],[81.331,16.52],[81.371,16.509],[81.372,16.473],[81.408,16.432],[81.492,16.386],[81.529,16.393],[81.554,16.375],[81.529,16.351],[81.405,16.337],[81.391,16.352],[81.409,16.356],[81.405,16.381],[81.368,16.356],[81.313,16.36],[81.303,16.343],[81.321,16.342],[81.255,16.316],[81.246,16.301],[81.266,16.286],[81.241,16.261],[81.267,16.271],[81.212,16.205],[81.185,16.084],[81.148,16.019],[81.153,15.975],[81.109,16.005],[81.084,16.002],[81.141,15.962],[81.045,15.897],[81.01,15.849],[80.996,15.824],[81.009,15.764],[80.94,15.807],[80.989,15.764],[80.949,15.73],[80.863,15.822],[80.917,15.731],[80.846,15.706],[80.805,15.715],[80.805,15.75],[80.818,15.742],[80.839,15.768],[80.906,15.923],[80.905,16.0],[80.869,16.142],[80.795,16.306],[80.645,16.499],[80.509,16.585],[80.365,16.62],[80.228,16.624],[80.146,16.663],[80.148,16.756],[80.12,16.829],[80.078,16.821],[80.041,16.86],[80.0,16.871],[80.054,16.973],[80.093,16.97],[80.096,16.995],[80.142,16.993],[80.19,17.052],[80.21,17.021],[80.271,17.018],[80.31,16.964],[80.328,16.879],[80.367,16.863],[80.382,16.819],[80.408,16.858],[80.461,16.823],[80.465,16.798],[80.572,16.771],[80.613,16.796],[80.563,16.833],[80.574,16.877],[80.596,16.882],[80.593,16.935],[80.5,16.956],[80.497,16.925],[80.367,16.978],[80.396,17.015],[80.376,17.064],[80.399,17.084],[80.429,17.033],[80.455,17.025],[80.491,17.058],[80.505,17.116],[80.569,17.146],[80.604,17.127]]],[[[81.394,16.334],[81.271,16.279],[81.277,16.316],[81.328,16.322],[81.312,16.308],[81.394,16.334]]]]}},{"type":"Feature","properties":{"district_id":"TN_CHN","district_name":"Chennai","state_name":"Tamil Nadu","zone":"South Peninsula","centroid_lat":13.0827,"centroid_lon":80.2707,"elevation_m":7,"census2011_name":"Chennai","census2011_state":"Tamil Nadu","census2011_code":"603"},"geometry":{"type":"MultiPolygon","coordinates":[[[[80.298,13.125],[80.306,13.095],[80.273,12.995],[80.215,12.994],[80.201,13.021],[80.228,13.126],[80.288,13.143],[80.303,13.141],[80.298,13.125]]]]}},{"type":"Feature","properties":{"district_id":"TN_CBE","district_name":"Coimbatore","state_name":"Tamil Nadu","zone":"South Peninsula","centroid_lat":11.0168,"centroid_lon":76.9558,"elevation_m":411,"census2011_name":"Coimbatore","census2011_state":"Tamil Nadu","census2011_code":"632"},"geometry":{"type":"MultiPolygon","coordinates":[[[[77.111,11.39],[77.144,11.334],[77.144,11.303],[77.111,11.292],[77.165,11.272],[77.142,11.214],[77.153,11.166],[77.174,11.137],[77.182,11.148],[77.219,11.123],[77.238,11.137],[77.258,11.108],[77.159,11.061],[77.174,11.032],[77.153,10.985],[77.175,10.923],[77.249,10.896],[77.254,10.862],[77.289,10.849],[77.299,10.813],[77.241,10.775],[77.209,10.789],[77.215,10.803],[77.153,10.79],[77.137,10.706],[77.174,10.63],[77.151,10.583],[77.081,10.57],[77.055,10.417],[77.095,10.308],[77.047,10.281],[77.052,10.257],[76.984,10.217],[76.918,10.233],[76.875,10.275],[76.877,10.298],[76.851,10.286],[76.832,10.303],[76.852,10.368],[76.819,10.423],[76.842,10.593],[76.815,10.622],[76.884,10.638],[76.867,10.681],[76.895,10.716],[76.9,10.808],[76.852,10.816],[76.829,10.87],[76.743,10.889],[76.658,10.937],[76.717,11.039],[76.792,11.037],[76.804,11.055],[76.778,11.04],[76.747,11.055],[76.749,11.129],[76.707,11.14],[76.696,11.165],[76.737,11.214],[76.701,11.255],[76.739,11.245],[76.769,11.261],[76.773,11.288],[76.856,11.292],[76.851,11.338],[76.892,11.365],[76.909,11.348],[76.964,11.383],[77.021,11.368],[77.049,11.4],[77.068,11.401],[77.069,11.381],[77.098,11.405],[77.111,11.39]]]]}},{"type":"Feature","properties":{"district_id":"TS_HYD","district_name":"Hyderabad","state_name":"Telangana","zone":"South Peninsula","centroid_lat":17.385,"centroid_lon":78.4867,"elevation_m":542,"census2011_name":"Hyderabad","census2011_state":"Andhra Pradesh","census2011_code":"536"},"geometry":{"type":"MultiPolygon","coordinates":[[[[78.512,17.454],[78.54,17.463],[78.529,17.371],[78.515,17.33],[78.476,17.301],[78.45,17.346],[78.401,17.357],[78.393,17.412],[78.421,17.434],[78.45,17.401],[78.479,17.473],[78.512,17.454]]]]}}]}