{"type":"FeatureCollection","name":"MonsoonIQ study districts - Census 2011 polygons (DataMeet, CC BY 2.5 IN)","features":[{"type":"Feature","properties":{"district_id":"KL_WAY","district_name":"Wayanad","state_name":"Kerala","zone":"West Coast","centroid_lat":11.6854,"centroid_lon":76.132,"elevation_m":750,"census_code":590,"census_name":"Wayanad","rep_lat":11.7112,"rep_lon":76.0981,"dist_coast_km":54.3,"geometry_source":"Census 2011 (DataMeet)"},"geometry":{"type":"Polygon","coordinates":[[[76.4153,11.7603],[76.4133,11.7403],[76.4197,11.7413],[76.4267,11.7241],[76.4164,11.7111],[76.4041,11.708],[76.4107,11.7064],[76.4152,11.6765],[76.4314,11.6663],[76.4422,11.6406],[76.4328,11.6303],[76.3879,11.6294],[76.3786,11.6004],[76.3433,11.5852],[76.3363,11.5954],[76.3055,11.5711],[76.2982,11.5873],[76.2855,11.5903],[76.2835,11.5967],[76.2671,11.5936],[76.2331,11.5711],[76.2505,11.5309],[76.2325,11.5246],[76.2236,11.5122],[76.2019,11.5065],[76.1828,11.4821],[76.1843,11.4711],[76.1426,11.4492],[76.1213,11.4716],[76.0954,11.4817],[76.0904,11.5054],[76.0775,11.5201],[76.0635,11.5076],[76.0419,11.5012],[75.9683,11.5505],[75.9586,11.5611],[75.9573,11.5794],[75.9081,11.6026],[75.8978,11.6193],[75.9021,11.6768],[75.9162,11.6879],[75.8964,11.6986],[75.8508,11.6994],[75.8446,11.7122],[75.8182,11.7348],[75.7956,11.7422],[75.7988,11.7478],[75.7854,11.7589],[75.7926,11.789],[75.7772,11.7977],[75.7828,11.8079],[75.7968,11.8143],[75.7908,11.8407],[75.8076,11.8545],[75.8297,11.8495],[75.8449,11.8541],[75.8563,11.8469],[75.9012,11.8408],[75.9211,11.845],[75.9269,11.8398],[75.9306,11.8606],[75.9135,11.8728],[75.9357,11.8877],[75.9345,11.9096],[75.9249,11.9207],[75.9306,11.9388],[76.0039,11.9297],[76.0097,11.9381],[76.0354,11.9389],[76.0788,11.9675],[76.0973,11.9679],[76.114,11.9769],[76.1144,11.8575],[76.1229,11.8494],[76.1559,11.8674],[76.1906,11.8702],[76.2076,11.8606],[76.2123,11.8261],[76.2254,11.8066],[76.2513,11.8019],[76.2791,11.8102],[76.2908,11.7916],[76.3072,11.7829],[76.3178,11.7506],[76.3424,11.7374],[76.3537,11.7373],[76.3635,11.7468],[76.3799,11.7431],[76.4153,11.7603]]]}},{"type":"Feature","properties":{"district_id":"KL_IDK","district_name":"Idukki","state_name":"Kerala","zone":"West Coast","centroid_lat":9.8494,"centroid_lon":76.971,"elevation_m":1200,"census_code":596,"census_name":"Idukki","rep_lat":9.8822,"rep_lon":77.0275,"dist_coast_km":69.2,"geometry_source":"Census 2011 (DataMeet)"},"geometry":{"type":"Polygon","coordinates":[[[77.289,10.2297],[77.2946,10.2164],[77.2839,10.2059],[77.2786,10.1889],[77.2741,10.1282],[77.2676,10.1205],[77.2394,10.1275],[77.2175,10.1126],[77.2088,10.1152],[77.2023,10.1046],[77.2095,10.0825],[77.2325,10.0659],[77.2627,10.0293],[77.2555,10.0092],[77.2623,10.0039],[77.2645,9.9819],[77.2762,9.9728],[77.2647,9.9516],[77.2495,9.9519],[77.2317,9.9147],[77.2192,9.9033],[77.2214,9.8867],[77.214,9.8749],[77.2241,9.8627],[77.2386,9.858],[77.2387,9.852],[77.2288,9.8475],[77.2239,9.8235],[77.2422,9.8153],[77.2491,9.7975],[77.2249,9.7889],[77.2258,9.7753],[77.2338,9.769],[77.2213,9.7464],[77.2235,9.7306],[77.2052,9.7244],[77.207,9.695],[77.1949,9.6692],[77.181,9.657],[77.1777,9.6286],[77.1673,9.6148],[77.1901,9.606],[77.2015,9.6148],[77.2115,9.613],[77.2122,9.6046],[77.2385,9.5817],[77.2456,9.5849],[77.2708,9.574],[77.2908,9.59],[77.3202,9.6022],[77.3308,9.5978],[77.3267,9.5795],[77.3408,9.5724],[77.3569,9.6043],[77.3674,9.5973],[77.3592,9.5941],[77.3613,9.5765],[77.352,9.566],[77.365,9.5554],[77.3668,9.5355],[77.3871,9.518],[77.4031,9.5261],[77.4028,9.5161],[77.4113,9.5137],[77.4127,9.5059],[77.4019,9.4955],[77.4033,9.4767],[77.3939,9.4679],[77.3951,9.46],[77.3801,9.4525],[77.3681,9.4589],[77.3507,9.4402],[77.3382,9.4148],[77.3442,9.3989],[77.3364,9.3852],[77.3373,9.3602],[77.3263,9.3437],[77.328,9.337],[77.3008,9.3365],[77.3002,9.3099],[77.2835,9.2998],[77.2909,9.2721],[77.2844,9.2713],[77.2475,9.2887],[77.2463,9.2819],[77.2398,9.2824],[77.2376,9.2923],[77.2275,9.2959],[77.2269,9.3136],[77.2372,9.3255],[77.2369,9.349],[77.2497,9.3811],[77.2302,9.4106],[77.2309,9.4195],[77.2232,9.4245],[77.2246,9.4327],[77.2077,9.4414],[77.2053,9.4509],[77.1854,9.4539],[77.1816,9.4704],[77.1695,9.4607],[77.1672,9.4696],[77.1436,9.4605],[77.142,9.4893],[77.1317,9.4917],[77.1205,9.4779],[77.1046,9.4783],[77.0738,9.4549],[77.0509,9.4563],[77.0487,9.451],[77.068,9.4164],[77.0222,9.4066],[77.0143,9.4088],[77.0147,9.4197],[76.9405,9.4297],[76.9458,9.4342],[76.9421,9.4448],[76.9613,9.4598],[76.9849,9.4668],[76.9856,9.4848],[76.9674,9.5063],[76.9557,9.4904],[76.9486,9.4908],[76.9069,9.5234],[76.9032,9.5358],[76.8901,9.5368],[76.885,9.5782],[76.8956,9.5846],[76.8898,9.6168],[76.8948,9.6257],[76.9055,9.6328],[76.9325,9.6143],[76.9372,9.6197],[76.9227,9.638],[76.9296,9.6508],[76.9059,9.6751],[76.8881,9.7166],[76.8548,9.7336],[76.8142,9.7834],[76.7836,9.8046],[76.7577,9.8146],[76.7426,9.8042],[76.6727,9.8434],[76.6635,9.8389],[76.631,9.8494],[76.639,9.8748],[76.6333,9.9133],[76.6503,9.9199],[76.68,9.9193],[76.6926,9.9077],[76.6989,9.9099],[76.7007,9.9153],[76.6911,9.9253],[76.6991,9.9286],[76.7185,9.9582],[76.7108,9.9873],[76.7269,9.9814],[76.7487,9.99],[76.7661,9.982],[76.7722,10.0002],[76.7666,10.0115],[76.7845,10.0351],[76.8304,10.0138],[76.8405,10.0239],[76.7946,10.0418],[76.7828,10.0602],[76.7542,10.0726],[76.6733,10.1413],[76.6583,10.1408],[76.6434,10.1615],[76.6522,10.1914],[76.6758,10.2174],[76.6806,10.2517],[76.6892,10.2672],[76.7503,10.278],[76.7712,10.2704],[76.777,10.2773],[76.8003,10.2775],[76.8066,10.2856],[76.8338,10.2765],[76.8413,10.2843],[76.8959,10.2587],[76.9047,10.2513],[76.9052,10.2409],[76.9184,10.233],[76.9408,10.2379],[76.984,10.2171],[77.0199,10.2449],[77.0519,10.2567],[77.0558,10.2706],[77.0471,10.2807],[77.0594,10.2829],[77.0651,10.2941],[77.1217,10.3159],[77.1764,10.3552],[77.2025,10.3551],[77.2358,10.3493],[77.2282,10.3148],[77.2645,10.2629],[77.2588,10.2543],[77.2606,10.2297],[77.2696,10.2347],[77.289,10.2297]]]}},{"type":"Feature","properties":{"district_id":"KL_EKM","district_name":"Ernakulam (Kochi)","state_name":"Kerala","zone":"West Coast","centroid_lat":9.9816,"centroid_lon":76.2999,"elevation_m":10,"census_code":595,"census_name":"Ernakulam","rep_lat":10.0577,"rep_lon":76.4727,"dist_coast_km":20.0,"geometry_source":"Census 2011 (DataMeet)"},"geometry":{"type":"Polygon","coordinates":[[[76.6892,10.2672],[76.6806,10.2517],[76.6758,10.2174],[76.6522,10.1914],[76.6434,10.1615],[76.6583,10.1408],[76.6733,10.1413],[76.7542,10.0726],[76.7828,10.0602],[76.7946,10.0418],[76.8405,10.0239],[76.8333,10.0151],[76.7845,10.0351],[76.7666,10.0115],[76.7722,10.0002],[76.7661,9.982],[76.7487,9.99],[76.7269,9.9814],[76.7108,9.9873],[76.7185,9.9582],[76.6991,9.9286],[76.6911,9.9253],[76.7007,9.9153],[76.6989,9.9099],[76.6926,9.9077],[76.68,9.9193],[76.6355,9.9158],[76.6315,9.8986],[76.639,9.8748],[76.6331,9.8557],[76.6245,9.8576],[76.6133,9.8489],[76.6187,9.8423],[76.6141,9.8399],[76.5964,9.8458],[76.5835,9.8415],[76.5819,9.8228],[76.5679,9.8226],[76.5591,9.803],[76.5488,9.7998],[76.5415,9.8221],[76.5236,9.824],[76.515,9.8498],[76.4759,9.8441],[76.4624,9.8481],[76.4458,9.8318],[76.4181,9.8222],[76.3963,9.8284],[76.3873,9.8428],[76.3733,9.8356],[76.3702,9.8588],[76.3551,9.8817],[76.3335,9.8764],[76.2968,9.8902],[76.2983,9.8525],[76.2869,9.8485],[76.2818,9.8275],[76.2912,9.8084],[76.2834,9.8033],[76.2802,9.7885],[76.2627,9.8859],[76.2422,9.9464],[76.2433,9.9693],[76.2205,10.0021],[76.2024,10.049],[76.1689,10.1839],[76.2135,10.1943],[76.2216,10.2066],[76.2648,10.1984],[76.2633,10.1883],[76.2765,10.174],[76.3067,10.1846],[76.3147,10.1805],[76.3133,10.2053],[76.3353,10.2115],[76.344,10.2325],[76.3755,10.2416],[76.4028,10.2763],[76.413,10.2786],[76.4176,10.2956],[76.4322,10.2902],[76.4618,10.2962],[76.557,10.2824],[76.5733,10.2832],[76.5675,10.2932],[76.5792,10.3018],[76.6228,10.2747],[76.6587,10.2806],[76.6892,10.2672]]]}},{"type":"Feature","properties":{"district_id":"KL_TVM","district_name":"Thiruvananthapuram","state_name":"Kerala","zone":"West Coast","centroid_lat":8.5241,"centroid_lon":76.9366,"elevation_m":20,"census_code":601,"census_name":"Thiruvananthapuram","rep_lat":8.6085,"rep_lon":77.015,"dist_coast_km":17.8,"geometry_source":"Census 2011 (DataMeet)"},"geometry":{"type":"Polygon","coordinates":[[[77.201,8.7695],[77.1946,8.7433],[77.1733,8.7458],[77.1798,8.7234],[77.1975,8.7079],[77.208,8.6857],[77.2087,8.6632],[77.2469,8.6212],[77.2471,8.6061],[77.2704,8.5794],[77.2841,8.5458],[77.2666,8.5097],[77.2415,8.4965],[77.2253,8.5126],[77.2053,8.5015],[77.2178,8.4684],[77.2281,8.4588],[77.2286,8.4458],[77.2077,8.4428],[77.1989,8.4171],[77.1728,8.3853],[77.1598,8.3907],[77.1539,8.3864],[77.1624,8.3701],[77.155,8.3535],[77.1667,8.3624],[77.1738,8.3593],[77.1704,8.3388],[77.179,8.3204],[77.1691,8.3298],[77.1412,8.3307],[77.1201,8.3193],[77.1239,8.3093],[77.1086,8.305],[77.1001,8.2914],[77.0231,8.3551],[77.0065,8.3604],[76.9984,8.3785],[76.9904,8.3754],[76.9828,8.3803],[76.9733,8.3921],[76.971,8.4128],[76.892,8.5004],[76.6723,8.7807],[76.6795,8.7879],[76.6834,8.7753],[76.6903,8.7772],[76.6941,8.7903],[76.7073,8.7888],[76.7225,8.8008],[76.7603,8.7942],[76.773,8.8004],[76.7738,8.8077],[76.7926,8.808],[76.7856,8.8189],[76.7946,8.8264],[76.7784,8.8428],[76.7799,8.8589],[76.785,8.8595],[76.8056,8.8499],[76.8171,8.8572],[76.8231,8.8536],[76.8277,8.8426],[76.8481,8.8345],[76.855,8.8171],[76.8869,8.8048],[76.9023,8.8102],[76.92,8.7913],[76.9227,8.7841],[76.9158,8.7782],[76.935,8.7605],[76.9524,8.7706],[76.9741,8.7725],[76.9812,8.7852],[76.9961,8.7813],[77.0064,8.7702],[77.0296,8.7738],[77.0134,8.8083],[77.0244,8.8152],[77.0345,8.8411],[77.0448,8.8444],[77.1079,8.8288],[77.201,8.7695]]]}},{"type":"Feature","properties":{"district_id":"MH_MUM","district_name":"Mumbai City","state_name":"Maharashtra","zone":"West Coast","centroid_lat":18.9388,"centroid_lon":72.8354,"elevation_m":14,"census_code":519,"census_name":"Mumbai","rep_lat":18.9596,"rep_lon":72.8496,"dist_coast_km":1.4,"geometry_source":"Census 2011 (DataMeet)"},"geometry":{"type":"Polygon","coordinates":[[[72.8968,18.9788],[72.9122,18.9638],[72.9098,18.9387],[72.8695,18.9108],[72.8514,18.8821],[72.84,18.8453],[72.8057,18.9046],[72.8223,18.9431],[72.8128,18.9515],[72.7941,18.938],[72.7876,18.9395],[72.8079,18.9801],[72.8133,19.0144],[72.8202,19.0187],[72.8177,19.0325],[72.8273,19.0325],[72.8594,19.0547],[72.8685,19.0517],[72.8771,19.0457],[72.8712,19.0225],[72.8847,19.0127],[72.8804,18.9844],[72.8968,18.9788]]]}},{"type":"Feature","properties":{"district_id":"MH_SUB","district_name":"Mumbai Suburban","state_name":"Maharashtra","zone":"West Coast","centroid_lat":19.1136,"centroid_lon":72.8697,"elevation_m":18,"census_code":518,"census_name":"Mumbai Suburban","rep_lat":19.1296,"rep_lon":72.8851,"dist_coast_km":5.5,"geometry_source":"Census 2011 (DataMeet)"},"geometry":{"type":"Polygon","coordinates":[[[72.9586,18.9873],[72.8824,18.9812],[72.879,18.9915],[72.8847,19.0127],[72.8712,19.0225],[72.8771,19.0457],[72.8594,19.0547],[72.8273,19.0325],[72.8177,19.0325],[72.8258,19.1245],[72.8177,19.1225],[72.8067,19.1374],[72.7998,19.1375],[72.7952,19.1246],[72.7836,19.1252],[72.7877,19.1454],[72.78,19.1563],[72.7917,19.1685],[72.7946,19.1828],[72.7942,19.1906],[72.7842,19.1946],[72.779,19.2161],[72.7815,19.2632],[72.8003,19.261],[72.8248,19.2447],[72.8353,19.2493],[72.8381,19.2639],[72.8565,19.2692],[72.9076,19.2468],[72.9114,19.2342],[72.9373,19.205],[72.9373,19.1897],[72.9711,19.1767],[72.9834,19.1513],[72.9678,19.0936],[72.9792,19.041],[72.9586,18.9873]]]}},{"type":"Feature","properties":{"district_id":"MH_THN","district_name":"Thane","state_name":"Maharashtra","zone":"West Coast","centroid_lat":19.2183,"centroid_lon":72.9781,"elevation_m":25,"census_code":517,"census_name":"Thane","rep_lat":19.5992,"rep_lon":73.151,"dist_coast_km":29.4,"geometry_source":"Census 2011 (DataMeet)"},"geometry":{"type":"Polygon","coordinates":[[[72.8777,20.2264],[72.9176,20.2239],[72.9597,20.2128],[72.9655,20.1805],[72.976,20.1718],[72.9625,20.1313],[72.9785,20.1137],[72.9937,20.1184],[72.9999,20.1406],[73.0069,20.1354],[72.9996,20.1108],[73.0423,20.0681],[73.0487,20.0683],[73.0502,20.0994],[73.0882,20.094],[73.1073,20.0791],[73.1294,20.0845],[73.1533,20.0734],[73.1759,20.0531],[73.189,20.0625],[73.1882,20.078],[73.2093,20.0977],[73.2066,20.1222],[73.217,20.1227],[73.2258,20.1411],[73.2285,20.1282],[73.2466,20.128],[73.254,20.1129],[73.272,20.1049],[73.2737,20.0834],[73.2632,20.0739],[73.2685,20.0717],[73.2655,20.0608],[73.2786,20.0466],[73.2912,20.0497],[73.2927,20.06],[73.3027,20.0509],[73.3112,20.0573],[73.3335,20.0397],[73.3634,20.0351],[73.3644,20.021],[73.3731,20.0147],[73.3774,20.0255],[73.3864,20.0134],[73.3908,20.0195],[73.4059,20.0169],[73.4261,19.9846],[73.4525,19.982],[73.4485,19.9661],[73.4549,19.9591],[73.4419,19.9542],[73.4402,19.9346],[73.4237,19.9157],[73.4353,19.8729],[73.4168,19.8598],[73.4209,19.8368],[73.4428,19.8254],[73.4467,19.7731],[73.4619,19.7595],[73.5009,19.7587],[73.5071,19.7298],[73.4906,19.7201],[73.4913,19.7146],[73.5203,19.7018],[73.5516,19.6503],[73.5637,19.6423],[73.566,19.6165],[73.5865,19.6086],[73.5776,19.6014],[73.5956,19.6],[73.6202,19.587],[73.6287,19.5726],[73.6262,19.5427],[73.6351,19.5389],[73.6372,19.5307],[73.6397,19.5364],[73.6565,19.5348],[73.6684,19.5143],[73.6865,19.5161],[73.7092,19.4963],[73.7073,19.483],[73.697,19.4818],[73.696,19.4729],[73.6758,19.4626],[73.6909,19.4393],[73.729,19.4303],[73.7299,19.4145],[73.7529,19.4094],[73.7553,19.397],[73.772,19.3954],[73.7816,19.386],[73.798,19.3362],[73.7944,19.3303],[73.7748,19.3396],[73.7745,19.33],[73.7484,19.3274],[73.7528,19.3341],[73.7161,19.3265],[73.6739,19.3026],[73.6717,19.2882],[73.6961,19.2568],[73.6904,19.2443],[73.6625,19.2391],[73.6332,19.2022],[73.6268,19.2099],[73.6142,19.2063],[73.609,19.1894],[73.5445,19.1829],[73.5447,19.1746],[73.5386,19.1743],[73.5406,19.1598],[73.533,19.1555],[73.537,19.1443],[73.5451,19.1426],[73.5396,19.1218],[73.5315,19.1296],[73.5147,19.1307],[73.4866,19.1247],[73.4726,19.1349],[73.4322,19.1275],[73.4023,19.1346],[73.3758,19.1274],[73.3501,19.1287],[73.3109,19.1074],[73.3185,19.0937],[73.3168,19.082],[73.305,19.0815],[73.3003,19.075],[73.2999,19.0822],[73.2794,19.0845],[73.2629,19.0661],[73.2466,19.0639],[73.2152,19.0967],[73.198,19.1247],[73.1768,19.109],[73.1541,19.113],[73.1441,19.126],[73.1304,19.1101],[73.1015,19.1075],[73.0887,19.1153],[73.064,19.1106],[73.0469,19.0979],[73.0427,19.0713],[73.0483,19.0276],[73.0431,19.0132],[73.0257,18.9939],[73.009,18.9867],[72.9586,18.9873],[72.9792,19.041],[72.9678,19.0936],[72.9834,19.1513],[72.9711,19.1767],[72.9373,19.1897],[72.9373,19.205],[72.9114,19.2342],[72.9076,19.2468],[72.8565,19.2692],[72.8381,19.2639],[72.8353,19.2493],[72.8248,19.2447],[72.8003,19.261],[72.7815,19.2632],[72.7844,19.2999],[72.7939,19.3041],[72.8001,19.3303],[72.7552,19.3784],[72.7558,19.417],[72.7458,19.464],[72.7487,19.4859],[72.7303,19.5001],[72.728,19.5201],[72.7096,19.5531],[72.7212,19.6165],[72.705,19.6304],[72.6949,19.6569],[72.6978,19.68],[72.7124,19.685],[72.7139,19.6934],[72.6955,19.7169],[72.6761,19.714],[72.6777,19.746],[72.6698,19.7593],[72.6868,19.7736],[72.6857,19.7927],[72.7135,19.8017],[72.7227,19.8191],[72.687,19.8113],[72.6825,19.8047],[72.6651,19.8217],[72.6605,19.8097],[72.655,19.8121],[72.6444,19.839],[72.6444,19.869],[72.6559,19.8605],[72.667,19.8637],[72.6728,19.8733],[72.6633,19.9178],[72.6504,19.9424],[72.6689,19.9426],[72.6843,19.9604],[72.708,19.9684],[72.7112,19.9544],[72.7239,19.9515],[72.7201,19.9426],[72.7283,19.9245],[72.7381,19.9213],[72.7348,19.9097],[72.7515,19.9094],[72.7537,19.8824],[72.7726,19.8973],[72.7658,19.9038],[72.7707,19.9072],[72.7623,19.9297],[72.7705,19.9389],[72.7693,19.9465],[72.7561,19.9479],[72.7533,19.954],[72.7688,19.9589],[72.7619,19.9786],[72.7525,19.9814],[72.7442,19.972],[72.7376,19.9787],[72.731,19.9757],[72.7279,19.9835],[72.7195,19.979],[72.7149,20.0164],[72.7249,20.0363],[72.7215,20.0417],[72.7118,20.0367],[72.7042,20.081],[72.7208,20.1028],[72.7293,20.1368],[72.7903,20.1257],[72.7906,20.1492],[72.8044,20.154],[72.824,20.1453],[72.8175,20.1573],[72.8242,20.1883],[72.8384,20.1899],[72.8329,20.1984],[72.8391,20.2086],[72.8609,20.2088],[72.8635,20.2264],[72.8777,20.2264]]]}},{"type":"Feature","properties":{"district_id":"MH_RTG","district_name":"Ratnagiri","state_name":"Maharashtra","zone":"West Coast","centroid_lat":16.9902,"centroid_lon":73.312,"elevation_m":30,"census_code":528,"census_name":"Ratnagiri","rep_lat":17.2738,"rep_lon":73.4568,"dist_coast_km":22.1,"geometry_source":"Census 2011 (DataMeet)"},"geometry":{"type":"Polygon","coordinates":[[[73.2121,18.06],[73.2238,18.0543],[73.2661,18.0693],[73.2882,18.0701],[73.297,18.058],[73.2906,18.0339],[73.3048,18.0233],[73.3235,18.0267],[73.3346,18.0122],[73.3472,18.0246],[73.3624,18.0049],[73.3441,17.9719],[73.3517,17.9587],[73.362,17.9548],[73.362,17.9387],[73.3774,17.9173],[73.3705,17.9056],[73.3739,17.8879],[73.3985,17.8821],[73.4357,17.9035],[73.4452,17.8725],[73.4414,17.8588],[73.4493,17.8503],[73.4627,17.865],[73.4939,17.8645],[73.4962,17.8526],[73.5055,17.8508],[73.5348,17.8825],[73.5509,17.8648],[73.5761,17.8766],[73.5769,17.8583],[73.5964,17.8477],[73.5828,17.8294],[73.595,17.8176],[73.6025,17.7947],[73.5834,17.7873],[73.5908,17.7784],[73.5888,17.7648],[73.5663,17.7219],[73.5938,17.6995],[73.6149,17.7126],[73.6353,17.6995],[73.6537,17.7068],[73.6594,17.6955],[73.6889,17.6874],[73.6814,17.6775],[73.692,17.6741],[73.7032,17.658],[73.6922,17.6272],[73.7248,17.6196],[73.7161,17.6069],[73.7294,17.5908],[73.7166,17.5738],[73.7468,17.5561],[73.7416,17.5315],[73.7172,17.5176],[73.7063,17.5066],[73.7078,17.4932],[73.695,17.4864],[73.7077,17.4656],[73.7017,17.4529],[73.7066,17.4495],[73.7051,17.4232],[73.6834,17.417],[73.6695,17.3935],[73.6535,17.387],[73.6495,17.3942],[73.6444,17.3912],[73.6466,17.3834],[73.6613,17.3761],[73.6641,17.3797],[73.6821,17.3634],[73.687,17.3451],[73.6806,17.3266],[73.6865,17.3137],[73.6774,17.2952],[73.6899,17.2852],[73.6971,17.2596],[73.6939,17.2376],[73.7085,17.2243],[73.7186,17.2023],[73.6939,17.1785],[73.7093,17.1673],[73.6895,17.1583],[73.6916,17.1434],[73.6942,17.1387],[73.7106,17.1404],[73.7394,17.1216],[73.7469,17.1313],[73.7688,17.1088],[73.7813,17.1076],[73.7887,17.0931],[73.7963,17.0944],[73.8076,17.0856],[73.8039,17.0616],[73.8173,17.0635],[73.8346,17.0539],[73.8231,17.0379],[73.8343,17.0258],[73.8277,17.0128],[73.8354,17.0004],[73.8339,16.9906],[73.8173,16.9872],[73.7878,16.9928],[73.7658,16.9626],[73.7956,16.9302],[73.7903,16.9079],[73.7485,16.9049],[73.7445,16.9166],[73.7396,16.9126],[73.739,16.8974],[73.7489,16.9016],[73.7488,16.8826],[73.7678,16.8704],[73.764,16.86],[73.7693,16.8541],[73.7523,16.8344],[73.7378,16.8437],[73.7326,16.8325],[73.7248,16.837],[73.7122,16.8299],[73.7305,16.8205],[73.7294,16.8162],[73.7379,16.8207],[73.7529,16.8129],[73.7531,16.8054],[73.7606,16.8028],[73.7567,16.7812],[73.7621,16.7701],[73.7806,16.7824],[73.7917,16.7628],[73.8191,16.765],[73.8348,16.7473],[73.8412,16.7363],[73.828,16.7144],[73.817,16.7139],[73.8133,16.7066],[73.8606,16.6806],[73.8534,16.6733],[73.866,16.6699],[73.8561,16.6594],[73.8571,16.6518],[73.8339,16.6481],[73.7728,16.6627],[73.7665,16.6456],[73.775,16.6245],[73.7657,16.6015],[73.7251,16.6034],[73.7106,16.6114],[73.7027,16.6255],[73.6897,16.6239],[73.6775,16.6101],[73.671,16.5875],[73.664,16.5884],[73.6675,16.5833],[73.6615,16.5759],[73.6499,16.5749],[73.6485,16.5645],[73.6393,16.5627],[73.6331,16.5797],[73.6236,16.5827],[73.6147,16.5737],[73.6104,16.5526],[73.5961,16.5425],[73.5812,16.5434],[73.5429,16.5152],[73.5266,16.5238],[73.5136,16.5156],[73.495,16.5185],[73.4804,16.4991],[73.4653,16.4933],[73.4363,16.5],[73.4168,16.5125],[73.398,16.5088],[73.3655,16.5161],[73.3473,16.5408],[73.3411,16.5606],[73.3463,16.5723],[73.3301,16.5783],[73.3224,16.5892],[73.3242,16.6034],[73.356,16.5916],[73.3437,16.6019],[73.3434,16.6098],[73.3547,16.6089],[73.3678,16.6247],[73.3788,16.6111],[73.3791,16.5943],[73.4031,16.5877],[73.3854,16.5987],[73.3898,16.6122],[73.399,16.6151],[73.3924,16.6267],[73.37,16.6362],[73.344,16.6161],[73.3355,16.6192],[73.3419,16.6315],[73.3242,16.6357],[73.3321,16.6478],[73.3286,16.6783],[73.3427,16.6804],[73.3454,16.6906],[73.3397,16.6864],[73.3225,16.6909],[73.3118,16.7163],[73.3026,16.7543],[73.3176,16.7971],[73.2935,16.8343],[73.2928,16.8832],[73.3154,16.888],[73.3063,16.8948],[73.2824,16.8931],[73.2898,16.926],[73.2848,16.9483],[73.2947,16.9749],[73.3078,16.9568],[73.3287,16.9503],[73.3337,16.9679],[73.3199,16.9618],[73.3133,16.9653],[73.3134,16.9797],[73.3073,16.9733],[73.305,16.9803],[73.2834,16.991],[73.2727,16.985],[73.272,16.9935],[73.2842,17.0023],[73.2821,17.0136],[73.2754,17.0225],[73.2606,17.018],[73.2579,17.0464],[73.265,17.049],[73.2805,17.0397],[73.2941,17.0557],[73.2917,17.0705],[73.3023,17.0676],[73.3124,17.0768],[73.2929,17.0801],[73.2825,17.1113],[73.2714,17.1143],[73.2694,17.1464],[73.2775,17.1553],[73.2669,17.1576],[73.2586,17.1821],[73.2391,17.1942],[73.2389,17.2001],[73.2495,17.2003],[73.249,17.2197],[73.2378,17.2293],[73.2197,17.2751],[73.2156,17.2786],[73.2075,17.2735],[73.2015,17.2931],[73.1899,17.2994],[73.1968,17.3061],[73.2318,17.2984],[73.246,17.3171],[73.2237,17.3269],[73.2311,17.3345],[73.2207,17.3463],[73.2263,17.3561],[73.2175,17.3607],[73.2191,17.3714],[73.2123,17.3722],[73.2059,17.3875],[73.1972,17.39],[73.188,17.3837],[73.1686,17.4037],[73.1876,17.4113],[73.1902,17.4317],[73.2045,17.4394],[73.1885,17.4464],[73.1946,17.4639],[73.1826,17.5103],[73.1413,17.5566],[73.1429,17.5661],[73.1561,17.5735],[73.1601,17.5908],[73.145,17.6037],[73.1305,17.6398],[73.1381,17.6451],[73.117,17.6895],[73.1373,17.7052],[73.1381,17.7186],[73.0977,17.8083],[73.0932,17.8326],[73.0978,17.8366],[73.1302,17.8313],[73.1021,17.8446],[73.0921,17.8387],[73.0759,17.8778],[73.0803,17.8944],[73.067,17.8876],[73.056,17.8934],[73.0553,17.9181],[73.0336,17.9365],[73.0285,17.9637],[73.0412,17.9794],[73.0694,17.9868],[73.1156,17.9785],[73.1346,18.0156],[73.1502,18.0217],[73.154,18.037],[73.1738,18.0585],[73.1897,18.0566],[73.2049,18.0685],[73.2121,18.06]]]}},{"type":"Feature","properties":{"district_id":"MH_PUN","district_name":"Pune","state_name":"Maharashtra","zone":"Central India","centroid_lat":18.5204,"centroid_lon":73.8567,"elevation_m":560,"census_code":521,"census_name":"Pune","rep_lat":18.5709,"rep_lon":74.0691,"dist_coast_km":110.3,"geometry_source":"Census 2011 (DataMeet)"},"geometry":{"type":"Polygon","coordinates":[[[74.8339,18.3392],[74.8327,18.3291],[74.8463,18.2999],[74.8367,18.2949],[74.8041,18.3014],[74.7951,18.2843],[74.8332,18.2463],[74.8767,18.2473],[74.888,18.2574],[74.9511,18.2634],[74.9932,18.241],[75.0447,18.2621],[75.0448,18.2534],[75.0085,18.2121],[75.022,18.1875],[75.0366,18.1956],[75.0594,18.1976],[75.082,18.2179],[75.1021,18.2205],[75.1142,18.1995],[75.11,18.1785],[75.0917,18.146],[75.0938,18.1222],[75.1628,18.1188],[75.1632,18.1065],[75.1376,18.0916],[75.1303,18.0754],[75.0923,18.0661],[75.0838,18.042],[75.0526,18.0203],[75.0292,17.9884],[75.0215,17.9674],[75.0403,17.9467],[75.0507,17.9466],[75.0591,17.9513],[75.0706,17.9758],[75.1026,17.9732],[75.1091,17.9931],[75.1201,17.9979],[75.135,17.9696],[75.1198,17.971],[75.1182,17.9643],[75.1307,17.9542],[75.111,17.9346],[75.0998,17.9423],[75.0845,17.9387],[75.0895,17.9231],[75.0723,17.9143],[75.0526,17.9244],[75.0465,17.9176],[75.0545,17.9019],[75.0394,17.9033],[75.024,17.8921],[75.0177,17.9074],[74.9621,17.915],[74.9435,17.9247],[74.9391,17.9399],[74.9113,17.9449],[74.8966,17.9374],[74.8695,17.9508],[74.847,17.9478],[74.8482,17.9583],[74.8613,17.9716],[74.8638,17.9913],[74.8327,17.9927],[74.8264,18.0097],[74.8132,18.0173],[74.8074,17.9966],[74.7939,18.009],[74.7773,18.0107],[74.7634,18.0241],[74.7479,18.0186],[74.7304,18.0287],[74.7123,18.028],[74.6926,18.0391],[74.6863,18.0591],[74.6652,18.0688],[74.6566,18.0686],[74.6411,18.0445],[74.6288,18.0554],[74.6109,18.0469],[74.59,18.0553],[74.5826,18.0466],[74.5587,18.0695],[74.5514,18.0696],[74.5353,18.0573],[74.4933,18.0587],[74.4643,18.0473],[74.433,18.0651],[74.394,18.0735],[74.3801,18.0705],[74.3575,18.0961],[74.3292,18.088],[74.3174,18.0733],[74.303,18.0686],[74.2652,18.0806],[74.2378,18.0987],[74.2083,18.0988],[74.1887,18.1108],[74.1628,18.1065],[74.1476,18.1186],[74.1343,18.1169],[74.1234,18.129],[74.0837,18.1201],[74.0615,18.1372],[74.0317,18.1317],[74.0095,18.146],[74.0037,18.1565],[73.99,18.1494],[73.9458,18.1805],[73.9045,18.1599],[73.8975,18.1824],[73.8738,18.1729],[73.9037,18.1361],[73.8906,18.1158],[73.8622,18.1198],[73.8805,18.0846],[73.871,18.0733],[73.8733,18.0525],[73.8577,18.0316],[73.847,18.0409],[73.8396,18.0314],[73.8132,18.0359],[73.7917,18.0221],[73.762,18.0264],[73.7596,18.0373],[73.7056,18.0482],[73.6645,18.0268],[73.6498,18.0411],[73.6285,18.0454],[73.6129,18.058],[73.6199,18.0781],[73.6023,18.0848],[73.6092,18.0967],[73.5969,18.1064],[73.6062,18.1381],[73.6122,18.1358],[73.6055,18.1181],[73.6145,18.1235],[73.6242,18.1206],[73.6281,18.1243],[73.6203,18.1268],[73.6348,18.1459],[73.6418,18.1431],[73.6502,18.1569],[73.6658,18.1547],[73.6623,18.1656],[73.5994,18.1893],[73.5942,18.1767],[73.5816,18.1792],[73.5655,18.1902],[73.5613,18.2112],[73.555,18.196],[73.5417,18.2058],[73.5386,18.1901],[73.5233,18.1857],[73.5338,18.2092],[73.5234,18.2128],[73.5351,18.2255],[73.5233,18.23],[73.5368,18.2446],[73.5194,18.2462],[73.5052,18.2578],[73.5162,18.272],[73.5056,18.2734],[73.5093,18.2864],[73.4801,18.2713],[73.476,18.3004],[73.455,18.2976],[73.4464,18.3086],[73.4217,18.3068],[73.422,18.326],[73.4444,18.36],[73.4278,18.3727],[73.4203,18.4045],[73.4018,18.3999],[73.3964,18.4539],[73.4067,18.4673],[73.4102,18.4982],[73.4032,18.4987],[73.3914,18.4835],[73.3811,18.4834],[73.3838,18.4767],[73.3762,18.4774],[73.3763,18.4673],[73.3644,18.4685],[73.3621,18.4836],[73.3752,18.481],[73.3782,18.4912],[73.3942,18.5031],[73.3846,18.5042],[73.3569,18.5325],[73.3435,18.5325],[73.3446,18.5477],[73.3574,18.5572],[73.3326,18.548],[73.3226,18.5631],[73.3344,18.6067],[73.3433,18.6042],[73.3612,18.6361],[73.3889,18.6543],[73.3849,18.6928],[73.3752,18.708],[73.3642,18.7005],[73.3585,18.7083],[73.3428,18.6956],[73.3317,18.7016],[73.3527,18.7243],[73.3543,18.7527],[73.3622,18.7619],[73.3681,18.791],[73.374,18.7872],[73.3786,18.7934],[73.3767,18.8167],[73.3845,18.8196],[73.3888,18.852],[73.403,18.8424],[73.4132,18.8586],[73.4276,18.8626],[73.4339,18.8729],[73.4346,18.898],[73.4395,18.8988],[73.4306,18.9144],[73.4411,18.9273],[73.4514,18.9243],[73.4584,18.9295],[73.4622,18.9659],[73.4793,18.9655],[73.4786,18.9792],[73.5118,18.9677],[73.5572,19.016],[73.5468,19.018],[73.546,19.0267],[73.5358,19.0322],[73.5423,19.0506],[73.5181,19.049],[73.5193,19.0586],[73.5278,19.0563],[73.524,19.0702],[73.5294,19.0855],[73.5173,19.0843],[73.5124,19.094],[73.5214,19.1012],[73.5274,19.1292],[73.5411,19.1229],[73.5451,19.1426],[73.537,19.1443],[73.533,19.1555],[73.5406,19.1598],[73.5386,19.1743],[73.5447,19.1746],[73.5445,19.1829],[73.609,19.1894],[73.6142,19.2063],[73.6268,19.2099],[73.6332,19.2022],[73.6625,19.2391],[73.6904,19.2443],[73.6961,19.2568],[73.6705,19.2964],[73.7084,19.3234],[73.7528,19.3341],[73.7484,19.3274],[73.7745,19.33],[73.7748,19.3396],[73.797,19.3307],[73.7835,19.3906],[73.8137,19.3929],[73.8627,19.3579],[73.8778,19.363],[73.8843,19.3763],[73.8962,19.3743],[73.9148,19.3652],[73.931,19.3406],[73.944,19.3477],[73.9567,19.3439],[73.9726,19.3553],[73.98,19.3512],[74.0,19.3575],[74.0131,19.3256],[74.0283,19.3103],[74.0276,19.3005],[74.0141,19.2956],[74.0204,19.2861],[74.0265,19.2893],[74.0319,19.2837],[74.0268,19.2688],[74.0346,19.2502],[74.0474,19.2583],[74.0534,19.2437],[74.0939,19.2262],[74.0892,19.2349],[74.1284,19.2201],[74.1528,19.2218],[74.1589,19.2027],[74.1665,19.206],[74.1686,19.2197],[74.2217,19.2015],[74.2649,19.2241],[74.3165,19.2081],[74.3043,19.1888],[74.2682,19.1845],[74.265,19.1626],[74.2443,19.142],[74.236,19.1233],[74.2247,19.1297],[74.2106,19.1251],[74.1974,19.1058],[74.2004,19.0876],[74.1751,19.0359],[74.191,19.0193],[74.2148,19.0069],[74.2127,18.9953],[74.2243,18.9922],[74.2231,18.9761],[74.2397,18.9642],[74.2399,18.9534],[74.2504,18.9528],[74.2708,18.921],[74.2944,18.9032],[74.3113,18.8534],[74.3216,18.8434],[74.3321,18.8374],[74.3517,18.8437],[74.3974,18.8304],[74.3855,18.8032],[74.3996,18.7773],[74.3995,18.7413],[74.4249,18.7489],[74.4409,18.7386],[74.4511,18.7194],[74.4771,18.7222],[74.4791,18.6816],[74.4866,18.6746],[74.5073,18.6774],[74.5116,18.6674],[74.4898,18.6465],[74.4757,18.6476],[74.4746,18.6412],[74.4856,18.6303],[74.5035,18.6258],[74.5107,18.6159],[74.5507,18.614],[74.5438,18.5834],[74.5815,18.5478],[74.5712,18.5447],[74.573,18.5322],[74.5498,18.5138],[74.5539,18.4988],[74.5805,18.4733],[74.6122,18.4675],[74.6436,18.4498],[74.6746,18.4613],[74.6578,18.4737],[74.6595,18.4854],[74.7049,18.5042],[74.7269,18.4797],[74.7147,18.4303],[74.7346,18.3979],[74.755,18.3964],[74.7798,18.4084],[74.8085,18.386],[74.7959,18.3511],[74.8339,18.3392]]]}},{"type":"Feature","properties":{"district_id":"MH_SAT","district_name":"Satara (Mahabaleshwar)","state_name":"Maharashtra","zone":"West Coast","centroid_lat":17.6805,"centroid_lon":73.9803,"elevation_m":1350,"census_code":527,"census_name":"Satara","rep_lat":17.6686,"rep_lon":74.1738,"dist_coast_km":103.5,"geometry_source":"Census 2011 (DataMeet)"},"geometry":{"type":"Polygon","coordinates":[[[74.71,18.0293],[74.6647,18.0006],[74.6681,17.9753],[74.6581,17.9296],[74.6349,17.9004],[74.6351,17.8723],[74.6123,17.8565],[74.6087,17.8465],[74.6194,17.8441],[74.6186,17.8337],[74.629,17.8319],[74.63,17.8387],[74.6423,17.8291],[74.6395,17.8351],[74.6487,17.8392],[74.6548,17.8609],[74.661,17.8612],[74.6788,17.85],[74.6853,17.81],[74.696,17.8077],[74.6953,17.8026],[74.7013,17.8051],[74.702,17.7955],[74.6958,17.7911],[74.7059,17.7924],[74.7021,17.7856],[74.7111,17.7839],[74.7131,17.7911],[74.7139,17.7832],[74.7478,17.7975],[74.7403,17.7877],[74.7563,17.7799],[74.7508,17.7668],[74.744,17.7701],[74.7471,17.7631],[74.7646,17.7588],[74.7678,17.7674],[74.7799,17.7706],[74.8195,17.747],[74.8404,17.7251],[74.8749,17.723],[74.8666,17.6956],[74.8775,17.6784],[74.8851,17.6813],[74.8888,17.675],[74.9055,17.6265],[74.8804,17.5986],[74.8792,17.5685],[74.8587,17.556],[74.8647,17.5306],[74.8613,17.5064],[74.8515,17.5027],[74.8102,17.4518],[74.786,17.457],[74.7557,17.474],[74.6898,17.485],[74.7,17.4549],[74.6984,17.4279],[74.6848,17.4206],[74.6947,17.3914],[74.6899,17.3869],[74.6778,17.3872],[74.6596,17.4004],[74.6353,17.3985],[74.628,17.4223],[74.6105,17.4424],[74.5897,17.4224],[74.5899,17.4144],[74.5788,17.4106],[74.5711,17.4172],[74.5582,17.4123],[74.5486,17.4189],[74.5347,17.4162],[74.5268,17.3999],[74.4946,17.3829],[74.4376,17.3887],[74.4119,17.4017],[74.3536,17.409],[74.3478,17.4169],[74.2863,17.4173],[74.2622,17.3842],[74.2551,17.3584],[74.2631,17.3538],[74.2865,17.3574],[74.28,17.3374],[74.2944,17.3155],[74.2854,17.3079],[74.2637,17.306],[74.257,17.2932],[74.2654,17.2555],[74.2897,17.2415],[74.2718,17.2196],[74.287,17.1979],[74.2788,17.1722],[74.2508,17.1686],[74.2487,17.1602],[74.2362,17.157],[74.2359,17.1526],[74.2482,17.1526],[74.248,17.1399],[74.2262,17.1378],[74.1862,17.1488],[74.1445,17.119],[74.1301,17.1154],[74.111,17.1208],[74.0969,17.1013],[74.0832,17.0988],[74.0509,17.1029],[74.0485,17.0964],[74.0319,17.0913],[73.9872,17.1177],[73.982,17.129],[73.9428,17.1329],[73.9056,17.1556],[73.8871,17.1544],[73.8722,17.1892],[73.8529,17.1978],[73.8329,17.2268],[73.7715,17.2479],[73.7428,17.2754],[73.7319,17.2738],[73.7182,17.259],[73.6925,17.2656],[73.6886,17.2886],[73.6774,17.2952],[73.6865,17.3137],[73.6806,17.3266],[73.687,17.3451],[73.6821,17.3634],[73.6641,17.3797],[73.6613,17.3761],[73.6466,17.3834],[73.6444,17.3912],[73.6495,17.3942],[73.6535,17.387],[73.6695,17.3935],[73.6834,17.417],[73.7051,17.4232],[73.7066,17.4495],[73.7017,17.4529],[73.7077,17.4656],[73.695,17.4864],[73.7078,17.4932],[73.7063,17.5066],[73.7172,17.5176],[73.7416,17.5315],[73.7468,17.5561],[73.7166,17.5738],[73.7294,17.5908],[73.7161,17.6069],[73.7248,17.6196],[73.6922,17.6272],[73.7032,17.658],[73.692,17.6741],[73.6814,17.6775],[73.6889,17.6874],[73.6594,17.6955],[73.6537,17.7068],[73.6353,17.6995],[73.6149,17.7126],[73.5938,17.6995],[73.5663,17.7219],[73.5888,17.7648],[73.5908,17.7784],[73.5834,17.7873],[73.6025,17.7947],[73.595,17.8176],[73.5828,17.8294],[73.5964,17.8477],[73.5769,17.8583],[73.5761,17.8766],[73.5701,17.8768],[73.5606,17.8914],[73.5384,17.8888],[73.5348,17.8937],[73.5748,17.9278],[73.5759,17.9433],[73.5947,17.9355],[73.6359,17.9683],[73.635,17.9789],[73.626,17.9846],[73.6561,18.0131],[73.6502,18.0224],[73.7056,18.0482],[73.7596,18.0373],[73.762,18.0264],[73.7917,18.0221],[73.8132,18.0359],[73.8396,18.0314],[73.847,18.0409],[73.8577,18.0316],[73.8733,18.0525],[73.871,18.0733],[73.8805,18.0846],[73.8622,18.1198],[73.8906,18.1158],[73.9037,18.1361],[73.8741,18.1694],[73.8755,18.1755],[73.8831,18.1743],[73.8939,18.1832],[73.9045,18.1599],[73.9458,18.1805],[73.99,18.1494],[74.0037,18.1565],[74.0095,18.146],[74.0317,18.1317],[74.0615,18.1372],[74.0837,18.1201],[74.1234,18.129],[74.1343,18.1169],[74.1476,18.1186],[74.1628,18.1065],[74.1887,18.1108],[74.2083,18.0988],[74.2378,18.0987],[74.2573,18.0842],[74.2978,18.0695],[74.3174,18.0733],[74.3292,18.088],[74.3575,18.0961],[74.3801,18.0705],[74.394,18.0735],[74.433,18.0651],[74.4643,18.0473],[74.4933,18.0587],[74.5353,18.0573],[74.5514,18.0696],[74.5587,18.0695],[74.5826,18.0466],[74.59,18.0553],[74.6109,18.0469],[74.6288,18.0554],[74.6411,18.0445],[74.6566,18.0686],[74.6652,18.0688],[74.6863,18.0591],[74.6926,18.0391],[74.71,18.0293]]]}},{"type":"Feature","properties":{"district_id":"MH_NGP","district_name":"Nagpur","state_name":"Maharashtra","zone":"Central India","centroid_lat":21.1458,"centroid_lon":79.0882,"elevation_m":310,"census_code":505,"census_name":"Nagpur","rep_lat":21.1763,"rep_lon":79.0876,"dist_coast_km":566.9,"geometry_source":"Census 2011 (DataMeet)"},"geometry":{"type":"Polygon","coordinates":[[[79.5119,21.5894],[79.5436,21.5682],[79.5427,21.5434],[79.5142,21.5341],[79.4858,21.502],[79.4593,21.4607],[79.4493,21.4565],[79.4505,21.4349],[79.4604,21.4259],[79.4833,21.4273],[79.4917,21.4048],[79.4879,21.3987],[79.5004,21.3976],[79.5264,21.3547],[79.5477,21.3313],[79.5569,21.3303],[79.556,21.3062],[79.5681,21.299],[79.5767,21.2774],[79.5713,21.2738],[79.5715,21.247],[79.5611,21.2363],[79.5639,21.2256],[79.5532,21.2062],[79.563,21.1871],[79.5545,21.1721],[79.5618,21.1555],[79.5343,21.1561],[79.5286,21.1676],[79.5326,21.1745],[79.5196,21.1733],[79.5016,21.1833],[79.4981,21.1717],[79.5105,21.1627],[79.5062,21.1458],[79.4927,21.1394],[79.5118,21.1315],[79.5137,21.1213],[79.5275,21.1175],[79.5332,21.0956],[79.5307,21.0883],[79.523,21.0877],[79.5295,21.0753],[79.5519,21.0864],[79.5731,21.0672],[79.5887,21.0761],[79.5997,21.0725],[79.6376,20.9909],[79.6596,20.9694],[79.6609,20.9528],[79.6441,20.9165],[79.6166,20.9025],[79.6113,20.8784],[79.6191,20.8647],[79.6042,20.8643],[79.583,20.8424],[79.5689,20.8436],[79.5598,20.8533],[79.5416,20.8478],[79.5604,20.8029],[79.5356,20.7728],[79.5355,20.74],[79.5057,20.6999],[79.4916,20.704],[79.4674,20.6744],[79.4349,20.6588],[79.399,20.6573],[79.3895,20.6724],[79.3755,20.6773],[79.3528,20.6713],[79.3574,20.6553],[79.3459,20.6443],[79.3474,20.634],[79.3271,20.5892],[79.3131,20.5806],[79.2925,20.5888],[79.2247,20.5821],[79.2094,20.5974],[79.1955,20.6006],[79.1926,20.5961],[79.1862,20.6188],[79.1707,20.6245],[79.1704,20.643],[79.1494,20.6516],[79.1429,20.6759],[79.1069,20.6857],[79.1041,20.7122],[79.0922,20.7079],[79.0767,20.7152],[79.0742,20.7236],[79.0536,20.7263],[79.0528,20.7343],[79.0197,20.7361],[79.0,20.7424],[78.9975,20.7539],[78.9737,20.7542],[78.9569,20.7668],[78.9452,20.767],[78.9467,20.7939],[78.9155,20.8064],[78.9198,20.8131],[78.9159,20.8351],[78.8884,20.8418],[78.875,20.8267],[78.864,20.8422],[78.8647,20.8713],[78.8411,20.8804],[78.8425,20.8906],[78.8364,20.8937],[78.8097,20.8761],[78.7785,20.8912],[78.77,20.8989],[78.7737,20.9076],[78.7659,20.9209],[78.7608,20.9192],[78.746,20.9354],[78.7494,20.9432],[78.7351,20.947],[78.7266,20.9718],[78.7309,21.0046],[78.6952,21.0201],[78.6886,21.0294],[78.6521,21.0359],[78.6511,21.0515],[78.6432,21.0595],[78.6069,21.0692],[78.6107,21.0885],[78.5986,21.0901],[78.5965,21.1086],[78.5897,21.1147],[78.5549,21.1179],[78.5257,21.1529],[78.5185,21.1751],[78.4782,21.2195],[78.4727,21.2168],[78.4466,21.2341],[78.4194,21.2278],[78.407,21.2375],[78.333,21.2506],[78.3262,21.2712],[78.3144,21.2687],[78.3075,21.2738],[78.3113,21.294],[78.295,21.2946],[78.2639,21.3266],[78.2513,21.3286],[78.2523,21.337],[78.276,21.3508],[78.3108,21.357],[78.3388,21.3726],[78.3485,21.3849],[78.3548,21.38],[78.367,21.3836],[78.3738,21.3945],[78.3841,21.3863],[78.3923,21.3896],[78.4094,21.3837],[78.4233,21.3969],[78.4487,21.4046],[78.4445,21.4454],[78.4304,21.4797],[78.4321,21.4977],[78.4434,21.5022],[78.4566,21.4957],[78.4612,21.5029],[78.4853,21.5046],[78.5135,21.5268],[78.5716,21.5142],[78.5703,21.5045],[78.5899,21.4854],[78.6104,21.4869],[78.626,21.4761],[78.6425,21.4828],[78.6642,21.4775],[78.6892,21.4806],[78.725,21.4633],[78.7441,21.4716],[78.7517,21.4925],[78.7663,21.4884],[78.7775,21.4658],[78.7899,21.4878],[78.8495,21.4887],[78.8569,21.4944],[78.8853,21.4837],[78.9012,21.4993],[78.9373,21.4862],[78.9461,21.5125],[78.9289,21.5225],[78.93,21.5374],[78.9099,21.5535],[78.9182,21.5618],[78.9333,21.559],[78.9171,21.5696],[78.9187,21.591],[78.9458,21.5924],[78.9803,21.6162],[79.0,21.6174],[79.0151,21.6002],[79.0817,21.6064],[79.0937,21.598],[79.1098,21.6081],[79.1048,21.6177],[79.1334,21.6268],[79.1468,21.6383],[79.1536,21.6593],[79.2257,21.6496],[79.2342,21.6702],[79.224,21.68],[79.2267,21.6953],[79.2406,21.7139],[79.2345,21.7227],[79.2707,21.7137],[79.2907,21.6927],[79.3543,21.6833],[79.3549,21.6778],[79.4007,21.6735],[79.4218,21.6904],[79.4468,21.6812],[79.4645,21.6863],[79.4946,21.6731],[79.5087,21.6337],[79.5177,21.6302],[79.5043,21.6115],[79.5129,21.6015],[79.5119,21.5894]]]}},{"type":"Feature","properties":{"district_id":"GA_NGA","district_name":"North Goa","state_name":"Goa","zone":"West Coast","centroid_lat":15.4989,"centroid_lon":73.8278,"elevation_m":15,"census_code":585,"census_name":"North Goa","rep_lat":15.5525,"rep_lon":73.9807,"dist_coast_km":12.4,"geometry_source":"Census 2011 (DataMeet)"},"geometry":{"type":"Polygon","coordinates":[[[74.1188,15.6525],[74.1664,15.6542],[74.1684,15.6723],[74.1832,15.6831],[74.1908,15.6811],[74.1894,15.6671],[74.2047,15.6632],[74.2064,15.6512],[74.222,15.6552],[74.2173,15.6611],[74.2248,15.6687],[74.2301,15.6641],[74.2383,15.6678],[74.2486,15.6564],[74.2459,15.626],[74.2559,15.6251],[74.262,15.6118],[74.2477,15.5681],[74.2634,15.5634],[74.2809,15.5283],[74.2755,15.5152],[74.2543,15.5031],[74.2498,15.4918],[74.1985,15.4673],[74.1767,15.4385],[74.1674,15.4431],[74.1267,15.4376],[74.1097,15.4191],[74.1066,15.4267],[74.0979,15.4252],[74.0726,15.4113],[74.0771,15.3918],[74.0895,15.3887],[74.1035,15.3682],[74.1045,15.3476],[74.0991,15.3479],[74.0847,15.326],[74.0937,15.2981],[74.1074,15.2858],[74.1029,15.2712],[74.0955,15.2702],[74.0856,15.279],[74.0728,15.2781],[74.0707,15.2926],[74.0614,15.2974],[74.0366,15.3067],[74.0143,15.304],[74.0053,15.3473],[73.9764,15.3671],[73.9596,15.3711],[73.9498,15.3997],[73.9235,15.4044],[73.9405,15.4076],[73.9263,15.4156],[73.9361,15.4361],[73.9112,15.4241],[73.9083,15.4168],[73.8978,15.4176],[73.8645,15.4322],[73.8478,15.4518],[73.8401,15.4485],[73.7856,15.4616],[73.7922,15.4668],[73.8068,15.4631],[73.8073,15.4826],[73.8338,15.5051],[73.8157,15.5073],[73.8056,15.4937],[73.7879,15.4988],[73.7777,15.4905],[73.7672,15.4946],[73.7554,15.5447],[73.7304,15.5984],[73.7455,15.6047],[73.7523,15.6113],[73.7521,15.6258],[73.7665,15.6327],[73.7594,15.6367],[73.7471,15.6325],[73.7322,15.6148],[73.6909,15.7062],[73.6895,15.7173],[73.6997,15.7215],[73.6757,15.728],[73.7278,15.7193],[73.7491,15.7348],[73.7842,15.7258],[73.8115,15.742],[73.8243,15.7398],[73.83,15.763],[73.8483,15.7803],[73.8569,15.7996],[73.8674,15.7953],[73.8665,15.785],[73.8784,15.7724],[73.8739,15.7514],[73.9372,15.7436],[73.9507,15.7134],[73.9491,15.6989],[73.9633,15.6894],[73.9677,15.6619],[73.9612,15.6465],[73.968,15.6311],[73.9908,15.6133],[74.0202,15.6068],[74.0316,15.623],[74.0731,15.6283],[74.1188,15.6525]]]}},{"type":"Feature","properties":{"district_id":"KA_UDU","district_name":"Udupi","state_name":"Karnataka","zone":"West Coast","centroid_lat":13.3409,"centroid_lon":74.7421,"elevation_m":25,"census_code":569,"census_name":"Udupi","rep_lat":13.4667,"rep_lon":74.8835,"dist_coast_km":19.7,"geometry_source":"Census 2011 (DataMeet)"},"geometry":{"type":"Polygon","coordinates":[[[75.1402,13.4633],[75.1547,13.449],[75.1508,13.4211],[75.1404,13.4079],[75.147,13.3977],[75.1416,13.3887],[75.1322,13.3921],[75.1282,13.3876],[75.1271,13.3692],[75.1127,13.3581],[75.0913,13.3622],[75.089,13.3508],[75.0801,13.3445],[75.1151,13.2846],[75.1385,13.2899],[75.1667,13.2291],[75.1687,13.1999],[75.1761,13.2018],[75.1998,13.1785],[75.1992,13.1727],[75.1822,13.1609],[75.162,13.1333],[75.1478,13.127],[75.1388,13.1343],[75.1272,13.1324],[75.1179,13.1089],[75.0832,13.0678],[75.0769,13.0453],[75.0681,13.0458],[75.0474,13.0205],[75.0303,13.016],[75.0297,12.9975],[75.018,12.994],[75.014,12.9841],[75.003,12.9846],[74.9896,12.9891],[74.9864,13.0],[74.9963,13.0039],[74.9989,13.0155],[74.9777,13.0271],[74.9647,13.0135],[74.9469,13.0159],[74.9408,13.0046],[74.9281,13.0088],[74.9353,13.0149],[74.9323,13.0345],[74.9051,13.0398],[74.9094,13.0248],[74.8961,13.0304],[74.8838,13.0479],[74.8914,13.0629],[74.8903,13.0955],[74.8737,13.0972],[74.8628,13.1261],[74.8268,13.1284],[74.8113,13.1141],[74.7949,13.1161],[74.7971,13.1005],[74.7908,13.0963],[74.7877,13.1045],[74.7778,13.1027],[74.7701,13.0863],[74.7517,13.176],[74.7387,13.2038],[74.7006,13.338],[74.703,13.3443],[74.7192,13.3123],[74.721,13.2871],[74.7258,13.2907],[74.7247,13.3209],[74.7143,13.3406],[74.6946,13.3576],[74.6859,13.4417],[74.6908,13.451],[74.6997,13.4155],[74.7109,13.4028],[74.7329,13.4025],[74.743,13.387],[74.739,13.4133],[74.7142,13.4197],[74.7052,13.4334],[74.7168,13.4407],[74.7224,13.4586],[74.7457,13.454],[74.7507,13.4585],[74.7319,13.4755],[74.7161,13.4672],[74.705,13.4424],[74.6954,13.4813],[74.6958,13.4646],[74.6894,13.463],[74.6637,13.631],[74.6733,13.6301],[74.6811,13.6074],[74.6855,13.6384],[74.6962,13.6383],[74.6955,13.6193],[74.7088,13.6148],[74.7236,13.6215],[74.7044,13.6385],[74.7558,13.6331],[74.7602,13.6385],[74.7019,13.6536],[74.7073,13.6723],[74.6956,13.6668],[74.6795,13.6776],[74.7133,13.6967],[74.6845,13.6993],[74.6682,13.7138],[74.6778,13.691],[74.6673,13.6416],[74.6496,13.663],[74.6065,13.8586],[74.6239,13.8479],[74.6267,13.8578],[74.6119,13.8634],[74.5984,13.8785],[74.5824,13.9259],[74.5979,13.9441],[74.6021,13.9352],[74.6075,13.9414],[74.6252,13.9388],[74.6319,13.9484],[74.6403,13.941],[74.6497,13.9433],[74.6469,13.9596],[74.6677,13.9844],[74.6969,13.9568],[74.7014,13.9398],[74.693,13.9362],[74.7111,13.929],[74.7171,13.907],[74.736,13.9143],[74.7763,13.9162],[74.7918,13.9143],[74.7949,13.9069],[74.8219,13.9088],[74.8558,13.8852],[74.8678,13.8597],[74.8889,13.8679],[74.9145,13.8573],[74.9289,13.7989],[74.9359,13.7908],[74.9333,13.7719],[74.9387,13.7739],[74.9447,13.7639],[74.9971,13.7415],[74.9917,13.713],[75.0194,13.6994],[75.0122,13.6822],[75.0269,13.6714],[75.0144,13.6626],[75.0173,13.6367],[75.0361,13.6151],[75.0594,13.6078],[75.06,13.5927],[75.0413,13.5834],[75.0348,13.5734],[75.0469,13.5566],[75.0492,13.5407],[75.0626,13.529],[75.0595,13.5226],[75.0706,13.524],[75.0799,13.4962],[75.1021,13.492],[75.1122,13.4623],[75.1402,13.4633]]]}},{"type":"Feature","properties":{"district_id":"KA_DKA","district_name":"Dakshina Kannada","state_name":"Karnataka","zone":"West Coast","centroid_lat":12.87,"centroid_lon":74.88,"elevation_m":22,"census_code":575,"census_name":"Dakshina Kannada","rep_lat":12.837,"rep_lon":75.2677,"dist_coast_km":35.7,"geometry_source":"Census 2011 (DataMeet)"},"geometry":{"type":"Polygon","coordinates":[[[75.2019,13.1814],[75.2099,13.1736],[75.2107,13.1579],[75.2365,13.1385],[75.2704,13.1272],[75.2862,13.1348],[75.2955,13.1259],[75.2981,13.1321],[75.3142,13.134],[75.3245,13.1476],[75.3293,13.1703],[75.3436,13.1813],[75.3771,13.1814],[75.4058,13.157],[75.4086,13.1103],[75.4246,13.1069],[75.4339,13.1201],[75.442,13.1052],[75.4538,13.1087],[75.4693,13.0967],[75.4725,13.0773],[75.4801,13.0778],[75.4874,13.0923],[75.5229,13.0531],[75.5208,13.0288],[75.5297,13.0216],[75.5322,13.0063],[75.516,12.979],[75.555,12.9448],[75.563,12.8677],[75.6033,12.8762],[75.6047,12.8668],[75.6232,12.8572],[75.6145,12.7982],[75.6228,12.7955],[75.6241,12.7811],[75.641,12.7699],[75.6372,12.762],[75.6597,12.7505],[75.6511,12.7202],[75.6275,12.7074],[75.6336,12.6919],[75.6728,12.7005],[75.6488,12.6665],[75.6429,12.6296],[75.6542,12.6215],[75.6727,12.5549],[75.6675,12.547],[75.6448,12.538],[75.6179,12.5104],[75.6056,12.5121],[75.5927,12.5371],[75.5589,12.5038],[75.5662,12.4867],[75.529,12.4976],[75.5244,12.4893],[75.4964,12.4823],[75.4916,12.4601],[75.4652,12.4719],[75.4633,12.4852],[75.4722,12.4978],[75.4361,12.5281],[75.4337,12.5168],[75.4221,12.5135],[75.4167,12.5017],[75.4064,12.4945],[75.3994,12.5027],[75.3851,12.4976],[75.372,12.4884],[75.3741,12.4737],[75.3428,12.4609],[75.3367,12.4951],[75.3066,12.5015],[75.3063,12.5221],[75.2827,12.5229],[75.2723,12.5583],[75.2929,12.5796],[75.3178,12.5734],[75.3301,12.5819],[75.3295,12.59],[75.3098,12.5926],[75.303,12.6038],[75.2926,12.6014],[75.2781,12.6164],[75.2508,12.5796],[75.2399,12.5772],[75.2375,12.5665],[75.2241,12.5673],[75.2119,12.5886],[75.2045,12.5852],[75.2106,12.6019],[75.1997,12.6108],[75.2024,12.6297],[75.1835,12.632],[75.1709,12.6211],[75.16,12.6216],[75.1436,12.6378],[75.162,12.6686],[75.1514,12.6734],[75.1513,12.6809],[75.1325,12.6753],[75.1131,12.6804],[75.1048,12.696],[75.0864,12.7022],[75.0834,12.6708],[75.0706,12.6624],[75.048,12.6645],[75.0448,12.6918],[75.057,12.6911],[75.0498,12.7191],[75.0382,12.723],[75.007,12.7135],[75.003,12.718],[75.0121,12.7272],[74.9929,12.7374],[74.9845,12.7342],[74.9858,12.7428],[74.9916,12.7425],[75.0085,12.7647],[75.0051,12.7898],[74.992,12.7947],[74.9923,12.7879],[74.9816,12.7795],[74.9703,12.7768],[74.9538,12.7835],[74.8849,12.7529],[74.863,12.7583],[74.8284,12.8313],[74.8071,12.8947],[74.7816,13.0543],[74.7707,13.0776],[74.7819,13.0581],[74.7793,13.0914],[74.7971,13.1005],[74.7949,13.1161],[74.8113,13.1141],[74.8268,13.1284],[74.8628,13.1261],[74.8737,13.0972],[74.8903,13.0955],[74.8914,13.0629],[74.8838,13.0479],[74.8961,13.0304],[74.9094,13.0248],[74.9051,13.0398],[74.9323,13.0345],[74.9353,13.0149],[74.9281,13.0088],[74.9408,13.0046],[74.9469,13.0159],[74.9647,13.0135],[74.9777,13.0271],[74.9989,13.0155],[74.9963,13.0039],[74.9869,13.0013],[74.9896,12.9891],[75.014,12.9841],[75.018,12.994],[75.0297,12.9975],[75.0303,13.016],[75.0474,13.0205],[75.0681,13.0458],[75.0769,13.0453],[75.0832,13.0678],[75.1179,13.1089],[75.1272,13.1324],[75.1388,13.1343],[75.1478,13.127],[75.162,13.1333],[75.2019,13.1814]],[[74.688,13.6528],[74.679,13.6539],[74.6777,13.6668],[74.6904,13.6608],[74.688,13.6528]]]}},{"type":"Feature","properties":{"district_id":"KA_BLR","district_name":"Bengaluru Urban","state_name":"Karnataka","zone":"South Peninsula","centroid_lat":12.9716,"centroid_lon":77.5946,"elevation_m":920,"census_code":572,"census_name":"Bangalore","rep_lat":12.9508,"rep_lon":77.5959,"dist_coast_km":262.6,"geometry_source":"Census 2011 (DataMeet)"},"geometry":{"type":"Polygon","coordinates":[[[77.8355,12.8681],[77.8235,12.8531],[77.7947,12.8429],[77.7979,12.8327],[77.8109,12.8299],[77.8106,12.8147],[77.8043,12.8149],[77.8013,12.8054],[77.8094,12.796],[77.7979,12.7904],[77.7816,12.7689],[77.7838,12.7602],[77.7949,12.7542],[77.7929,12.7479],[77.763,12.7342],[77.7616,12.7275],[77.773,12.7236],[77.7603,12.6963],[77.7435,12.7006],[77.7372,12.6919],[77.7414,12.6731],[77.7253,12.6721],[77.7241,12.6793],[77.7137,12.6828],[77.7054,12.6603],[77.6883,12.658],[77.6777,12.6596],[77.6801,12.6802],[77.6641,12.6831],[77.6,12.6663],[77.5989,12.6571],[77.5951,12.6643],[77.6183,12.7056],[77.5973,12.7187],[77.5705,12.6987],[77.5595,12.7215],[77.5594,12.7302],[77.5731,12.7315],[77.5778,12.7516],[77.589,12.7492],[77.5982,12.756],[77.5946,12.7821],[77.583,12.7865],[77.5737,12.7795],[77.5688,12.7587],[77.5576,12.7799],[77.5641,12.7856],[77.5552,12.7883],[77.5592,12.7996],[77.5421,12.7985],[77.5513,12.7861],[77.5446,12.7756],[77.5526,12.7733],[77.5446,12.7633],[77.5454,12.753],[77.5393,12.7545],[77.5217,12.7319],[77.521,12.7437],[77.5067,12.7354],[77.4904,12.7428],[77.4777,12.7539],[77.475,12.766],[77.4789,12.7788],[77.472,12.7928],[77.4857,12.799],[77.4821,12.8077],[77.4666,12.8088],[77.4537,12.818],[77.4452,12.8072],[77.4339,12.8163],[77.4379,12.8229],[77.4235,12.8258],[77.4264,12.8348],[77.4385,12.8394],[77.439,12.8497],[77.4218,12.8683],[77.4315,12.8709],[77.4309,12.8769],[77.4198,12.8704],[77.4088,12.874],[77.403,12.8637],[77.3974,12.8691],[77.3783,12.8534],[77.3669,12.8708],[77.3489,12.8675],[77.3378,12.9088],[77.3422,12.9136],[77.3388,12.9338],[77.3457,12.9412],[77.3334,12.9469],[77.3306,12.9739],[77.3556,12.9737],[77.3802,12.9939],[77.3735,13.0155],[77.3798,13.0187],[77.3788,13.0291],[77.3939,13.0283],[77.3987,13.0539],[77.3874,13.0512],[77.385,13.0646],[77.4024,13.0705],[77.4303,13.0678],[77.4197,13.1045],[77.4049,13.1129],[77.406,13.1242],[77.4298,13.1635],[77.4684,13.1624],[77.4798,13.221],[77.5125,13.224],[77.5218,13.2092],[77.5476,13.2314],[77.5594,13.2315],[77.5574,13.2142],[77.5701,13.2129],[77.5705,13.2009],[77.5989,13.1889],[77.6073,13.2011],[77.6204,13.2048],[77.6538,13.2006],[77.6585,13.1861],[77.6894,13.192],[77.6906,13.1978],[77.7017,13.1867],[77.7293,13.1877],[77.7293,13.1593],[77.7415,13.1218],[77.7346,13.1143],[77.762,13.1122],[77.768,13.0876],[77.7644,13.0653],[77.7849,13.0364],[77.7758,12.9766],[77.7863,12.9648],[77.7681,12.9599],[77.7744,12.9484],[77.7672,12.9377],[77.8014,12.9188],[77.8157,12.9278],[77.8355,12.8681]]]}},{"type":"Feature","properties":{"district_id":"UK_DRN","district_name":"Dehradun","state_name":"Uttarakhand","zone":"Northwest","centroid_lat":30.3165,"centroid_lon":78.0322,"elevation_m":640,"census_code":60,"census_name":"Dehradun","rep_lat":30.4635,"rep_lon":77.9732,"dist_coast_km":1040.1,"geometry_source":"Census 2011 (DataMeet)"},"geometry":{"type":"Polygon","coordinates":[[[78.0156,30.6127],[78.0126,30.5789],[78.0051,30.5644],[77.9834,30.5499],[77.988,30.5116],[77.9805,30.5084],[77.9495,30.5181],[77.9406,30.5062],[77.9555,30.4906],[77.9716,30.4854],[77.9872,30.4657],[78.0179,30.4751],[78.0328,30.4701],[78.0453,30.4824],[78.0793,30.4752],[78.1025,30.4804],[78.1659,30.4515],[78.1897,30.4521],[78.2294,30.4371],[78.243,30.4253],[78.2409,30.418],[78.1496,30.3757],[78.14,30.3569],[78.143,30.3364],[78.1499,30.3241],[78.177,30.3062],[78.1962,30.3045],[78.2165,30.3113],[78.2431,30.3094],[78.2505,30.2995],[78.2767,30.2999],[78.2841,30.2932],[78.2787,30.2701],[78.2992,30.2435],[78.2902,30.2292],[78.247,30.2038],[78.2375,30.1803],[78.2422,30.1717],[78.2597,30.1653],[78.256,30.1424],[78.3114,30.1096],[78.2932,30.0998],[78.288,30.0727],[78.2516,30.0433],[78.2474,30.0239],[78.2292,30.0171],[78.2321,29.9873],[78.2162,29.9757],[78.1939,29.9445],[78.1802,29.9425],[78.1908,29.9678],[78.188,29.9817],[78.1685,29.9492],[78.1527,29.9606],[78.1343,30.0004],[78.0952,30.0171],[78.0973,30.0302],[78.0738,30.0431],[78.0719,30.0748],[78.0364,30.1099],[78.0073,30.1721],[77.9569,30.2311],[77.9596,30.2415],[77.9385,30.2435],[77.8871,30.269],[77.871,30.2672],[77.7239,30.3337],[77.6865,30.3807],[77.6773,30.379],[77.6745,30.3883],[77.6474,30.406],[77.6352,30.3998],[77.5907,30.4076],[77.5762,30.3996],[77.576,30.4122],[77.5943,30.4254],[77.617,30.4325],[77.6438,30.4312],[77.6535,30.4474],[77.6924,30.4468],[77.7246,30.4723],[77.7811,30.4994],[77.8127,30.5064],[77.8242,30.5282],[77.8168,30.5588],[77.7918,30.5524],[77.7754,30.5581],[77.7572,30.5849],[77.7431,30.5935],[77.7484,30.6033],[77.768,30.5958],[77.7703,30.6154],[77.7957,30.6144],[77.7849,30.6236],[77.7887,30.6362],[77.782,30.6466],[77.7928,30.6589],[77.7796,30.6604],[77.7472,30.681],[77.7549,30.7058],[77.7342,30.7335],[77.7054,30.7435],[77.7022,30.7639],[77.7184,30.7743],[77.7334,30.8036],[77.7584,30.8251],[77.7455,30.8461],[77.7558,30.8595],[77.7586,30.8765],[77.7686,30.8777],[77.7793,30.8605],[77.8035,30.8538],[77.7986,30.8837],[77.815,30.908],[77.8052,30.9214],[77.8169,30.9352],[77.8412,30.9338],[77.8648,30.9551],[77.8752,30.9437],[77.9089,30.954],[77.9288,30.9695],[77.9709,30.9751],[78.0,30.9539],[78.0187,30.9262],[78.0224,30.912],[77.9796,30.8953],[77.9885,30.8489],[77.9989,30.8273],[78.028,30.8032],[78.0305,30.7863],[78.052,30.7729],[78.0732,30.741],[78.0842,30.7367],[78.0802,30.7309],[78.0891,30.7186],[78.0762,30.7022],[78.0684,30.6669],[78.0522,30.6596],[78.0391,30.6428],[78.0238,30.651],[78.0136,30.6466],[78.0156,30.6127]]]}},{"type":"Feature","properties":{"district_id":"UK_RUD","district_name":"Rudraprayag (Kedarnath)","state_name":"Uttarakhand","zone":"Northwest","centroid_lat":30.2844,"centroid_lon":78.9811,"elevation_m":2100,"census_code":58,"census_name":"Rudraprayag","rep_lat":30.5303,"rep_lon":79.0589,"dist_coast_km":1102.6,"geometry_source":"Census 2011 (DataMeet)"},"geometry":{"type":"Polygon","coordinates":[[[79.279,30.7261],[79.3002,30.7166],[79.3082,30.6746],[79.3517,30.6515],[79.3572,30.6276],[79.3504,30.6266],[79.3495,30.6116],[79.3401,30.5983],[79.3077,30.5931],[79.2974,30.5623],[79.264,30.5676],[79.2495,30.5585],[79.2455,30.5388],[79.2298,30.5244],[79.2238,30.4914],[79.1975,30.4799],[79.168,30.4463],[79.1765,30.4216],[79.1663,30.4088],[79.1634,30.3844],[79.15,30.3789],[79.1164,30.3847],[79.1066,30.3789],[79.1083,30.3685],[79.1258,30.3482],[79.1357,30.3502],[79.1409,30.3407],[79.1586,30.3318],[79.1569,30.3219],[79.1509,30.325],[79.1468,30.3025],[79.1688,30.2948],[79.1483,30.2942],[79.14,30.2878],[79.1153,30.2897],[79.1053,30.2766],[79.106,30.2576],[79.0799,30.2204],[79.047,30.2175],[79.0364,30.2332],[79.0487,30.2602],[79.0919,30.299],[79.0577,30.3015],[79.0439,30.3111],[79.0,30.3017],[78.9757,30.282],[78.9364,30.2706],[78.9312,30.2574],[78.9194,30.2634],[78.9038,30.2478],[78.8607,30.2991],[78.8597,30.3159],[78.8676,30.324],[78.8562,30.3333],[78.8592,30.3482],[78.8399,30.3569],[78.8372,30.3927],[78.8163,30.4015],[78.8475,30.4373],[78.8492,30.4593],[78.8241,30.4853],[78.8523,30.4923],[78.8673,30.508],[78.8594,30.5512],[78.8739,30.5785],[78.8904,30.5851],[78.8881,30.6042],[78.9093,30.6265],[78.9074,30.6515],[78.9147,30.6913],[78.9263,30.7144],[78.9464,30.723],[78.9574,30.7354],[79.0182,30.7531],[79.0265,30.7674],[79.0234,30.7821],[79.0332,30.8067],[79.0671,30.8001],[79.0914,30.7764],[79.127,30.771],[79.131,30.7562],[79.1399,30.7498],[79.1672,30.757],[79.189,30.749],[79.2001,30.7352],[79.2172,30.7396],[79.2491,30.733],[79.2593,30.7238],[79.279,30.7261]]]}},{"type":"Feature","properties":{"district_id":"UK_UTK","district_name":"Uttarkashi","state_name":"Uttarakhand","zone":"Northwest","centroid_lat":30.7268,"centroid_lon":78.4354,"elevation_m":1158,"census_code":56,"census_name":"Uttarkashi","rep_lat":30.9731,"rep_lon":78.6039,"dist_coast_km":1119.7,"geometry_source":"Census 2011 (DataMeet)"},"geometry":{"type":"Polygon","coordinates":[[[79.2105,31.3485],[79.2373,31.3321],[79.2371,31.3142],[79.2637,31.2914],[79.2633,31.2801],[79.2493,31.2639],[79.2494,31.2488],[79.2589,31.2417],[79.2783,31.24],[79.2883,31.2255],[79.3039,31.1903],[79.2981,31.1702],[79.315,31.1439],[79.3415,31.124],[79.3945,31.115],[79.4076,31.0744],[79.3896,31.0673],[79.3611,31.0346],[79.3309,31.0283],[79.3134,31.0177],[79.3115,31.0094],[79.3308,30.9971],[79.3241,30.9852],[79.3294,30.9708],[79.3229,30.9632],[79.2964,30.9709],[79.2644,30.9545],[79.2849,30.9352],[79.2837,30.9173],[79.2707,30.9056],[79.2773,30.8786],[79.2618,30.8697],[79.2522,30.8485],[79.2415,30.8412],[79.2437,30.8278],[79.2256,30.8197],[79.2696,30.7652],[79.2907,30.7518],[79.2809,30.7267],[79.2593,30.7238],[79.2491,30.733],[79.2172,30.7396],[79.2001,30.7352],[79.189,30.749],[79.1672,30.757],[79.1347,30.7519],[79.127,30.771],[79.0914,30.7764],[79.0671,30.8001],[79.0332,30.8067],[79.0181,30.8201],[79.0158,30.8489],[79.0,30.8623],[78.9527,30.8552],[78.9241,30.8783],[78.8947,30.8725],[78.8792,30.8774],[78.8512,30.8453],[78.8611,30.8182],[78.8514,30.7857],[78.8551,30.7554],[78.8496,30.739],[78.8365,30.7392],[78.8116,30.7224],[78.775,30.7222],[78.754,30.712],[78.723,30.7326],[78.7034,30.7171],[78.6715,30.7066],[78.6634,30.6915],[78.6371,30.6847],[78.6198,30.6906],[78.5918,30.6876],[78.5871,30.6809],[78.5982,30.674],[78.5996,30.6653],[78.5974,30.6302],[78.549,30.571],[78.5446,30.5295],[78.5173,30.528],[78.4982,30.5341],[78.4992,30.5782],[78.5136,30.5945],[78.4872,30.6279],[78.4695,30.6131],[78.4517,30.6152],[78.4402,30.5778],[78.4415,30.5685],[78.4531,30.5629],[78.4564,30.5424],[78.4294,30.5138],[78.4294,30.4998],[78.4131,30.4825],[78.4133,30.4686],[78.4074,30.4706],[78.4044,30.4922],[78.3845,30.5144],[78.3593,30.5251],[78.3591,30.5344],[78.3478,30.5419],[78.3395,30.5624],[78.3283,30.5597],[78.3189,30.5713],[78.3098,30.5721],[78.3135,30.5587],[78.2904,30.5508],[78.288,30.5614],[78.3011,30.5648],[78.2905,30.5733],[78.3033,30.5868],[78.2777,30.6122],[78.2499,30.6095],[78.237,30.5876],[78.2085,30.5778],[78.1677,30.5908],[78.1672,30.6023],[78.1738,30.6034],[78.1555,30.6346],[78.1386,30.6313],[78.1237,30.6377],[78.0876,30.6302],[78.0708,30.6186],[78.074,30.6068],[78.0484,30.5975],[78.0156,30.6127],[78.0136,30.6466],[78.0238,30.651],[78.0391,30.6428],[78.0522,30.6596],[78.0684,30.6669],[78.0762,30.7022],[78.0891,30.7186],[78.0802,30.7309],[78.0842,30.7367],[78.0732,30.741],[78.052,30.7729],[78.0305,30.7863],[78.028,30.8032],[77.9989,30.8273],[77.9885,30.8489],[77.9894,30.864],[77.9776,30.8877],[77.9805,30.8972],[78.0224,30.912],[78.0187,30.9262],[77.9889,30.9639],[77.9709,30.9751],[77.9366,30.9717],[77.8884,30.9466],[77.8703,30.9444],[77.8648,30.9551],[77.8412,30.9338],[77.8183,30.9358],[77.8052,30.9214],[77.7774,30.9155],[77.7598,30.9176],[77.7607,30.9293],[77.7475,30.9449],[77.7506,30.959],[77.7682,30.9722],[77.7852,30.971],[77.8165,30.9504],[77.8314,30.9489],[77.8332,30.9554],[77.8189,30.9563],[77.8107,30.9651],[77.828,30.9943],[77.8244,31.0006],[77.8397,31.0035],[77.8332,31.0111],[77.836,31.0253],[77.8151,31.0575],[77.8292,31.0563],[77.8392,31.0698],[77.8574,31.0767],[77.8661,31.1064],[77.8933,31.12],[77.9022,31.1501],[77.9294,31.152],[77.9695,31.1741],[77.9841,31.1605],[78.0073,31.1624],[78.029,31.1502],[78.031,31.1668],[78.0447,31.1806],[78.0687,31.1882],[78.1026,31.1861],[78.1341,31.2093],[78.1498,31.2114],[78.1628,31.2268],[78.1864,31.2271],[78.2025,31.2174],[78.2152,31.2209],[78.2218,31.2324],[78.2476,31.2302],[78.2841,31.2666],[78.3085,31.2612],[78.3135,31.2834],[78.3844,31.2831],[78.3886,31.2744],[78.3965,31.2766],[78.4127,31.2429],[78.4295,31.246],[78.4346,31.255],[78.4593,31.2393],[78.4817,31.216],[78.4852,31.1988],[78.5522,31.2017],[78.5818,31.2287],[78.6106,31.2314],[78.6496,31.2169],[78.6628,31.1896],[78.675,31.1982],[78.7646,31.1892],[78.8103,31.1999],[78.8184,31.1941],[78.8128,31.1774],[78.8269,31.1643],[78.8339,31.142],[78.8865,31.1021],[78.9119,31.1004],[78.9189,31.1102],[78.9278,31.1109],[78.9356,31.1023],[78.9573,31.0998],[78.9808,31.1101],[79.0118,31.1101],[79.0044,31.1321],[78.991,31.1455],[78.9927,31.1649],[78.9872,31.1772],[78.9615,31.1884],[78.9512,31.2005],[78.9505,31.2172],[78.935,31.2179],[78.9253,31.2287],[78.9223,31.2541],[78.9321,31.2615],[78.9386,31.3203],[78.9458,31.3328],[79.0053,31.3567],[79.0225,31.3956],[79.0499,31.423],[79.0528,31.4523],[79.0726,31.4672],[79.092,31.4532],[79.1455,31.433],[79.2105,31.3485]]]}},{"type":"Feature","properties":{"district_id":"HP_SML","district_name":"Shimla","state_name":"Himachal Pradesh","zone":"Northwest","centroid_lat":31.1048,"centroid_lon":77.1734,"elevation_m":2200,"census_code":33,"census_name":"Shimla","rep_lat":31.197,"rep_lon":77.6324,"dist_coast_km":1096.5,"geometry_source":"Census 2011 (DataMeet)"},"geometry":{"type":"Polygon","coordinates":[[[77.7719,31.7037],[77.7896,31.6871],[77.7947,31.6738],[77.8122,31.6632],[77.8249,31.6381],[77.8143,31.611],[77.8392,31.5796],[77.8354,31.5628],[77.8452,31.5274],[77.8409,31.507],[77.856,31.5059],[77.8594,31.5114],[77.8695,31.504],[77.8826,31.4869],[77.8801,31.4708],[77.8982,31.4567],[77.9027,31.443],[77.9281,31.4244],[77.9489,31.4221],[77.9607,31.4142],[77.9637,31.4025],[78.0244,31.4008],[78.0546,31.4187],[78.1036,31.4198],[78.1104,31.4095],[78.1633,31.3838],[78.166,31.3782],[78.1533,31.3599],[78.1642,31.3446],[78.2147,31.3256],[78.2446,31.3421],[78.26,31.3278],[78.2919,31.3238],[78.3018,31.3151],[78.2954,31.2927],[78.3135,31.2834],[78.3085,31.2612],[78.2841,31.2666],[78.2476,31.2302],[78.2218,31.2324],[78.2152,31.2209],[78.2025,31.2174],[78.1864,31.2271],[78.1628,31.2268],[78.1498,31.2114],[78.1341,31.2093],[78.1026,31.1861],[78.0687,31.1882],[78.0447,31.1806],[78.031,31.1668],[78.029,31.1502],[78.0073,31.1624],[77.9841,31.1605],[77.9695,31.1741],[77.9294,31.152],[77.9022,31.1501],[77.8933,31.12],[77.8661,31.1064],[77.8574,31.0767],[77.8392,31.0698],[77.8292,31.0563],[77.8151,31.0575],[77.836,31.0253],[77.8332,31.0111],[77.8397,31.0035],[77.8244,31.0006],[77.828,30.9943],[77.8107,30.9651],[77.8189,30.9563],[77.8332,30.9554],[77.8314,30.9489],[77.8165,30.9504],[77.7782,30.9723],[77.7682,30.9722],[77.7506,30.959],[77.7475,30.9449],[77.7607,30.9293],[77.7598,30.9176],[77.8076,30.9213],[77.815,30.908],[77.7996,30.8886],[77.7976,30.8673],[77.8035,30.8538],[77.7793,30.8605],[77.7686,30.8777],[77.7559,30.8736],[77.7558,30.8595],[77.7455,30.8461],[77.7584,30.8251],[77.7334,30.8036],[77.7123,30.7687],[77.7022,30.7639],[77.6854,30.7867],[77.6646,30.8014],[77.66,30.7991],[77.6578,30.806],[77.6243,30.8081],[77.617,30.7907],[77.5872,30.7763],[77.5449,30.7738],[77.5529,30.7929],[77.5486,30.7975],[77.5296,30.7958],[77.5243,30.7829],[77.493,30.7941],[77.493,30.8409],[77.4774,30.8649],[77.4518,30.8626],[77.4321,30.8722],[77.435,30.894],[77.4113,30.9264],[77.4425,30.945],[77.4408,30.9759],[77.4164,30.9987],[77.3738,31.0223],[77.3633,31.0098],[77.3375,31.0009],[77.321,30.9759],[77.3017,30.9681],[77.2951,30.9515],[77.2656,30.9407],[77.2609,30.9284],[77.2462,30.9188],[77.2405,30.9397],[77.252,30.9477],[77.2347,30.9603],[77.2027,30.9698],[77.2086,30.9911],[77.1864,31.0091],[77.1712,31.0048],[77.1489,31.0085],[77.1448,31.0209],[77.1299,31.0293],[77.106,31.0314],[77.0677,31.0506],[77.0867,31.0658],[77.0735,31.0872],[77.0585,31.0901],[77.0392,31.0683],[77.026,31.0873],[77.056,31.1039],[77.0467,31.1161],[77.0001,31.1054],[76.9928,31.1117],[76.9926,31.1165],[77.0092,31.1159],[77.0125,31.1371],[77.0339,31.1589],[77.0041,31.1879],[77.0052,31.2031],[77.02,31.2185],[77.0128,31.234],[77.0048,31.2371],[77.0151,31.2716],[77.0031,31.2978],[77.0834,31.2479],[77.1217,31.247],[77.1326,31.2287],[77.1618,31.2308],[77.1902,31.2552],[77.1966,31.2443],[77.2046,31.2446],[77.2196,31.26],[77.2484,31.2542],[77.2706,31.2756],[77.2827,31.2658],[77.3056,31.2713],[77.3367,31.2982],[77.3413,31.3226],[77.3642,31.3564],[77.402,31.3621],[77.4299,31.3415],[77.4985,31.3561],[77.5257,31.3512],[77.5542,31.3865],[77.5714,31.3864],[77.5914,31.3955],[77.63,31.391],[77.634,31.3974],[77.6231,31.4235],[77.6282,31.446],[77.671,31.4628],[77.709,31.5024],[77.6993,31.5419],[77.6561,31.5783],[77.6486,31.613],[77.6535,31.6293],[77.6634,31.6347],[77.6488,31.6605],[77.6859,31.7035],[77.7092,31.7028],[77.7428,31.7149],[77.7719,31.7037]]]}},{"type":"Feature","properties":{"district_id":"HP_KUL","district_name":"Kullu / Manali","state_name":"Himachal Pradesh","zone":"Northwest","centroid_lat":31.9579,"centroid_lon":77.1095,"elevation_m":1279,"census_code":26,"census_name":"Kullu","rep_lat":31.9045,"rep_lon":77.4002,"dist_coast_km":1158.5,"geometry_source":"Census 2011 (DataMeet)"},"geometry":{"type":"Polygon","coordinates":[[[77.8668,31.7833],[77.8553,31.7812],[77.8568,31.7682],[77.8491,31.7548],[77.8108,31.7607],[77.7796,31.7521],[77.763,31.7621],[77.7526,31.7515],[77.7562,31.7198],[77.7508,31.7139],[77.7348,31.7146],[77.7092,31.7028],[77.6859,31.7035],[77.6488,31.6605],[77.6634,31.6347],[77.6535,31.6293],[77.6486,31.613],[77.6561,31.5783],[77.6993,31.5419],[77.709,31.5024],[77.671,31.4628],[77.6282,31.446],[77.6231,31.4235],[77.634,31.3974],[77.63,31.391],[77.5914,31.3955],[77.5714,31.3864],[77.5542,31.3865],[77.5257,31.3512],[77.4985,31.3561],[77.4299,31.3415],[77.402,31.3621],[77.3867,31.3613],[77.3909,31.3834],[77.3829,31.3939],[77.3842,31.4118],[77.3314,31.4579],[77.3179,31.5072],[77.3198,31.5297],[77.3019,31.5575],[77.3071,31.6108],[77.2988,31.6533],[77.3058,31.6618],[77.2738,31.7012],[77.2253,31.7248],[77.2175,31.721],[77.1906,31.8147],[77.1761,31.8262],[77.1804,31.8416],[77.1051,31.8385],[77.0831,31.8296],[77.0595,31.8349],[77.0613,31.8561],[77.0305,31.8934],[77.0244,31.9205],[76.9786,31.9835],[76.982,32.0],[76.9772,32.0237],[76.944,32.0447],[76.9387,32.0929],[76.9462,32.1124],[76.9887,32.1109],[76.9846,32.1316],[76.987,32.1543],[76.9995,32.1823],[76.995,32.1869],[77.0055,32.2],[77.0386,32.2071],[77.0524,32.226],[77.0317,32.2474],[77.0302,32.2719],[77.0367,32.2903],[77.0307,32.3067],[77.045,32.3228],[77.0409,32.3399],[77.0524,32.3665],[77.0747,32.397],[77.1098,32.3993],[77.1508,32.416],[77.1963,32.4014],[77.2038,32.3894],[77.2292,32.3744],[77.2462,32.3764],[77.2769,32.3584],[77.2836,32.3445],[77.3083,32.3361],[77.3264,32.3216],[77.3476,32.284],[77.3506,32.2672],[77.345,32.2539],[77.3701,32.2227],[77.3955,32.2187],[77.4285,32.194],[77.4631,32.1989],[77.4739,32.2281],[77.5003,32.2212],[77.5145,32.2019],[77.525,32.1999],[77.5322,32.2001],[77.5332,32.2136],[77.5455,32.2228],[77.5643,32.2092],[77.5731,32.1887],[77.6521,32.1478],[77.6625,32.1287],[77.688,32.1057],[77.7447,32.0916],[77.746,32.0776],[77.766,32.052],[77.7641,32.0408],[77.7917,32.0183],[77.7758,32.0075],[77.8011,31.9858],[77.7821,31.9668],[77.7697,31.9432],[77.7839,31.9152],[77.8068,31.8957],[77.8311,31.8953],[77.869,31.8827],[77.8501,31.8708],[77.8392,31.8487],[77.8497,31.8295],[77.8483,31.8057],[77.8668,31.7833]]]}},{"type":"Feature","properties":{"district_id":"JK_SRN","district_name":"Srinagar","state_name":"Jammu and Kashmir","zone":"Northwest","centroid_lat":34.0837,"centroid_lon":74.7973,"elevation_m":1585,"census_code":10,"census_name":"Srinagar","rep_lat":34.1758,"rep_lon":74.9148,"dist_coast_km":1255.0,"geometry_source":"Census 2011 (DataMeet)"},"geometry":{"type":"Polygon","coordinates":[[[74.7139,34.3467],[74.7529,34.3395],[74.914,34.2844],[75.0248,34.2605],[75.1545,34.2152],[75.1937,34.1901],[75.1825,34.195],[75.1626,34.1677],[75.1629,34.149],[75.1712,34.1372],[75.1696,34.1135],[75.1489,34.0842],[75.0462,34.0637],[74.9942,34.0173],[74.9294,33.9789],[74.9206,34.0172],[74.8915,34.049],[74.8232,34.049],[74.8135,34.0768],[74.7906,34.1002],[74.7202,34.1484],[74.7013,34.1735],[74.6962,34.2226],[74.6657,34.3087],[74.6894,34.3463],[74.7139,34.3467]]]}},{"type":"Feature","properties":{"district_id":"JK_JAM","district_name":"Jammu","state_name":"Jammu and Kashmir","zone":"Northwest","centroid_lat":32.7266,"centroid_lon":74.857,"elevation_m":327,"census_code":21,"census_name":"Jammu","rep_lat":32.7625,"rep_lon":74.7884,"dist_coast_km":1135.8,"geometry_source":"Census 2011 (DataMeet)"},"geometry":{"type":"Polygon","coordinates":[[[74.9467,32.8771],[74.9679,32.8783],[74.9764,32.8513],[74.9966,32.8465],[75.0502,32.8844],[75.0746,32.8678],[75.1135,32.8225],[75.148,32.7991],[75.1609,32.77],[75.1128,32.736],[75.0505,32.7234],[75.0459,32.704],[75.0312,32.6859],[75.0108,32.6722],[74.9758,32.6619],[74.969,32.6301],[74.9468,32.5956],[74.8994,32.5557],[74.8666,32.5155],[74.8448,32.494],[74.8301,32.486],[74.8161,32.4883],[74.8123,32.4767],[74.7937,32.4689],[74.7684,32.4747],[74.716,32.4706],[74.7044,32.4854],[74.6852,32.482],[74.6796,32.5066],[74.6885,32.525],[74.6631,32.536],[74.6603,32.5413],[74.6703,32.5502],[74.6682,32.5595],[74.6521,32.5593],[74.6495,32.591],[74.6348,32.6026],[74.637,32.6106],[74.6493,32.6128],[74.6522,32.6297],[74.6637,32.6303],[74.6699,32.6411],[74.6927,32.6548],[74.679,32.668],[74.6622,32.6728],[74.6504,32.6983],[74.6821,32.7819],[74.7,32.8105],[74.7014,32.8351],[74.6643,32.8216],[74.6524,32.8271],[74.636,32.8135],[74.6328,32.7998],[74.6539,32.7813],[74.6315,32.7743],[74.6353,32.7508],[74.6311,32.7469],[74.6131,32.7555],[74.5756,32.745],[74.5688,32.7544],[74.557,32.7571],[74.5439,32.7433],[74.5146,32.7435],[74.5094,32.7387],[74.5013,32.7604],[74.483,32.7622],[74.4512,32.7836],[74.4695,32.7997],[74.5216,32.8887],[74.4965,32.929],[74.4941,32.9459],[74.5119,32.9615],[74.5654,32.9929],[74.5913,32.9962],[74.6283,32.9718],[74.6688,32.9572],[74.6927,32.9711],[74.7298,33.0242],[74.7517,33.033],[74.782,33.0318],[74.8393,32.98],[74.8457,32.9632],[74.8124,32.9186],[74.8169,32.8966],[74.8353,32.8799],[74.9038,32.869],[74.9467,32.8771]]]}},{"type":"Feature","properties":{"district_id":"DL_NDL","district_name":"New Delhi","state_name":"Delhi","zone":"Northwest","centroid_lat":28.6139,"centroid_lon":77.209,"elevation_m":216,"census_code":94,"census_name":"New Delhi","rep_lat":28.6109,"rep_lon":77.214,"dist_coast_km":825.9,"geometry_source":"Census 2011 (DataMeet)"},"geometry":{"type":"Polygon","coordinates":[[[77.2604,28.6229],[77.2645,28.6075],[77.2466,28.6057],[77.213,28.5769],[77.1735,28.5933],[77.1905,28.6324],[77.2008,28.6391],[77.2205,28.6411],[77.2604,28.6229]]]}},{"type":"Feature","properties":{"district_id":"PB_ASR","district_name":"Amritsar","state_name":"Punjab","zone":"Northwest","centroid_lat":31.634,"centroid_lon":74.8723,"elevation_m":234,"census_code":49,"census_name":"Amritsar","rep_lat":31.7046,"rep_lon":74.9007,"dist_coast_km":1048.8,"geometry_source":"Census 2011 (DataMeet)"},"geometry":{"type":"Polygon","coordinates":[[[74.8936,32.0533],[74.9208,32.0452],[74.9364,32.0153],[74.9316,32.0098],[74.9377,32.0085],[74.9153,31.9773],[74.9379,31.9635],[74.9496,31.9651],[74.9481,31.9717],[74.9742,31.9768],[74.9733,31.9617],[74.939,31.9478],[74.9407,31.9432],[74.9213,31.9442],[74.8886,31.9329],[74.9062,31.8972],[74.9197,31.8945],[74.9178,31.8823],[74.938,31.8695],[74.9465,31.8719],[74.9453,31.8612],[74.9637,31.8547],[74.9688,31.8343],[75.009,31.8247],[75.0125,31.8177],[75.0258,31.8232],[75.0256,31.8139],[75.0389,31.8042],[75.0768,31.8061],[75.0869,31.7909],[75.113,31.78],[75.1103,31.7686],[75.1002,31.7673],[75.0985,31.7605],[75.1175,31.7504],[75.1199,31.7578],[75.1339,31.753],[75.1449,31.7582],[75.1514,31.7486],[75.1907,31.7412],[75.1889,31.7359],[75.2029,31.7278],[75.1938,31.7123],[75.2126,31.7054],[75.2141,31.6954],[75.2246,31.6927],[75.2268,31.6855],[75.2407,31.6831],[75.2515,31.6931],[75.2854,31.6977],[75.2878,31.677],[75.2915,31.6813],[75.3084,31.6765],[75.3126,31.6686],[75.3009,31.6518],[75.3284,31.6352],[75.3378,31.6408],[75.3749,31.6238],[75.4049,31.5944],[75.3987,31.5819],[75.3757,31.5797],[75.3191,31.5394],[75.3195,31.5289],[75.2857,31.4831],[75.2519,31.5019],[75.2295,31.491],[75.2057,31.5034],[75.1991,31.4998],[75.1864,31.5058],[75.1923,31.5194],[75.1814,31.5287],[75.1698,31.5237],[75.163,31.5118],[75.1348,31.5051],[75.1238,31.495],[75.1078,31.5222],[75.0852,31.519],[75.0749,31.5256],[75.0763,31.5317],[75.048,31.5436],[75.0334,31.5262],[75.0082,31.5262],[75.0071,31.5191],[74.9985,31.5186],[74.9918,31.5086],[74.9879,31.528],[74.981,31.5292],[74.9783,31.5151],[74.9639,31.5165],[74.952,31.4982],[74.9425,31.5069],[74.9413,31.5222],[74.898,31.5288],[74.9014,31.5413],[74.8957,31.5537],[74.8881,31.5523],[74.8796,31.5381],[74.8677,31.5403],[74.8443,31.5302],[74.8323,31.54],[74.8249,31.5361],[74.817,31.5586],[74.8059,31.5576],[74.7989,31.5701],[74.7928,31.5704],[74.7732,31.5583],[74.7316,31.5636],[74.7085,31.5339],[74.6872,31.5241],[74.6515,31.5337],[74.6131,31.4979],[74.5791,31.5023],[74.5854,31.5072],[74.5859,31.521],[74.6168,31.5355],[74.6203,31.5581],[74.6132,31.5643],[74.619,31.5705],[74.5935,31.5791],[74.5827,31.5897],[74.5808,31.6041],[74.5578,31.6116],[74.5416,31.6595],[74.5336,31.6665],[74.5361,31.6809],[74.5072,31.6992],[74.486,31.7224],[74.5029,31.7304],[74.5086,31.7425],[74.5652,31.755],[74.5575,31.7783],[74.5684,31.7934],[74.5629,31.8002],[74.5738,31.8172],[74.5693,31.8296],[74.5941,31.8454],[74.597,31.8587],[74.6097,31.8667],[74.6128,31.887],[74.6403,31.8847],[74.6517,31.8985],[74.6646,31.8999],[74.6737,31.92],[74.6986,31.9248],[74.7149,31.9179],[74.7231,31.9211],[74.7215,31.9371],[74.7389,31.9445],[74.7536,31.9401],[74.7597,31.9432],[74.7599,31.9534],[74.7735,31.9477],[74.8154,31.9632],[74.8232,31.9566],[74.834,31.9779],[74.8325,31.9989],[74.8599,32.0106],[74.8545,32.0217],[74.8793,32.0253],[74.8763,32.0461],[74.8936,32.0533]]]}},{"type":"Feature","properties":{"district_id":"RJ_JAI","district_name":"Jaipur","state_name":"Rajasthan","zone":"Northwest","centroid_lat":26.9124,"centroid_lon":75.7873,"elevation_m":431,"census_code":110,"census_name":"Jaipur","rep_lat":26.9805,"rep_lon":75.7243,"dist_coast_km":595.1,"geometry_source":"Census 2011 (DataMeet)"},"geometry":{"type":"Polygon","coordinates":[[[76.2311,27.8363],[76.2441,27.8502],[76.2573,27.8451],[76.2679,27.8348],[76.265,27.8218],[76.2905,27.8003],[76.2759,27.802],[76.276,27.7884],[76.2661,27.7718],[76.2462,27.7613],[76.2597,27.7],[76.258,27.69],[76.2469,27.6824],[76.2571,27.6709],[76.2417,27.6697],[76.2538,27.6594],[76.2499,27.6302],[76.2417,27.6246],[76.2192,27.6284],[76.2026,27.622],[76.2156,27.5669],[76.2161,27.5369],[76.2403,27.5252],[76.2471,27.4884],[76.2347,27.463],[76.2224,27.4557],[76.2306,27.4508],[76.23,27.4008],[76.2011,27.3756],[76.2054,27.3645],[76.1844,27.3361],[76.1764,27.3125],[76.1598,27.3133],[76.1521,27.2828],[76.1437,27.2786],[76.1401,27.2622],[76.1274,27.2512],[76.1255,27.2332],[76.1416,27.2256],[76.1282,27.1966],[76.139,27.2003],[76.149,27.221],[76.1611,27.219],[76.1642,27.2084],[76.1574,27.1882],[76.1627,27.1833],[76.1851,27.1846],[76.1904,27.1522],[76.1848,27.1321],[76.1945,27.1213],[76.2077,27.1207],[76.2249,27.1411],[76.2447,27.1506],[76.258,27.1765],[76.2732,27.1843],[76.2809,27.1798],[76.2904,27.1537],[76.2931,27.1293],[76.2884,27.0871],[76.2722,27.038],[76.2548,27.0087],[76.2514,26.9577],[76.233,26.9285],[76.2335,26.9097],[76.254,26.8878],[76.2493,26.8422],[76.1923,26.8007],[76.1737,26.7549],[76.1707,26.6785],[76.1835,26.636],[76.1534,26.5674],[76.1606,26.5147],[76.147,26.5283],[76.113,26.5353],[76.0988,26.5235],[76.0819,26.5215],[76.0724,26.5074],[76.0431,26.5106],[76.0351,26.5168],[76.0088,26.4919],[75.9742,26.5022],[75.9631,26.483],[75.937,26.4936],[75.9342,26.5052],[75.8884,26.5122],[75.8848,26.5192],[75.8555,26.5184],[75.836,26.5104],[75.8171,26.518],[75.8,26.5306],[75.8068,26.54],[75.7984,26.5498],[75.7741,26.5433],[75.774,26.5323],[75.7842,26.5257],[75.761,26.5121],[75.7719,26.4919],[75.7728,26.4723],[75.7678,26.4657],[75.7493,26.4688],[75.7443,26.4469],[75.7297,26.4654],[75.7124,26.4448],[75.6979,26.4457],[75.6985,26.4505],[75.6834,26.4536],[75.6841,26.4589],[75.6551,26.466],[75.6497,26.4451],[75.6173,26.4394],[75.574,26.4461],[75.576,26.4729],[75.5529,26.4862],[75.5272,26.4631],[75.5029,26.481],[75.4863,26.4808],[75.4527,26.4931],[75.4371,26.4814],[75.4236,26.4836],[75.4106,26.4953],[75.4131,26.4809],[75.3903,26.4819],[75.3823,26.49],[75.3725,26.4861],[75.3522,26.5015],[75.3476,26.5174],[75.3374,26.5214],[75.3401,26.5353],[75.331,26.5581],[75.2959,26.5586],[75.2868,26.5639],[75.2554,26.5415],[75.2546,26.5301],[75.2056,26.5156],[75.1963,26.5013],[75.2008,26.4803],[75.1899,26.4888],[75.1734,26.4626],[75.1627,26.4585],[75.1621,26.4719],[75.1488,26.4691],[75.1451,26.4738],[75.1529,26.5001],[75.1159,26.5235],[75.1236,26.5468],[75.1043,26.5559],[75.0773,26.543],[75.0622,26.5558],[75.0824,26.5959],[75.0818,26.6098],[75.0682,26.6122],[75.0647,26.6215],[75.0702,26.6326],[75.0677,26.6505],[75.0214,26.6652],[75.0134,26.687],[74.9743,26.6729],[74.9655,26.6834],[74.9647,26.7221],[74.9444,26.721],[74.9455,26.7323],[75.0,26.7306],[75.0083,26.7451],[74.9819,26.7619],[74.9426,26.7455],[74.9418,26.7798],[74.9364,26.7785],[74.9345,26.7931],[74.9278,26.7904],[74.9167,26.8369],[74.9565,26.8468],[74.9571,26.8676],[74.9768,26.8903],[75.0144,26.8949],[75.0136,26.9452],[75.1205,26.9317],[75.1656,26.9328],[75.1658,26.9616],[75.1598,26.9698],[75.204,26.9736],[75.2044,27.007],[75.2244,27.0162],[75.2431,27.0164],[75.2593,27.0341],[75.2414,27.0504],[75.2231,27.0553],[75.2211,27.0828],[75.3353,27.0946],[75.3508,27.0859],[75.3684,27.0876],[75.3664,27.1101],[75.3496,27.109],[75.3475,27.1171],[75.341,27.1177],[75.3445,27.1396],[75.3373,27.1371],[75.3303,27.1475],[75.3184,27.1468],[75.3162,27.1811],[75.3288,27.2139],[75.3471,27.2125],[75.3617,27.2271],[75.3919,27.2304],[75.3951,27.2825],[75.3811,27.2837],[75.3807,27.2897],[75.4298,27.2876],[75.4322,27.301],[75.4532,27.2972],[75.4573,27.2889],[75.4767,27.2892],[75.5071,27.3145],[75.5092,27.3295],[75.5309,27.3439],[75.5728,27.3418],[75.5773,27.3278],[75.5732,27.3116],[75.5799,27.3063],[75.5992,27.3085],[75.6139,27.3147],[75.6286,27.3404],[75.6603,27.338],[75.6654,27.3658],[75.6923,27.372],[75.725,27.3692],[75.7209,27.3828],[75.7304,27.3864],[75.7397,27.4042],[75.7742,27.4023],[75.7778,27.3846],[75.794,27.3808],[75.8112,27.405],[75.8305,27.3896],[75.8459,27.4005],[75.8666,27.3881],[75.8779,27.3892],[75.8837,27.3985],[75.8716,27.4236],[75.8955,27.4566],[75.9197,27.455],[75.9269,27.4648],[75.9365,27.4633],[75.9543,27.4761],[75.9655,27.472],[75.9694,27.4774],[75.9856,27.4779],[75.9785,27.5013],[75.9381,27.4964],[75.9521,27.5468],[75.9529,27.5649],[75.9431,27.5681],[75.9671,27.5943],[75.9648,27.6004],[75.942,27.5928],[75.9466,27.6021],[75.9421,27.6217],[75.9644,27.6243],[75.9563,27.6383],[75.9795,27.6556],[75.9913,27.7032],[76.0009,27.7148],[76.0348,27.7315],[76.0568,27.772],[76.0709,27.7747],[76.0968,27.8232],[76.0878,27.8466],[76.0958,27.8639],[76.1299,27.8499],[76.1362,27.8424],[76.1355,27.8286],[76.1806,27.8028],[76.2019,27.8266],[76.2155,27.8238],[76.2311,27.8363]]]}},{"type":"Feature","properties":{"district_id":"RJ_JOD","district_name":"Jodhpur","state_name":"Rajasthan","zone":"Northwest","centroid_lat":26.2389,"centroid_lon":73.0243,"elevation_m":231,"census_code":113,"census_name":"Jodhpur","rep_lat":26.7508,"rep_lon":72.788,"dist_coast_km":465.5,"geometry_source":"Census 2011 (DataMeet)"},"geometry":{"type":"Polygon","coordinates":[[[72.2841,27.5487],[72.2961,27.5429],[72.2921,27.5264],[72.2796,27.5127],[72.2518,27.5073],[72.2495,27.4973],[72.2538,27.4869],[72.2486,27.4681],[72.2663,27.4574],[72.2875,27.4751],[72.3008,27.4978],[72.3268,27.5137],[72.3611,27.4899],[72.3678,27.5277],[72.3839,27.5429],[72.4002,27.5494],[72.4075,27.5429],[72.4375,27.5616],[72.4494,27.5858],[72.4686,27.5906],[72.5016,27.5836],[72.5602,27.6185],[72.5696,27.6064],[72.5903,27.6091],[72.5965,27.6009],[72.6039,27.6066],[72.6193,27.5902],[72.616,27.5835],[72.6243,27.5711],[72.6437,27.5602],[72.6606,27.5323],[72.6713,27.5426],[72.6759,27.575],[72.696,27.6044],[72.7134,27.5847],[72.7176,27.5882],[72.728,27.5536],[72.7662,27.5229],[72.7784,27.5355],[72.7737,27.5632],[72.8341,27.5835],[72.8503,27.5551],[72.8476,27.5337],[72.8377,27.5213],[72.8196,27.5163],[72.8264,27.5097],[72.8247,27.4776],[72.8308,27.4661],[72.8826,27.4769],[72.8582,27.4449],[72.8949,27.4507],[72.9021,27.4152],[72.9396,27.4476],[72.9481,27.4328],[72.9484,27.4044],[72.9836,27.3844],[73.0425,27.4104],[73.1159,27.4093],[73.1453,27.3901],[73.1427,27.374],[73.1501,27.3611],[73.1517,27.3207],[73.1631,27.2948],[73.1538,27.2518],[73.132,27.2352],[73.1513,27.2118],[73.1658,27.1614],[73.1646,27.1362],[73.152,27.1208],[73.1765,27.0929],[73.1919,27.0564],[73.1578,27.0249],[73.1526,26.9924],[73.1282,26.9804],[73.1147,26.9657],[73.1181,26.9421],[73.1576,26.9259],[73.1743,26.9319],[73.191,26.882],[73.21,26.8792],[73.2131,26.8685],[73.2748,26.8623],[73.2998,26.8738],[73.3324,26.856],[73.3555,26.8696],[73.3798,26.8663],[73.4021,26.8832],[73.4369,26.8867],[73.4451,26.8751],[73.455,26.8784],[73.4581,26.8729],[73.4985,26.8869],[73.5123,26.8808],[73.5303,26.8585],[73.5876,26.8633],[73.6061,26.8437],[73.6215,26.8453],[73.631,26.8393],[73.6322,26.8068],[73.655,26.8078],[73.6624,26.7796],[73.6773,26.7558],[73.6498,26.71],[73.6594,26.6879],[73.6726,26.6782],[73.6586,26.6561],[73.6595,26.648],[73.6786,26.6453],[73.6805,26.6341],[73.6926,26.6227],[73.6846,26.6183],[73.7013,26.6026],[73.6941,26.5886],[73.7208,26.552],[73.7214,26.539],[73.7703,26.538],[73.7688,26.5299],[73.7939,26.5044],[73.8152,26.5004],[73.8405,26.4722],[73.8566,26.4672],[73.8595,26.4456],[73.8731,26.4305],[73.8654,26.4171],[73.846,26.4073],[73.8423,26.3845],[73.8554,26.3794],[73.828,26.3689],[73.8172,26.3576],[73.8123,26.3168],[73.7908,26.3193],[73.805,26.3108],[73.8134,26.2914],[73.8098,26.2689],[73.7918,26.247],[73.7901,26.2361],[73.8046,26.2068],[73.786,26.1636],[73.7878,26.1523],[73.8129,26.1182],[73.8036,26.0973],[73.7651,26.0978],[73.7594,26.0927],[73.7466,26.1116],[73.7341,26.1133],[73.7193,26.1028],[73.6957,26.0636],[73.6859,26.0624],[73.6501,26.0781],[73.6531,26.1262],[73.6287,26.147],[73.6042,26.1292],[73.5869,26.1258],[73.5752,26.1318],[73.5795,26.1199],[73.5614,26.1085],[73.5226,26.1029],[73.5316,26.0771],[73.5294,26.0636],[73.5105,26.0694],[73.4999,26.0874],[73.4918,26.0827],[73.4664,26.0853],[73.4365,26.1279],[73.4094,26.1258],[73.4031,26.1622],[73.3938,26.163],[73.3871,26.1549],[73.3768,26.1563],[73.3718,26.1349],[73.3409,26.1172],[73.3517,26.0857],[73.3633,26.0806],[73.3601,26.0627],[73.3328,26.0569],[73.3274,26.0424],[73.3186,26.0391],[73.3247,26.0148],[73.3213,26.0051],[73.3072,26.0182],[73.3056,26.0277],[73.2751,26.0432],[73.2697,26.0562],[73.2564,26.0537],[73.2504,26.0646],[73.2598,26.069],[73.2411,26.0849],[73.2258,26.0739],[73.1926,26.0858],[73.1924,26.0683],[73.1779,26.0543],[73.1866,26.033],[73.1652,26.0333],[73.139,26.0444],[73.0911,26.0213],[73.0496,26.0136],[73.054,25.9777],[73.05,25.9677],[73.0318,25.9518],[73.0003,25.9532],[72.9924,25.9411],[72.9745,25.9351],[72.9718,25.9201],[72.9581,25.9017],[72.8685,25.8901],[72.8662,25.8999],[72.8552,25.8985],[72.8529,25.8911],[72.842,25.8907],[72.8339,25.8625],[72.8061,25.8529],[72.7769,25.8817],[72.7512,25.8817],[72.7533,25.8921],[72.7247,25.9212],[72.7192,25.9192],[72.7007,25.9337],[72.6916,25.9297],[72.6875,25.9423],[72.6799,25.9401],[72.6594,25.9549],[72.6265,25.9574],[72.6317,25.9642],[72.6187,25.978],[72.6193,25.9893],[72.6101,26.0008],[72.694,26.0365],[72.6854,26.05],[72.6864,26.0686],[72.6787,26.0718],[72.6981,26.1214],[72.6846,26.1505],[72.6844,26.1924],[72.6598,26.2077],[72.6398,26.2298],[72.6336,26.2282],[72.5961,26.2799],[72.5734,26.2669],[72.5519,26.2644],[72.5457,26.2721],[72.5318,26.2739],[72.5247,26.2881],[72.5074,26.2786],[72.4916,26.2993],[72.4669,26.301],[72.427,26.2864],[72.4201,26.2788],[72.4253,26.2629],[72.4094,26.239],[72.3743,26.2254],[72.3404,26.2444],[72.3084,26.2167],[72.2799,26.2115],[72.2685,26.1978],[72.2172,26.2315],[72.1919,26.2639],[72.1595,26.281],[72.1635,26.2928],[72.1531,26.3082],[72.1364,26.3159],[72.1408,26.3263],[72.1214,26.3154],[72.114,26.3213],[72.1052,26.3152],[72.0976,26.319],[72.0727,26.3494],[72.0732,26.4008],[72.082,26.443],[72.0559,26.4765],[72.0271,26.4987],[72.0412,26.5163],[72.0389,26.5208],[72.0734,26.5568],[72.0985,26.6004],[72.086,26.6234],[72.0617,26.6382],[72.0662,26.6461],[72.0397,26.6753],[72.0424,26.6876],[72.0688,26.7187],[72.077,26.7129],[72.0891,26.7193],[72.0832,26.7247],[72.0872,26.7302],[72.0622,26.7601],[72.0608,26.7862],[72.0454,26.7891],[72.0542,26.8031],[72.0831,26.8078],[72.0992,26.8301],[72.0876,26.8492],[72.1019,26.8617],[72.1036,26.8869],[72.0399,26.9358],[72.0499,26.9687],[72.0442,27.0209],[72.0523,27.0264],[72.0482,27.0313],[72.0803,27.044],[72.0595,27.0501],[72.0788,27.0769],[72.0874,27.1048],[72.0768,27.1166],[71.9677,27.1395],[71.9571,27.1547],[71.9554,27.1824],[71.927,27.174],[71.9188,27.1778],[71.9107,27.218],[71.8947,27.2168],[71.8568,27.2309],[71.8203,27.2538],[71.7905,27.2453],[71.7935,27.288],[71.8192,27.3186],[71.8295,27.3206],[71.8199,27.3443],[71.8274,27.4],[71.8145,27.4417],[71.8382,27.4785],[71.8823,27.4845],[71.8995,27.4738],[71.8977,27.4949],[71.9069,27.5333],[71.9308,27.5591],[71.9665,27.5497],[72.0003,27.5692],[72.0499,27.6145],[72.0857,27.5927],[72.1118,27.5908],[72.1173,27.5811],[72.1291,27.5804],[72.1064,27.5564],[72.1454,27.5324],[72.1376,27.522],[72.1597,27.4939],[72.1577,27.4758],[72.1755,27.4618],[72.2029,27.4752],[72.211,27.4891],[72.249,27.4872],[72.2455,27.4976],[72.2515,27.5333],[72.2841,27.5487]]]}},{"type":"Feature","properties":{"district_id":"MP_BPL","district_name":"Bhopal","state_name":"Madhya Pradesh","zone":"Central India","centroid_lat":23.2599,"centroid_lon":77.4126,"elevation_m":527,"census_code":444,"census_name":"Bhopal","rep_lat":23.478,"rep_lon":77.3961,"dist_coast_km":477.6,"geometry_source":"Census 2011 (DataMeet)"},"geometry":{"type":"Polygon","coordinates":[[[77.3186,23.8938],[77.3748,23.884],[77.3841,23.861],[77.4003,23.8546],[77.3947,23.8332],[77.4081,23.8289],[77.4176,23.8047],[77.4477,23.7965],[77.4353,23.7907],[77.436,23.7835],[77.4517,23.7792],[77.4575,23.7651],[77.4711,23.7605],[77.5035,23.7783],[77.5158,23.7674],[77.5502,23.7577],[77.5742,23.7686],[77.6138,23.7499],[77.6046,23.7305],[77.6195,23.726],[77.6202,23.7152],[77.65,23.718],[77.6507,23.6984],[77.6343,23.6643],[77.5972,23.6603],[77.5734,23.6493],[77.5741,23.6348],[77.5577,23.5978],[77.5091,23.576],[77.5135,23.5583],[77.5065,23.554],[77.5069,23.5411],[77.522,23.5176],[77.5061,23.4963],[77.5085,23.4872],[77.4923,23.4272],[77.5046,23.4253],[77.5141,23.4131],[77.5272,23.4271],[77.5589,23.4238],[77.5617,23.4136],[77.5512,23.404],[77.5503,23.3913],[77.5594,23.3892],[77.5585,23.3783],[77.5755,23.3739],[77.5846,23.3627],[77.5833,23.3533],[77.628,23.3542],[77.6256,23.3291],[77.593,23.3058],[77.5846,23.2848],[77.5962,23.2731],[77.5931,23.2552],[77.6004,23.2292],[77.5817,23.2022],[77.5859,23.1863],[77.5665,23.1799],[77.574,23.1621],[77.5679,23.1446],[77.5474,23.1411],[77.5434,23.1279],[77.5176,23.122],[77.5061,23.1062],[77.4661,23.0999],[77.454,23.0926],[77.4077,23.0972],[77.4033,23.0908],[77.3834,23.0894],[77.3417,23.0941],[77.3328,23.0965],[77.3273,23.1083],[77.2865,23.1021],[77.28,23.1365],[77.2591,23.1442],[77.2594,23.1566],[77.252,23.1594],[77.2388,23.1851],[77.2412,23.1944],[77.2172,23.2034],[77.2266,23.2154],[77.221,23.2269],[77.1971,23.2218],[77.1895,23.2342],[77.1902,23.2425],[77.2173,23.2581],[77.214,23.2714],[77.2237,23.2906],[77.221,23.2989],[77.1982,23.3007],[77.1922,23.3094],[77.1804,23.3078],[77.1871,23.3566],[77.204,23.3597],[77.2156,23.3273],[77.2272,23.3282],[77.2309,23.3568],[77.2491,23.3794],[77.262,23.3843],[77.2519,23.3954],[77.2379,23.3963],[77.2449,23.4093],[77.2811,23.4084],[77.2983,23.4316],[77.287,23.45],[77.298,23.4771],[77.2876,23.4824],[77.2868,23.4916],[77.2992,23.5143],[77.2918,23.5224],[77.2939,23.5459],[77.2857,23.5658],[77.2984,23.5821],[77.2773,23.593],[77.276,23.6105],[77.229,23.6261],[77.225,23.633],[77.2312,23.6481],[77.2221,23.6662],[77.2093,23.6682],[77.1996,23.6596],[77.1864,23.675],[77.1765,23.6726],[77.1702,23.6928],[77.1847,23.7153],[77.2032,23.7789],[77.2153,23.7938],[77.2114,23.8046],[77.223,23.8255],[77.2125,23.8427],[77.2225,23.8505],[77.2276,23.8959],[77.2704,23.8898],[77.2936,23.8956],[77.3198,23.8853],[77.3186,23.8938]]]}},{"type":"Feature","properties":{"district_id":"MP_IND","district_name":"Indore","state_name":"Madhya Pradesh","zone":"Central India","centroid_lat":22.7196,"centroid_lon":75.8577,"elevation_m":553,"census_code":439,"census_name":"Indore","rep_lat":22.7131,"rep_lon":75.7822,"dist_coast_km":292.7,"geometry_source":"Census 2011 (DataMeet)"},"geometry":{"type":"Polygon","coordinates":[[[75.9005,23.0003],[75.9138,22.9783],[75.9258,22.9794],[75.9563,22.9465],[75.9665,22.9446],[75.9675,22.9331],[75.9795,22.9218],[75.9848,22.872],[75.995,22.8713],[76.0335,22.8433],[76.0371,22.827],[76.076,22.7703],[76.0874,22.7319],[76.095,22.7263],[76.0922,22.7146],[76.0973,22.7162],[76.1035,22.7012],[76.1268,22.7016],[76.1517,22.6893],[76.1832,22.6938],[76.2035,22.6761],[76.1896,22.6624],[76.2125,22.6624],[76.2263,22.675],[76.2323,22.6666],[76.2281,22.6523],[76.2404,22.6499],[76.2453,22.6425],[76.2306,22.6171],[76.2182,22.6159],[76.2139,22.6227],[76.2,22.625],[76.1889,22.5965],[76.178,22.6024],[76.1894,22.6073],[76.1834,22.6171],[76.1723,22.6179],[76.1892,22.6397],[76.1697,22.628],[76.1522,22.6318],[76.1531,22.625],[76.1637,22.6215],[76.1591,22.6175],[76.1676,22.6029],[76.1441,22.6091],[76.1446,22.59],[76.1372,22.6011],[76.129,22.6022],[76.1271,22.5948],[76.1195,22.6039],[76.1099,22.6],[76.1212,22.5922],[76.1148,22.5809],[76.1103,22.5917],[76.1047,22.5873],[76.0835,22.6027],[76.0897,22.5836],[76.0654,22.586],[76.0834,22.5679],[76.1067,22.5598],[76.087,22.5474],[76.0794,22.5256],[76.0639,22.5323],[76.0312,22.5288],[76.0284,22.4959],[76.0374,22.4848],[76.0552,22.4778],[76.0587,22.4561],[76.0442,22.4556],[76.0354,22.437],[76.014,22.4434],[76.0102,22.4199],[75.9962,22.421],[75.9695,22.4376],[75.9132,22.4181],[75.9092,22.3864],[75.856,22.3806],[75.8383,22.4026],[75.8276,22.4053],[75.8133,22.3873],[75.7806,22.37],[75.7503,22.3609],[75.7209,22.3691],[75.6592,22.3417],[75.6525,22.3327],[75.6459,22.3521],[75.6401,22.3539],[75.6324,22.3426],[75.6016,22.3414],[75.6016,22.347],[75.6123,22.3458],[75.6089,22.3623],[75.5947,22.3615],[75.5769,22.3765],[75.5649,22.3717],[75.5518,22.393],[75.5457,22.3936],[75.5504,22.4019],[75.5453,22.4104],[75.5625,22.4228],[75.5719,22.4532],[75.564,22.4878],[75.5544,22.4946],[75.5567,22.5102],[75.5599,22.5154],[75.5717,22.5123],[75.5984,22.5233],[75.6,22.5411],[75.5929,22.5559],[75.5967,22.5673],[75.6135,22.5594],[75.6321,22.5597],[75.6351,22.5667],[75.6453,22.5656],[75.6787,22.5807],[75.7,22.6097],[75.7145,22.6192],[75.7133,22.6356],[75.7063,22.6615],[75.6839,22.6572],[75.6854,22.637],[75.7034,22.6461],[75.7047,22.6334],[75.6946,22.6271],[75.6694,22.6356],[75.6044,22.6332],[75.596,22.6513],[75.5823,22.659],[75.5681,22.6553],[75.5636,22.6367],[75.5365,22.6321],[75.5272,22.6319],[75.522,22.6576],[75.5078,22.6441],[75.4959,22.6445],[75.4989,22.6584],[75.5202,22.6643],[75.5086,22.6946],[75.5155,22.707],[75.509,22.731],[75.4792,22.7339],[75.4887,22.7618],[75.4811,22.7695],[75.4373,22.7733],[75.4411,22.7946],[75.4339,22.808],[75.4252,22.8095],[75.4233,22.8276],[75.4343,22.8332],[75.4438,22.8618],[75.4378,22.8695],[75.4403,22.9075],[75.4563,22.9155],[75.4623,22.9258],[75.479,22.9303],[75.4769,22.9399],[75.4557,22.9416],[75.464,22.9639],[75.4804,22.9677],[75.4892,22.9839],[75.4783,22.984],[75.4761,23.0033],[75.4901,23.0149],[75.4915,23.0039],[75.5078,23.0052],[75.5217,23.0408],[75.5355,23.0371],[75.5475,23.0489],[75.5502,23.0628],[75.5704,23.068],[75.5675,23.0861],[75.6087,23.09],[75.6095,23.0845],[75.6289,23.0838],[75.6194,23.0532],[75.6277,23.0501],[75.6329,23.0113],[75.6425,23.006],[75.6472,23.0088],[75.6402,23.0238],[75.7308,23.0165],[75.7377,23.0352],[75.7619,23.0367],[75.7683,23.029],[75.8128,23.0409],[75.8447,23.0321],[75.8738,23.0382],[75.9005,23.0003]]]}},{"type":"Feature","properties":{"district_id":"MP_JBP","district_name":"Jabalpur","state_name":"Madhya Pradesh","zone":"Central India","centroid_lat":23.1815,"centroid_lon":79.9864,"elevation_m":411,"census_code":451,"census_name":"Jabalpur","rep_lat":23.2326,"rep_lon":79.9765,"dist_coast_km":667.4,"geometry_source":"Census 2011 (DataMeet)"},"geometry":{"type":"Polygon","coordinates":[[[80.5443,23.393],[80.5577,23.3774],[80.5405,23.3567],[80.5741,23.3517],[80.5706,23.3178],[80.5823,23.3143],[80.5842,23.2877],[80.5718,23.2818],[80.5663,23.2699],[80.5487,23.271],[80.5398,23.2613],[80.5236,23.257],[80.5027,23.2031],[80.48,23.1981],[80.5032,23.1839],[80.5229,23.1567],[80.5523,23.1675],[80.5584,23.1511],[80.5813,23.1376],[80.5756,23.1259],[80.5591,23.1217],[80.5488,23.1085],[80.528,23.1056],[80.5278,23.0795],[80.5109,23.0799],[80.5113,23.1071],[80.4925,23.108],[80.4888,23.1173],[80.4607,23.1271],[80.4589,23.1438],[80.4246,23.1426],[80.414,23.1708],[80.4085,23.1724],[80.3965,23.1697],[80.3886,23.1449],[80.3594,23.1386],[80.3314,23.1024],[80.3098,23.0966],[80.2744,23.129],[80.2774,23.1464],[80.2519,23.149],[80.2211,23.1325],[80.188,23.1284],[80.1803,23.1155],[80.1904,23.0906],[80.204,23.0832],[80.2049,23.0764],[80.2031,23.0683],[80.1862,23.0657],[80.1817,23.0593],[80.1917,23.0343],[80.1873,23.0228],[80.1797,23.0227],[80.161,23.0496],[80.1435,23.045],[80.1351,23.0575],[80.1136,23.0512],[80.1084,23.0757],[80.1032,23.0776],[80.0832,23.0748],[80.081,23.0672],[80.0664,23.0625],[80.0344,23.0359],[79.9956,23.0258],[79.9924,23.0116],[80.002,23.0138],[80.007,23.0059],[79.9928,22.9932],[80.0101,22.9815],[80.012,22.9733],[79.9989,22.9775],[79.9526,22.9449],[79.9725,22.9198],[79.9697,22.8935],[79.9747,22.8855],[79.966,22.8716],[79.964,22.8526],[79.9486,22.8585],[79.9275,22.8561],[79.9084,22.8455],[79.9001,22.8628],[79.8875,22.86],[79.8818,22.8517],[79.869,22.8543],[79.8437,22.8299],[79.8186,22.8482],[79.8191,22.8656],[79.8117,22.868],[79.7817,22.8449],[79.7628,22.8459],[79.7604,22.8569],[79.7766,22.8785],[79.7449,22.8999],[79.749,22.9174],[79.6827,22.9266],[79.6622,22.9221],[79.6287,22.9451],[79.624,22.9652],[79.6401,22.9722],[79.6393,22.9775],[79.6253,22.9908],[79.6172,22.9892],[79.6178,22.9997],[79.6064,23.0084],[79.6095,23.0171],[79.5918,23.0216],[79.5995,23.0322],[79.5984,23.0564],[79.6077,23.0638],[79.6038,23.0887],[79.6143,23.0901],[79.6085,23.0966],[79.6155,23.1024],[79.5816,23.1111],[79.5721,23.1309],[79.5113,23.1394],[79.4566,23.0945],[79.4382,23.1055],[79.4075,23.0982],[79.3803,23.1104],[79.3514,23.1052],[79.3572,23.1286],[79.3538,23.1376],[79.3699,23.15],[79.372,23.1642],[79.4255,23.1922],[79.4916,23.2571],[79.5117,23.2649],[79.5397,23.261],[79.6729,23.335],[79.6951,23.3559],[79.7044,23.3856],[79.7204,23.3912],[79.7342,23.4171],[79.7252,23.4176],[79.7377,23.424],[79.7383,23.4323],[79.7604,23.4323],[79.7868,23.4509],[79.8151,23.4873],[79.8116,23.4988],[79.8285,23.5122],[79.8507,23.5052],[79.8818,23.5534],[79.906,23.5818],[79.921,23.5847],[79.9306,23.6045],[79.9557,23.5933],[79.9727,23.6094],[79.9864,23.6068],[79.968,23.577],[79.9742,23.5682],[80.0474,23.5656],[80.0866,23.5862],[80.0963,23.5882],[80.1133,23.5792],[80.136,23.5885],[80.1569,23.5731],[80.1784,23.5667],[80.1946,23.5809],[80.2066,23.5829],[80.2349,23.5638],[80.2403,23.5403],[80.2119,23.5342],[80.1998,23.5238],[80.2018,23.4851],[80.2097,23.4804],[80.2434,23.493],[80.2759,23.4783],[80.2676,23.4512],[80.2917,23.4222],[80.3131,23.4095],[80.3037,23.3667],[80.3096,23.34],[80.3241,23.321],[80.358,23.3066],[80.3687,23.3066],[80.3757,23.3242],[80.3917,23.3377],[80.4544,23.3455],[80.4964,23.3844],[80.5443,23.393]]]}},{"type":"Feature","properties":{"district_id":"CG_RPR","district_name":"Raipur","state_name":"Chhattisgarh","zone":"Central India","centroid_lat":21.2514,"centroid_lon":81.6296,"elevation_m":298,"census_code":410,"census_name":"Raipur","rep_lat":21.0192,"rep_lon":82.1295,"dist_coast_km":342.9,"geometry_source":"Census 2011 (DataMeet)"},"geometry":{"type":"Polygon","coordinates":[[[82.4396,21.7376],[82.4542,21.7411],[82.4907,21.7258],[82.5515,21.7361],[82.6001,21.7128],[82.6292,21.7294],[82.6652,21.7092],[82.7038,21.727],[82.7461,21.7193],[82.7954,21.7227],[82.8666,21.6886],[82.9066,21.698],[82.9513,21.7218],[82.9542,21.6864],[82.9689,21.6865],[82.9845,21.6418],[82.9441,21.5683],[82.927,21.5513],[82.9346,21.4945],[82.9282,21.4903],[82.9159,21.4927],[82.8971,21.5292],[82.8759,21.5504],[82.8378,21.5362],[82.8313,21.5263],[82.8244,21.5285],[82.8282,21.5014],[82.7918,21.5065],[82.7724,21.5195],[82.733,21.4898],[82.6901,21.4812],[82.6985,21.4497],[82.7044,21.372],[82.6992,21.3299],[82.6793,21.3286],[82.6491,21.3478],[82.5868,21.333],[82.5595,21.3193],[82.533,21.3281],[82.5055,21.3133],[82.4758,21.3252],[82.4655,21.3229],[82.4669,21.3079],[82.479,21.2948],[82.4614,21.2939],[82.4574,21.2762],[82.4418,21.2819],[82.4479,21.3018],[82.4263,21.3076],[82.4012,21.2935],[82.3944,21.2654],[82.3867,21.2616],[82.3667,21.2743],[82.3521,21.2645],[82.348,21.2668],[82.3538,21.2817],[82.3386,21.2812],[82.3257,21.2909],[82.3184,21.2898],[82.3155,21.2794],[82.3014,21.2788],[82.3007,21.2677],[82.2905,21.2698],[82.2815,21.2724],[82.2794,21.2969],[82.2461,21.3128],[82.2602,21.3261],[82.2572,21.3527],[82.2468,21.3645],[82.2621,21.3825],[82.2786,21.3838],[82.2789,21.393],[82.2769,21.4005],[82.2525,21.4173],[82.2535,21.4325],[82.2416,21.4331],[82.2053,21.3835],[82.1915,21.377],[82.1662,21.3276],[82.1281,21.2959],[82.0684,21.271],[82.0276,21.2325],[82.0197,21.2192],[82.016,21.1611],[81.9985,21.1319],[81.9957,21.1067],[82.0077,21.0866],[82.1033,21.0278],[82.161,21.0177],[82.1759,20.9711],[82.1871,20.965],[82.1994,20.9408],[82.2247,20.935],[82.2275,20.9501],[82.2844,20.9353],[82.2886,20.9129],[82.3245,20.8836],[82.3471,20.8802],[82.3405,20.8229],[82.3462,20.7935],[82.3425,20.7619],[82.3533,20.7322],[82.3468,20.7292],[82.3544,20.7177],[82.3507,20.7023],[82.3587,20.6816],[82.3726,20.6673],[82.3757,20.6277],[82.3656,20.6188],[82.3633,20.6071],[82.3461,20.598],[82.3481,20.5734],[82.3315,20.5576],[82.3497,20.5414],[82.3562,20.5267],[82.3879,20.5137],[82.3956,20.4565],[82.4048,20.4559],[82.4175,20.4772],[82.4268,20.4613],[82.4252,20.4423],[82.4331,20.4404],[82.4366,20.4298],[82.4318,20.4142],[82.4174,20.4068],[82.4179,20.3813],[82.4013,20.3397],[82.4299,20.3139],[82.4367,20.2873],[82.4126,20.2678],[82.4216,20.2459],[82.4118,20.244],[82.4211,20.2067],[82.4133,20.1835],[82.3908,20.165],[82.3947,20.1534],[82.3865,20.1491],[82.4002,20.1128],[82.3984,20.0643],[82.4033,20.0537],[82.4783,20.0368],[82.5097,20.0184],[82.5512,20.0171],[82.606,19.9907],[82.622,19.992],[82.6393,20.0051],[82.7082,19.998],[82.7185,19.9884],[82.7192,19.9497],[82.7081,19.8986],[82.717,19.8755],[82.7251,19.8762],[82.7103,19.8365],[82.691,19.8292],[82.6534,19.8308],[82.6306,19.7948],[82.5927,19.7765],[82.5861,19.7813],[82.5869,19.8026],[82.5792,19.8074],[82.5789,19.8277],[82.605,19.8658],[82.5984,19.8715],[82.5852,19.8687],[82.5585,19.8798],[82.5519,19.8742],[82.5375,19.8873],[82.5307,19.878],[82.52,19.8893],[82.5061,19.8903],[82.5019,19.9025],[82.4833,19.9056],[82.466,19.8997],[82.4471,19.9079],[82.3964,19.8868],[82.3757,19.8595],[82.3637,19.8602],[82.3639,19.8517],[82.3471,19.835],[82.3344,19.8434],[82.3059,19.8884],[82.2693,19.9763],[82.2382,20.0027],[82.2219,19.9979],[82.2119,19.985],[82.1861,19.9827],[82.1734,20.0027],[82.1393,20.0172],[82.1237,20.0149],[82.1007,20.0371],[82.0906,20.0371],[82.0839,20.0484],[82.0655,20.0542],[82.032,20.0144],[82.0223,20.0238],[82.0175,20.0491],[82.0241,20.0545],[82.0353,20.0982],[82.0666,20.1058],[82.0941,20.1018],[82.1087,20.1108],[82.1143,20.1329],[82.1361,20.1468],[82.1355,20.1863],[82.1481,20.219],[82.1628,20.2283],[82.1747,20.2591],[82.166,20.2591],[82.1426,20.2865],[82.1083,20.2893],[82.096,20.3196],[82.0842,20.3296],[82.0885,20.3457],[82.0803,20.3671],[82.085,20.3772],[82.0803,20.3873],[82.0831,20.4125],[82.0557,20.4587],[82.0494,20.5019],[82.0215,20.5289],[82.0181,20.5771],[81.997,20.6275],[81.9975,20.6396],[82.0148,20.6725],[81.9847,20.7016],[81.9806,20.7262],[81.9378,20.7384],[81.9271,20.7486],[81.926,20.7704],[81.9111,20.7905],[81.9265,20.8138],[81.9078,20.8332],[81.8922,20.8713],[81.8942,20.9006],[81.8804,20.9158],[81.878,20.9624],[81.8647,20.9575],[81.8562,20.9425],[81.838,20.9398],[81.8182,20.9458],[81.8172,20.9518],[81.7839,20.9703],[81.7664,20.9848],[81.7518,21.0102],[81.7203,21.009],[81.7112,21.0171],[81.6871,20.9981],[81.6597,20.9985],[81.5895,21.0442],[81.5887,21.0505],[81.6047,21.0543],[81.6097,21.0614],[81.5799,21.0762],[81.5842,21.124],[81.6067,21.1494],[81.6067,21.1596],[81.6248,21.1619],[81.6031,21.2062],[81.5782,21.2222],[81.5671,21.2404],[81.5466,21.2445],[81.5445,21.2795],[81.5348,21.3024],[81.551,21.3101],[81.5547,21.3351],[81.5799,21.3344],[81.5934,21.3431],[81.5962,21.3602],[81.612,21.3674],[81.6113,21.3837],[81.6268,21.3877],[81.6395,21.4042],[81.6323,21.4163],[81.6333,21.4464],[81.6254,21.4647],[81.6321,21.4749],[81.632,21.5063],[81.6457,21.5198],[81.6455,21.5456],[81.6689,21.5457],[81.6689,21.5654],[81.6836,21.5757],[81.7002,21.6109],[81.6969,21.6213],[81.664,21.646],[81.6604,21.6557],[81.6654,21.6625],[81.6742,21.6619],[81.6846,21.676],[81.7103,21.6828],[81.7235,21.6943],[81.7256,21.7106],[81.6995,21.7503],[81.7084,21.7633],[81.7368,21.7656],[81.7485,21.7492],[81.7731,21.7689],[81.7872,21.7651],[81.8075,21.7705],[81.8207,21.7604],[81.8491,21.7578],[81.9009,21.7795],[81.9507,21.8227],[81.9579,21.8459],[82.0238,21.8588],[82.0346,21.8793],[82.044,21.8836],[82.102,21.8563],[82.1257,21.8335],[82.1632,21.8461],[82.185,21.843],[82.1895,21.836],[82.1876,21.7896],[82.2014,21.7631],[82.2178,21.7566],[82.2911,21.7508],[82.3162,21.7183],[82.3324,21.7124],[82.4019,21.7126],[82.4396,21.7376]]]}},{"type":"Feature","properties":{"district_id":"CG_BST","district_name":"Bastar","state_name":"Chhattisgarh","zone":"Central India","centroid_lat":19.0744,"centroid_lon":82.0298,"elevation_m":552,"census_code":414,"census_name":"Bastar","rep_lat":19.422,"rep_lon":81.7703,"dist_coast_km":243.2,"geometry_source":"Census 2011 (DataMeet)"},"geometry":{"type":"Polygon","coordinates":[[[81.356,19.3251],[81.3863,19.3355],[81.3971,19.333],[81.39,19.3614],[81.3647,19.3716],[81.3761,19.3911],[81.3769,19.413],[81.39,19.412],[81.3876,19.3855],[81.4091,19.3635],[81.4354,19.376],[81.4689,19.3752],[81.4647,19.4257],[81.4743,19.4711],[81.4324,19.4753],[81.4217,19.4925],[81.4473,19.514],[81.4496,19.5236],[81.44,19.5292],[81.4398,19.5406],[81.4598,19.5691],[81.4622,19.62],[81.4543,19.6374],[81.507,19.652],[81.5159,19.6613],[81.4828,19.6608],[81.4471,19.6772],[81.4484,19.7017],[81.4283,19.7179],[81.3787,19.7251],[81.3721,19.733],[81.3707,19.7416],[81.3809,19.752],[81.3724,19.7767],[81.3723,19.8026],[81.3944,19.8326],[81.3759,19.8506],[81.4026,19.8686],[81.4035,19.8757],[81.3711,19.9083],[81.3494,19.9098],[81.3469,19.9262],[81.3285,19.9404],[81.3275,19.9665],[81.3045,19.9753],[81.2933,20.0167],[81.3087,20.0175],[81.3404,20.0356],[81.3576,20.0326],[81.3602,20.0448],[81.3895,20.0459],[81.4061,20.0776],[81.4019,20.1137],[81.4213,20.1552],[81.453,20.145],[81.4762,20.1579],[81.5257,20.1681],[81.5587,20.1896],[81.5854,20.1946],[81.617,20.1584],[81.6798,20.1293],[81.725,20.1387],[81.7327,20.1559],[81.7543,20.1628],[81.7782,20.1559],[81.8068,20.1601],[81.8169,20.1691],[81.8462,20.1647],[81.8504,20.1108],[81.8748,20.0834],[81.8741,20.0577],[81.8813,20.0503],[81.8677,20.0275],[81.8449,19.9543],[81.8564,19.9429],[81.8572,19.9124],[81.9056,19.883],[81.968,19.8593],[81.965,19.8406],[81.9878,19.8005],[81.9951,19.7965],[82.0107,19.8032],[82.0598,19.7961],[82.0675,19.7879],[82.0648,19.7583],[82.0517,19.7426],[82.0514,19.7188],[82.0452,19.7088],[82.0591,19.6295],[82.0528,19.6068],[82.0417,19.5958],[82.0519,19.57],[82.0481,19.5574],[82.0539,19.5439],[82.0301,19.5071],[82.0675,19.509],[82.0786,19.5212],[82.0998,19.5152],[82.0988,19.4995],[82.1068,19.495],[82.1096,19.4791],[82.1047,19.4665],[82.1149,19.4581],[82.1146,19.4486],[82.1271,19.4295],[82.175,19.4355],[82.1908,19.4233],[82.1742,19.3717],[82.1524,19.3758],[82.1486,19.3676],[82.1502,19.3539],[82.1881,19.338],[82.191,19.3255],[82.1815,19.3221],[82.1764,19.2965],[82.1596,19.2714],[82.1595,19.2296],[82.1691,19.2144],[82.1636,19.2026],[82.1813,19.1904],[82.179,19.1744],[82.1867,19.165],[82.1826,19.1589],[82.172,19.1608],[82.1827,19.1514],[82.1738,19.1493],[82.1761,19.14],[82.1677,19.1327],[82.1777,19.1191],[82.1842,19.1313],[82.2077,19.1237],[82.2065,19.1005],[82.22,19.0969],[82.202,19.0666],[82.233,19.0211],[82.2476,18.9171],[82.2393,18.9119],[82.2218,18.9188],[82.1808,18.9019],[82.1785,18.8842],[82.1662,18.8761],[82.173,18.837],[82.1664,18.8182],[82.1699,18.8118],[82.1624,18.8031],[82.1692,18.7978],[82.1536,18.7801],[82.1388,18.7769],[82.1372,18.7645],[82.0895,18.7627],[82.0949,18.7537],[82.0867,18.719],[82.0694,18.7248],[82.0599,18.7187],[82.0575,18.7244],[82.0418,18.7256],[81.9691,18.6927],[81.9462,18.7169],[81.9435,18.73],[81.9583,18.7581],[81.943,18.7682],[81.9192,18.7698],[81.9141,18.7612],[81.893,18.7548],[81.8734,18.7613],[81.8671,18.7458],[81.8564,18.7384],[81.8188,18.743],[81.8069,18.7362],[81.7956,18.7485],[81.7734,18.7564],[81.7766,18.7677],[81.7633,18.7721],[81.7681,18.7811],[81.7565,18.8112],[81.712,18.836],[81.705,18.8221],[81.6831,18.8217],[81.6621,18.7982],[81.6499,18.8026],[81.6333,18.8209],[81.6132,18.8243],[81.6196,18.8397],[81.6052,18.8514],[81.5843,18.8435],[81.5746,18.8655],[81.5557,18.8746],[81.5488,18.8873],[81.5552,18.9111],[81.5285,18.922],[81.5144,18.9104],[81.5098,18.9273],[81.4672,18.9443],[81.4695,18.9565],[81.4836,18.967],[81.4722,18.9853],[81.4705,19.0044],[81.4788,19.0118],[81.5145,19.0107],[81.5233,19.0159],[81.5297,19.038],[81.4995,19.0497],[81.5036,19.0626],[81.5136,19.0681],[81.4933,19.0841],[81.4932,19.1039],[81.4817,19.1192],[81.4952,19.1235],[81.498,19.1388],[81.4928,19.151],[81.5017,19.204],[81.4734,19.2128],[81.4502,19.1894],[81.4068,19.192],[81.3914,19.2085],[81.3538,19.2254],[81.3547,19.2442],[81.366,19.2528],[81.3565,19.2854],[81.3588,19.2929],[81.3763,19.3031],[81.3736,19.3131],[81.356,19.3251]]]}},{"type":"Feature","properties":{"district_id":"OD_PVI","district_name":"Puri","state_name":"Odisha","zone":"East Coast","centroid_lat":19.8135,"centroid_lon":85.8312,"elevation_m":10,"census_code":387,"census_name":"Puri","rep_lat":19.8765,"rep_lon":85.7209,"dist_coast_km":12.6,"geometry_source":"Census 2011 (DataMeet)"},"geometry":{"type":"Polygon","coordinates":[[[86.0827,20.1063],[86.0919,20.0917],[86.0774,20.0823],[86.082,20.0687],[86.0903,20.0599],[86.1036,20.0675],[86.1176,20.0669],[86.1284,20.0602],[86.1198,20.0459],[86.1289,20.0402],[86.1607,20.0458],[86.1708,20.0411],[86.1774,20.0518],[86.2001,20.0535],[86.2098,20.0397],[86.2481,20.0387],[86.2571,20.0544],[86.2789,20.0571],[86.2807,20.0498],[86.2734,20.0442],[86.2831,20.0445],[86.3277,20.0188],[86.3447,19.984],[86.3566,19.9742],[86.3682,19.9749],[86.3752,19.9517],[86.2987,19.9345],[86.2458,19.9083],[86.2415,19.9099],[86.2463,19.9226],[86.2281,19.9328],[86.2211,19.9087],[86.2325,19.8983],[86.2116,19.888],[86.0924,19.8539],[86.0685,19.8524],[86.0455,19.8415],[85.9087,19.8199],[85.6964,19.7513],[85.6296,19.7142],[85.4448,19.6324],[85.3509,19.5839],[85.2141,19.4941],[85.178,19.4638],[85.1593,19.4828],[85.1371,19.5209],[85.1773,19.5576],[85.1845,19.6755],[85.2061,19.6843],[85.1912,19.7011],[85.1954,19.7177],[85.2101,19.726],[85.2197,19.7456],[85.2293,19.7498],[85.2419,19.7412],[85.2421,19.7607],[85.2569,19.7712],[85.255,19.7835],[85.3281,19.8009],[85.3409,19.8104],[85.3442,19.8279],[85.3816,19.8422],[85.4064,19.8759],[85.4068,19.8857],[85.4162,19.8843],[85.4285,19.8935],[85.4497,19.8863],[85.4758,19.8915],[85.4841,19.884],[85.5314,19.8875],[85.5613,19.8732],[85.5525,19.859],[85.5648,19.8546],[85.5669,19.9168],[85.5362,19.9278],[85.5369,19.9367],[85.5288,19.9411],[85.523,19.9294],[85.5104,19.9258],[85.509,19.9331],[85.5198,19.9419],[85.5025,19.9455],[85.5317,19.9773],[85.5345,19.9669],[85.5477,19.9559],[85.553,19.9624],[85.5553,19.9526],[85.5653,19.9495],[85.5697,19.9687],[85.5603,19.9737],[85.5646,19.9805],[85.5698,19.9764],[85.564,20.0067],[85.5729,20.0238],[85.5948,19.9949],[85.6092,20.0168],[85.6177,20.0181],[85.6114,20.0006],[85.6179,19.9913],[85.6313,20.0245],[85.6174,20.042],[85.6205,20.0587],[85.6464,20.0828],[85.6335,20.1],[85.6524,20.0963],[85.6485,20.0749],[85.6535,20.0656],[85.6803,20.0715],[85.6776,20.0868],[85.6925,20.0951],[85.6774,20.1121],[85.6894,20.149],[85.7001,20.1512],[85.7202,20.142],[85.7227,20.1296],[85.7333,20.1513],[85.7469,20.147],[85.7632,20.152],[85.7656,20.1666],[85.7837,20.1665],[85.7833,20.157],[85.7968,20.1509],[85.8066,20.1583],[85.8272,20.1584],[85.8406,20.1957],[85.8455,20.1747],[85.8563,20.1756],[85.8538,20.1935],[85.8894,20.1764],[85.9022,20.1447],[85.8755,20.1223],[85.8856,20.11],[85.9001,20.1126],[85.9047,20.128],[85.9274,20.114],[85.9467,20.1135],[85.9515,20.1195],[85.9552,20.1116],[85.9605,20.1202],[85.9954,20.1067],[86.0078,20.1162],[86.0209,20.1016],[86.0328,20.1073],[86.0827,20.1063]]]}},{"type":"Feature","properties":{"district_id":"OD_BBS","district_name":"Khordha (Bhubaneswar)","state_name":"Odisha","zone":"East Coast","centroid_lat":20.2961,"centroid_lon":85.8245,"elevation_m":45,"census_code":386,"census_name":"Khordha","rep_lat":20.09,"rep_lon":85.5114,"dist_coast_km":21.3,"geometry_source":"Census 2011 (DataMeet)"},"geometry":{"type":"Polygon","coordinates":[[[86.0827,20.1063],[86.0328,20.1073],[86.0209,20.1016],[86.0078,20.1162],[85.9954,20.1067],[85.9605,20.1202],[85.9552,20.1116],[85.9515,20.1195],[85.9467,20.1135],[85.9274,20.114],[85.9047,20.128],[85.9001,20.1126],[85.8856,20.11],[85.8755,20.1223],[85.9022,20.1447],[85.8894,20.1764],[85.8538,20.1935],[85.8563,20.1756],[85.8455,20.1747],[85.8406,20.1957],[85.8272,20.1584],[85.8066,20.1583],[85.7968,20.1509],[85.7833,20.157],[85.7837,20.1665],[85.7656,20.1666],[85.7632,20.152],[85.7469,20.147],[85.7333,20.1513],[85.7227,20.1296],[85.7202,20.142],[85.6942,20.1518],[85.6779,20.123],[85.6774,20.1121],[85.6925,20.0951],[85.6776,20.0868],[85.6803,20.0715],[85.6535,20.0656],[85.6485,20.0749],[85.6524,20.0963],[85.6335,20.1],[85.6464,20.0828],[85.6205,20.0587],[85.6174,20.042],[85.6313,20.0245],[85.6179,19.9913],[85.6114,20.0006],[85.6177,20.0181],[85.6092,20.0168],[85.5948,19.9949],[85.5729,20.0238],[85.564,20.0067],[85.5698,19.9764],[85.5646,19.9805],[85.5603,19.9737],[85.5697,19.9687],[85.5653,19.9495],[85.5553,19.9526],[85.553,19.9624],[85.5477,19.9559],[85.5345,19.9669],[85.5317,19.9773],[85.5025,19.9455],[85.5198,19.9419],[85.509,19.9331],[85.5104,19.9258],[85.523,19.9294],[85.5288,19.9411],[85.5369,19.9367],[85.5362,19.9278],[85.5669,19.9168],[85.5648,19.8546],[85.5525,19.859],[85.5613,19.8732],[85.5314,19.8875],[85.4841,19.884],[85.4758,19.8915],[85.4497,19.8863],[85.4285,19.8935],[85.4162,19.8843],[85.4068,19.8857],[85.4064,19.8759],[85.3849,19.8455],[85.3442,19.8279],[85.3409,19.8104],[85.3281,19.8009],[85.255,19.7835],[85.2569,19.7712],[85.2421,19.7607],[85.2419,19.7412],[85.2293,19.7498],[85.2197,19.7456],[85.2101,19.726],[85.1954,19.7177],[85.1912,19.7011],[85.2061,19.6843],[85.1845,19.6755],[85.162,19.6963],[85.1464,19.7283],[85.1286,19.749],[85.0878,19.7667],[85.0773,19.7915],[85.0442,19.8063],[85.0097,19.8026],[85.0,19.8169],[84.9843,19.8243],[84.9724,19.8528],[84.9363,19.8725],[84.9404,19.897],[84.9756,19.9049],[85.0102,19.8997],[85.0289,19.9033],[85.0985,19.9305],[85.128,19.9333],[85.1673,19.9045],[85.2103,19.9118],[85.2454,19.9054],[85.2717,19.917],[85.2776,19.9126],[85.2931,19.9207],[85.3319,19.9256],[85.3346,19.935],[85.3637,19.9582],[85.3845,19.9501],[85.385,19.94],[85.3976,19.9391],[85.4038,19.9296],[85.4215,19.9269],[85.4573,19.9731],[85.4409,19.9943],[85.4169,19.995],[85.4352,20.027],[85.4174,20.027],[85.4151,20.0206],[85.4121,20.0334],[85.397,20.0363],[85.381,20.0715],[85.381,20.0842],[85.3999,20.0919],[85.4145,20.1275],[85.3998,20.1398],[85.3924,20.1355],[85.3847,20.1558],[85.3754,20.1454],[85.3563,20.1452],[85.3704,20.1778],[85.3518,20.1883],[85.3125,20.1664],[85.3123,20.1541],[85.2711,20.1464],[85.2485,20.1283],[85.241,20.1145],[85.2177,20.1282],[85.2159,20.1447],[85.2059,20.1545],[85.2147,20.1647],[85.2042,20.1722],[85.2015,20.1902],[85.2119,20.1988],[85.2163,20.2135],[85.2269,20.2231],[85.2358,20.21],[85.2445,20.208],[85.2567,20.2146],[85.2563,20.2264],[85.3242,20.2308],[85.329,20.2452],[85.3406,20.2451],[85.3431,20.2511],[85.3274,20.2537],[85.3351,20.2803],[85.3371,20.2722],[85.3498,20.2722],[85.3713,20.2758],[85.3829,20.2856],[85.3957,20.2773],[85.3988,20.2595],[85.4083,20.2561],[85.422,20.2722],[85.4547,20.2665],[85.4615,20.2945],[85.523,20.2933],[85.5252,20.3037],[85.5506,20.3025],[85.5531,20.3131],[85.5672,20.3008],[85.6267,20.292],[85.644,20.3229],[85.6631,20.3313],[85.679,20.3243],[85.7018,20.3617],[85.7158,20.3993],[85.7327,20.409],[85.76,20.4043],[85.7678,20.4121],[85.7736,20.4032],[85.7874,20.4095],[85.7828,20.4218],[85.7874,20.4328],[85.7959,20.4264],[85.8075,20.4336],[85.8309,20.4038],[85.8185,20.3883],[85.8198,20.3673],[85.7992,20.3364],[85.8025,20.3208],[85.8688,20.2983],[85.8741,20.2863],[85.8846,20.287],[85.8841,20.3027],[85.8922,20.3125],[85.8805,20.3185],[85.8843,20.3253],[85.8769,20.3258],[85.8788,20.3318],[85.8704,20.3357],[85.9005,20.3675],[85.9019,20.3511],[85.9166,20.3457],[85.9196,20.3346],[85.929,20.3284],[85.9318,20.3116],[85.9218,20.3164],[85.9209,20.3235],[85.9144,20.3171],[85.9273,20.2921],[85.9375,20.287],[85.9341,20.2726],[85.9517,20.2682],[85.9609,20.2521],[86.0078,20.2241],[86.0217,20.1863],[86.0304,20.185],[86.0278,20.1708],[86.0349,20.1701],[86.0429,20.1801],[86.0549,20.1651],[86.0489,20.143],[86.0363,20.1433],[86.0398,20.1352],[86.0676,20.1252],[86.0827,20.1063]]]}},{"type":"Feature","properties":{"district_id":"OD_BAL","district_name":"Balasore","state_name":"Odisha","zone":"East Coast","centroid_lat":21.4934,"centroid_lon":86.9135,"elevation_m":16,"census_code":377,"census_name":"Baleshwar","rep_lat":21.4932,"rep_lon":86.9169,"dist_coast_km":12.5,"geometry_source":"Census 2011 (DataMeet)"},"geometry":{"type":"Polygon","coordinates":[[[87.193,21.9616],[87.2394,21.9589],[87.2368,21.9449],[87.2569,21.9224],[87.2393,21.9002],[87.2535,21.8712],[87.2521,21.8529],[87.272,21.8263],[87.2669,21.8186],[87.2783,21.8165],[87.276,21.8082],[87.2851,21.804],[87.2973,21.8103],[87.301,21.8001],[87.3224,21.7954],[87.3217,21.7905],[87.3371,21.792],[87.3411,21.784],[87.3565,21.7906],[87.3722,21.7795],[87.3745,21.7649],[87.3877,21.7757],[87.3953,21.7753],[87.3996,21.7673],[87.4291,21.7705],[87.448,21.7658],[87.4476,21.747],[87.4556,21.7373],[87.4472,21.734],[87.4694,21.7313],[87.4651,21.7254],[87.4751,21.7121],[87.4629,21.65],[87.472,21.6507],[87.4863,21.631],[87.4902,21.6026],[87.4376,21.5806],[87.4101,21.5449],[87.3845,21.5729],[87.3473,21.5805],[87.3385,21.5763],[87.3437,21.5695],[87.3736,21.5625],[87.3981,21.5389],[87.3966,21.5322],[87.3614,21.5411],[87.2231,21.5352],[87.1502,21.5079],[87.1127,21.4836],[87.0884,21.4589],[87.0702,21.4621],[87.0654,21.4408],[87.0526,21.4287],[86.9866,21.3888],[86.9515,21.3578],[86.8612,21.2089],[86.8341,21.2073],[86.8096,21.23],[86.773,21.2241],[86.7603,21.1985],[86.7626,21.1832],[86.7701,21.1826],[86.7761,21.1711],[86.7095,21.1828],[86.6936,21.1666],[86.6721,21.1639],[86.6658,21.1518],[86.6685,21.1404],[86.6573,21.128],[86.6561,21.1087],[86.6582,21.1007],[86.6683,21.0964],[86.664,21.0834],[86.6544,21.0867],[86.6464,21.0817],[86.6492,21.0634],[86.6427,21.0609],[86.6316,21.0686],[86.6286,21.0932],[86.5925,21.098],[86.5931,21.1089],[86.5586,21.157],[86.5401,21.1601],[86.5116,21.1372],[86.4637,21.1591],[86.452,21.1536],[86.4356,21.1598],[86.444,21.1774],[86.4323,21.1835],[86.4495,21.201],[86.441,21.2066],[86.4382,21.2206],[86.4254,21.2226],[86.4174,21.2092],[86.4089,21.2195],[86.3746,21.2313],[86.3753,21.2555],[86.3575,21.2816],[86.3618,21.3002],[86.4279,21.3317],[86.4433,21.3557],[86.4897,21.3803],[86.5349,21.4277],[86.5854,21.5208],[86.6076,21.5177],[86.6298,21.532],[86.6375,21.529],[86.6526,21.5788],[86.6651,21.5768],[86.6881,21.5939],[86.6946,21.5847],[86.7063,21.5844],[86.7166,21.5957],[86.7545,21.6053],[86.7926,21.5976],[86.8043,21.6059],[86.8323,21.606],[86.8417,21.6001],[86.8494,21.6049],[86.8676,21.5922],[86.8889,21.6108],[86.8783,21.6185],[86.8787,21.635],[86.894,21.6115],[86.9023,21.6094],[86.9138,21.5891],[86.9126,21.5793],[86.9194,21.5804],[86.9249,21.5919],[86.9401,21.5781],[86.959,21.5724],[86.9536,21.58],[86.9606,21.5954],[86.9644,21.5815],[87.0076,21.5983],[87.0023,21.6132],[86.9916,21.6168],[86.9884,21.6256],[86.993,21.6308],[87.0,21.621],[87.0061,21.6253],[87.0125,21.6478],[86.9938,21.6486],[86.9896,21.6669],[87.0,21.6747],[87.0155,21.6741],[87.0195,21.6676],[87.0256,21.6707],[87.0251,21.6611],[87.0314,21.6603],[87.0329,21.6712],[87.0478,21.6742],[87.0543,21.6832],[87.0388,21.6957],[87.0388,21.7185],[87.0318,21.72],[87.0274,21.7407],[87.0483,21.7392],[87.0443,21.7252],[87.0488,21.7106],[87.0721,21.7063],[87.0847,21.7247],[87.0942,21.7265],[87.0877,21.7374],[87.0955,21.732],[87.1019,21.7509],[87.1228,21.7547],[87.1037,21.7731],[87.106,21.7831],[87.1194,21.786],[87.1153,21.7825],[87.1243,21.7713],[87.1289,21.7756],[87.146,21.7634],[87.1598,21.7681],[87.163,21.7876],[87.1714,21.7885],[87.1692,21.8056],[87.1745,21.8103],[87.1795,21.7908],[87.1844,21.7899],[87.1786,21.8121],[87.1299,21.8374],[87.1205,21.8526],[87.1056,21.8565],[87.0993,21.865],[87.1008,21.8909],[87.0932,21.8997],[87.1093,21.9224],[87.1189,21.9268],[87.1414,21.9226],[87.1629,21.9351],[87.1652,21.967],[87.172,21.9779],[87.193,21.9616]],[[86.8897,20.7867],[86.9396,20.7842],[86.955,20.7772],[86.8952,20.7765],[86.8799,20.7817],[86.8897,20.7867]],[[86.9993,20.7951],[86.9905,20.7965],[86.9957,20.8072],[87.0016,20.805],[86.9993,20.7951]]]}},{"type":"Feature","properties":{"district_id":"OD_SMB","district_name":"Sambalpur","state_name":"Odisha","zone":"Central India","centroid_lat":21.4669,"centroid_lon":83.9812,"elevation_m":150,"census_code":372,"census_name":"Sambalpur","rep_lat":21.4519,"rep_lon":84.2809,"dist_coast_km":210.9,"geometry_source":"Census 2011 (DataMeet)"},"geometry":{"type":"Polygon","coordinates":[[[84.6799,21.7345],[84.639,21.7369],[84.6432,21.7242],[84.6393,21.7045],[84.6277,21.6947],[84.5787,21.7],[84.5448,21.6767],[84.5134,21.6835],[84.5055,21.6794],[84.4915,21.6377],[84.5171,21.6192],[84.5276,21.6226],[84.5415,21.6084],[84.5411,21.6016],[84.5696,21.5852],[84.575,21.5724],[84.54,21.5786],[84.5374,21.5741],[84.5448,21.5696],[84.5116,21.5593],[84.5047,21.5368],[84.4841,21.5058],[84.5022,21.4958],[84.4795,21.4801],[84.4914,21.4733],[84.4941,21.445],[84.4822,21.4241],[84.4932,21.4124],[84.4826,21.3929],[84.4965,21.3832],[84.4913,21.3676],[84.5051,21.364],[84.502,21.3755],[84.5189,21.3714],[84.5224,21.3784],[84.5377,21.3807],[84.5492,21.3719],[84.5478,21.3597],[84.5702,21.3207],[84.571,21.2511],[84.6018,21.2586],[84.6159,21.2719],[84.6325,21.2755],[84.6544,21.2999],[84.6677,21.3035],[84.6656,21.3116],[84.6919,21.3203],[84.7173,21.315],[84.7664,21.2723],[84.7584,21.2577],[84.7724,21.2522],[84.7613,21.2244],[84.7442,21.232],[84.7246,21.2173],[84.7222,21.2058],[84.7413,21.1966],[84.7486,21.181],[84.7448,21.1706],[84.7341,21.1647],[84.7256,21.1493],[84.7018,21.1554],[84.6856,21.149],[84.6708,21.0954],[84.6833,21.0642],[84.6519,21.0844],[84.631,21.0825],[84.5893,21.0639],[84.5558,21.0714],[84.5353,21.0886],[84.4852,21.0825],[84.4422,21.0345],[84.4304,21.0409],[84.4107,21.0307],[84.4349,21.0197],[84.436,21.0142],[84.4165,21.0016],[84.4074,20.979],[84.3851,20.9686],[84.3726,20.9549],[84.3653,20.9591],[84.3323,20.9522],[84.313,20.9366],[84.3045,20.9399],[84.2753,20.9238],[84.2417,20.9261],[84.2204,20.9438],[84.2128,20.9639],[84.1947,20.9766],[84.161,20.9757],[84.1473,21.0132],[84.148,21.0356],[84.0707,21.0509],[84.0483,21.0441],[84.0354,21.0547],[84.0202,21.0552],[83.9909,21.0792],[83.9947,21.1019],[83.9853,21.1182],[83.986,21.1347],[83.8959,21.1781],[83.9134,21.246],[83.8938,21.2755],[83.8915,21.2966],[83.8784,21.2937],[83.8716,21.3106],[83.883,21.3495],[83.8809,21.3901],[83.8496,21.4102],[83.8551,21.4221],[83.8839,21.4275],[83.8868,21.4388],[83.8468,21.5273],[83.8153,21.5397],[83.7999,21.5662],[83.8146,21.5911],[83.8234,21.5942],[83.8942,21.5737],[83.9411,21.5767],[83.9641,21.5711],[83.9737,21.5775],[83.9813,21.5953],[83.9685,21.6911],[83.9732,21.7087],[83.9442,21.7276],[83.9666,21.7518],[83.9699,21.7657],[83.9909,21.7518],[84.015,21.7861],[84.0276,21.781],[84.0387,21.7591],[84.0635,21.7742],[84.0834,21.7738],[84.1152,21.789],[84.1533,21.7792],[84.1902,21.7542],[84.2212,21.7664],[84.2376,21.7627],[84.2474,21.7688],[84.2728,21.759],[84.291,21.7661],[84.2968,21.7958],[84.3299,21.8414],[84.3301,21.8659],[84.3651,21.9413],[84.3772,21.9544],[84.3756,21.9747],[84.3933,21.9923],[84.3892,22.0241],[84.3694,22.0274],[84.3576,22.0365],[84.3379,22.0306],[84.3223,22.0371],[84.2995,22.0337],[84.2897,22.0168],[84.2696,22.0141],[84.2677,22.0426],[84.2736,22.0578],[84.2666,22.0764],[84.268,22.1043],[84.2789,22.1078],[84.2781,22.1211],[84.2993,22.1165],[84.326,22.1244],[84.3663,22.149],[84.3871,22.1483],[84.4211,22.1723],[84.4781,22.1886],[84.4966,22.1356],[84.5014,22.106],[84.4969,22.0984],[84.5019,22.0873],[84.5145,22.0844],[84.5097,22.0685],[84.5137,22.0532],[84.53,22.0446],[84.511,22.0194],[84.5036,21.9703],[84.5081,21.9603],[84.5188,21.9733],[84.529,21.9736],[84.5301,21.9586],[84.5225,21.9562],[84.5206,21.9452],[84.5303,21.9276],[84.5002,21.9184],[84.4959,21.9075],[84.5152,21.9],[84.5314,21.8821],[84.5272,21.8735],[84.5388,21.8605],[84.5295,21.842],[84.5287,21.8132],[84.5689,21.7872],[84.5591,21.767],[84.5936,21.7577],[84.6137,21.7647],[84.6345,21.7604],[84.6548,21.7666],[84.6777,21.7538],[84.6799,21.7345]]]}},{"type":"Feature","properties":{"district_id":"UP_LKO","district_name":"Lucknow","state_name":"Uttar Pradesh","zone":"Central India","centroid_lat":26.8467,"centroid_lon":80.9462,"elevation_m":123,"census_code":157,"census_name":"Lucknow","rep_lat":26.8416,"rep_lon":80.9067,"dist_coast_km":861.0,"geometry_source":"Census 2011 (DataMeet)"},"geometry":{"type":"Polygon","coordinates":[[[81.166,26.5925],[81.143,26.5862],[81.1229,26.5574],[81.1001,26.5597],[81.0934,26.541],[81.0774,26.5326],[81.0764,26.5211],[81.0474,26.5015],[81.0259,26.5234],[80.9883,26.5347],[80.9807,26.5505],[80.9664,26.5493],[80.9704,26.5544],[80.9532,26.5616],[80.9548,26.5678],[80.946,26.5637],[80.9369,26.5676],[80.9415,26.568],[80.9328,26.5743],[80.9267,26.5916],[80.9188,26.5897],[80.9093,26.5974],[80.906,26.5909],[80.8919,26.5979],[80.8923,26.6216],[80.8772,26.6142],[80.8724,26.6214],[80.8831,26.6313],[80.873,26.6423],[80.8507,26.6514],[80.8428,26.663],[80.7945,26.6464],[80.7841,26.666],[80.7705,26.6633],[80.7696,26.6771],[80.7571,26.6862],[80.7442,26.6744],[80.7463,26.6662],[80.7294,26.6559],[80.7074,26.6831],[80.6974,26.6857],[80.7177,26.6996],[80.6994,26.7193],[80.7062,26.7185],[80.7008,26.7283],[80.7026,26.747],[80.6915,26.7561],[80.6969,26.7628],[80.7319,26.7544],[80.7507,26.7646],[80.7557,26.7738],[80.7377,26.7757],[80.7407,26.7894],[80.7277,26.7942],[80.7085,26.8242],[80.6922,26.8374],[80.6938,26.85],[80.6459,26.8769],[80.6279,26.8805],[80.6274,26.8887],[80.6411,26.903],[80.6237,26.9088],[80.6094,26.9441],[80.5919,26.9421],[80.5818,26.9256],[80.5609,26.9364],[80.571,26.9548],[80.5858,26.9603],[80.5881,26.9533],[80.5956,26.9549],[80.6001,26.9839],[80.5877,26.9858],[80.58,27.0008],[80.5605,27.0108],[80.5882,27.0265],[80.5777,27.0295],[80.5808,27.0344],[80.599,27.0422],[80.6154,27.0381],[80.6235,27.0568],[80.6426,27.0642],[80.6567,27.0622],[80.6413,27.0684],[80.6468,27.0786],[80.7011,27.0601],[80.7024,27.0684],[80.7128,27.0691],[80.7118,27.08],[80.7348,27.0996],[80.7592,27.1004],[80.7655,27.0889],[80.7707,27.1023],[80.7835,27.0979],[80.791,27.1109],[80.8188,27.0974],[80.8308,27.0995],[80.8592,27.1226],[80.8941,27.1277],[80.9048,27.1498],[80.9139,27.1489],[80.9293,27.159],[80.957,27.139],[80.9649,27.1444],[80.9919,27.1373],[81.0,27.1467],[81.0121,27.1405],[81.028,27.1174],[81.023,27.103],[81.0561,27.0853],[81.0393,27.0701],[81.0291,27.0721],[81.0174,27.0649],[81.0,27.075],[80.9895,27.0664],[80.9841,27.0694],[80.9728,27.0556],[80.9785,27.0354],[81.001,27.038],[80.9963,27.0083],[81.0043,26.9967],[81.0305,26.9853],[81.0255,26.9724],[81.0361,26.965],[81.0503,26.9662],[81.0565,26.9729],[81.0655,26.9677],[81.0589,26.9582],[81.0455,26.9557],[81.0433,26.9387],[81.064,26.9277],[81.0755,26.9085],[81.0958,26.9145],[81.1,26.8997],[81.0907,26.8891],[81.1023,26.8704],[81.0921,26.8582],[81.094,26.8378],[81.1305,26.8343],[81.1411,26.8144],[81.1708,26.8074],[81.1589,26.7971],[81.1591,26.7755],[81.1641,26.7732],[81.1744,26.7857],[81.1899,26.7797],[81.1937,26.7916],[81.2166,26.7823],[81.1886,26.7615],[81.2036,26.7442],[81.2037,26.7285],[81.2157,26.7211],[81.219,26.7061],[81.2082,26.701],[81.1673,26.6432],[81.1759,26.6356],[81.1722,26.627],[81.1839,26.6187],[81.1649,26.6025],[81.166,26.5925]]]}},{"type":"Feature","properties":{"district_id":"UP_VNS","district_name":"Varanasi","state_name":"Uttar Pradesh","zone":"Central India","centroid_lat":25.3176,"centroid_lon":82.9739,"elevation_m":81,"census_code":197,"census_name":"Varanasi","rep_lat":25.3881,"rep_lon":82.9176,"dist_coast_km":604.7,"geometry_source":"Census 2011 (DataMeet)"},"geometry":{"type":"Polygon","coordinates":[[[83.0723,25.5507],[83.0777,25.538],[83.0644,25.5285],[83.0891,25.4917],[83.0976,25.5033],[83.1096,25.4934],[83.115,25.4973],[83.0986,25.5201],[83.1024,25.5248],[83.1183,25.521],[83.1323,25.508],[83.1571,25.5027],[83.1589,25.5173],[83.174,25.5235],[83.1797,25.5103],[83.1758,25.4967],[83.1438,25.4692],[83.1308,25.444],[83.1863,25.4222],[83.1948,25.4053],[83.1762,25.353],[83.1457,25.3181],[83.0901,25.3301],[83.0406,25.3175],[83.0173,25.3032],[83.0138,25.2927],[83.0491,25.282],[83.0463,25.2696],[83.0711,25.2449],[83.049,25.2472],[83.032,25.2418],[83.0212,25.2187],[83.0022,25.2027],[82.9018,25.2156],[82.8835,25.1995],[82.8716,25.1995],[82.8701,25.1928],[82.8759,25.1897],[82.8587,25.1703],[82.8477,25.1668],[82.8381,25.1678],[82.8256,25.1852],[82.8134,25.1879],[82.8018,25.1735],[82.7937,25.1791],[82.8027,25.1899],[82.7912,25.193],[82.7843,25.2048],[82.7925,25.2099],[82.8167,25.2064],[82.8051,25.223],[82.8167,25.2292],[82.812,25.2411],[82.82,25.2563],[82.7859,25.2484],[82.7915,25.2312],[82.7851,25.2291],[82.7766,25.2357],[82.7798,25.2487],[82.7713,25.2602],[82.7814,25.2653],[82.78,25.2713],[82.7624,25.2678],[82.7528,25.2406],[82.7403,25.2454],[82.7369,25.2541],[82.7151,25.2529],[82.7107,25.2626],[82.6844,25.2621],[82.672,25.2482],[82.6754,25.2811],[82.6893,25.2806],[82.6937,25.3084],[82.7039,25.3204],[82.6886,25.3324],[82.6827,25.3527],[82.6998,25.3674],[82.7055,25.3609],[82.7111,25.3864],[82.6937,25.3945],[82.6851,25.419],[82.6886,25.4299],[82.7201,25.4335],[82.7168,25.4421],[82.7027,25.4471],[82.7059,25.4575],[82.7364,25.4621],[82.7363,25.4708],[82.7107,25.4825],[82.716,25.5004],[82.7258,25.5086],[82.7248,25.5213],[82.7153,25.5329],[82.7425,25.5462],[82.7797,25.5289],[82.7857,25.5434],[82.7936,25.5422],[82.7987,25.5518],[82.8371,25.5528],[82.839,25.5677],[82.8548,25.5635],[82.8668,25.58],[82.8798,25.5657],[82.9299,25.57],[82.9468,25.543],[82.945,25.5302],[82.9544,25.5247],[82.965,25.5268],[82.9826,25.5538],[83.0115,25.5484],[83.0056,25.5535],[83.0218,25.5754],[83.0442,25.5397],[83.0635,25.5561],[83.0723,25.5507]]]}},{"type":"Feature","properties":{"district_id":"UP_GKP","district_name":"Gorakhpur (Foothills)","state_name":"Uttar Pradesh","zone":"Gangetic Plain","centroid_lat":26.7606,"centroid_lon":83.3732,"elevation_m":84,"census_code":188,"census_name":"Gorakhpur","rep_lat":26.6578,"rep_lon":83.3614,"dist_coast_km":657.8,"geometry_source":"Census 2011 (DataMeet)"},"geometry":{"type":"Polygon","coordinates":[[[83.5447,26.8804],[83.5399,26.8638],[83.5284,26.8541],[83.5604,26.8359],[83.5617,26.8254],[83.5789,26.8145],[83.5931,26.7941],[83.5928,26.7697],[83.5862,26.7611],[83.6203,26.7531],[83.6119,26.7349],[83.6238,26.7258],[83.6167,26.703],[83.6244,26.6918],[83.6343,26.6224],[83.6199,26.616],[83.62,26.6042],[83.6302,26.5938],[83.6312,26.5814],[83.6267,26.5676],[83.6166,26.5681],[83.602,26.5146],[83.5548,26.5098],[83.5501,26.4889],[83.5415,26.4997],[83.5308,26.4936],[83.5174,26.4987],[83.4924,26.4861],[83.4938,26.4619],[83.4797,26.4616],[83.4986,26.4345],[83.4987,26.4223],[83.5107,26.416],[83.4924,26.4061],[83.488,26.3961],[83.4945,26.3891],[83.5035,26.3988],[83.5279,26.3983],[83.5139,26.3831],[83.5358,26.3837],[83.5437,26.3537],[83.558,26.3753],[83.5717,26.3747],[83.5637,26.3846],[83.549,26.3886],[83.5844,26.3975],[83.5812,26.3642],[83.5903,26.3576],[83.6114,26.3688],[83.6148,26.3635],[83.6019,26.3465],[83.6205,26.342],[83.6128,26.3334],[83.6237,26.3222],[83.6399,26.327],[83.6251,26.316],[83.6213,26.2994],[83.6313,26.2999],[83.6583,26.319],[83.6674,26.3139],[83.6711,26.2887],[83.6438,26.2748],[83.6347,26.223],[83.6289,26.2178],[83.6093,26.2323],[83.6182,26.2454],[83.579,26.2489],[83.5344,26.2771],[83.4778,26.2808],[83.4408,26.2707],[83.4184,26.274],[83.4011,26.2841],[83.4013,26.2962],[83.3398,26.3485],[83.3272,26.345],[83.3047,26.3501],[83.2312,26.3931],[83.1634,26.3966],[83.135,26.3848],[83.0836,26.3931],[83.0708,26.4078],[83.0983,26.432],[83.098,26.4541],[83.0863,26.4683],[83.0921,26.4795],[83.1687,26.506],[83.19,26.4889],[83.1966,26.4976],[83.1973,26.5167],[83.2054,26.5241],[83.1909,26.5321],[83.183,26.5266],[83.1714,26.5304],[83.1412,26.5622],[83.1458,26.5668],[83.1373,26.595],[83.1202,26.5939],[83.1093,26.6157],[83.1352,26.633],[83.1326,26.6549],[83.1032,26.6586],[83.1172,26.684],[83.1005,26.6834],[83.0856,26.7005],[83.0942,26.7192],[83.1096,26.7118],[83.1079,26.723],[83.1339,26.7279],[83.1328,26.7345],[83.1455,26.7461],[83.1445,26.7673],[83.1362,26.7772],[83.1287,26.7662],[83.1128,26.7665],[83.1132,26.7901],[83.1003,26.8078],[83.1207,26.8188],[83.1255,26.8301],[83.1203,26.8411],[83.1327,26.8573],[83.1375,26.8872],[83.1576,26.8718],[83.1688,26.881],[83.1754,26.8766],[83.2173,26.8842],[83.2161,26.8988],[83.2053,26.9077],[83.223,26.9114],[83.21,26.9254],[83.2104,26.9354],[83.2275,26.9368],[83.2164,26.9485],[83.2024,26.9408],[83.196,26.9446],[83.2088,26.9544],[83.1963,26.9677],[83.2107,26.9681],[83.2264,26.9789],[83.2266,26.9868],[83.2135,27.0006],[83.2168,27.0164],[83.1686,27.0005],[83.1753,27.0083],[83.1641,27.0148],[83.1586,27.0114],[83.1609,27.0028],[83.153,27.0109],[83.1443,27.0049],[83.1437,27.0168],[83.1499,27.0224],[83.1399,27.0219],[83.1507,27.0405],[83.132,27.0493],[83.1402,27.0547],[83.1443,27.0479],[83.1512,27.0548],[83.139,27.0642],[83.1407,27.0753],[83.123,27.1097],[83.1425,27.1092],[83.1484,27.1158],[83.1302,27.1414],[83.1633,27.1287],[83.1777,27.0875],[83.1965,27.0874],[83.2089,27.0708],[83.2433,27.0728],[83.264,27.0642],[83.2752,27.0669],[83.285,27.0615],[83.2846,27.0501],[83.3176,27.0495],[83.3415,27.0913],[83.3484,27.0932],[83.3608,27.0801],[83.3781,27.0762],[83.3892,27.0899],[83.4036,27.0876],[83.4022,27.0722],[83.3723,27.044],[83.3594,27.011],[83.3314,26.981],[83.3395,26.9693],[83.3619,26.9682],[83.3661,26.9787],[83.4425,26.9794],[83.4466,26.9613],[83.4588,26.9634],[83.4735,26.95],[83.4784,26.9232],[83.5021,26.9181],[83.5447,26.8804]]]}},{"type":"Feature","properties":{"district_id":"BR_PAT","district_name":"Patna","state_name":"Bihar","zone":"Gangetic Plain","centroid_lat":25.5941,"centroid_lon":85.1376,"elevation_m":53,"census_code":230,"census_name":"Patna","rep_lat":25.4563,"rep_lon":85.222,"dist_coast_km":433.6,"geometry_source":"Census 2011 (DataMeet)"},"geometry":{"type":"Polygon","coordinates":[[[85.0308,25.7316],[85.0758,25.711],[85.0881,25.7112],[85.1106,25.6579],[85.1336,25.6304],[85.195,25.624],[85.2516,25.5961],[85.3026,25.5245],[85.3192,25.5131],[85.4001,25.5067],[85.4302,25.4965],[85.4377,25.5148],[85.4596,25.5017],[85.4966,25.4945],[85.5061,25.4847],[85.5163,25.5037],[85.5388,25.5055],[85.5399,25.4888],[85.6007,25.4927],[85.6123,25.488],[85.5924,25.4789],[85.6394,25.4634],[85.6497,25.4658],[85.6417,25.502],[85.6563,25.503],[85.6564,25.4935],[85.6784,25.497],[85.6826,25.4791],[85.7122,25.5057],[85.7196,25.5256],[85.7301,25.5217],[85.7562,25.544],[85.7787,25.5495],[85.805,25.5469],[85.8337,25.5294],[85.8386,25.5184],[85.8861,25.5019],[85.9044,25.4619],[85.8948,25.4608],[85.8805,25.4757],[85.8762,25.4686],[85.8727,25.4413],[85.8876,25.423],[85.8997,25.4236],[85.9056,25.4327],[85.937,25.4116],[85.9559,25.4152],[85.9579,25.4083],[86.0124,25.3733],[86.0191,25.3581],[86.0351,25.3602],[86.0393,25.3882],[86.0519,25.3909],[86.0673,25.3547],[86.0674,25.3364],[86.0563,25.3347],[86.0542,25.3406],[86.0404,25.333],[86.0372,25.3066],[86.0306,25.3036],[86.0292,25.2931],[86.0173,25.2939],[85.9907,25.313],[85.9324,25.3232],[85.9302,25.3025],[85.9055,25.2936],[85.8951,25.2974],[85.8809,25.28],[85.8657,25.2831],[85.8635,25.2971],[85.8189,25.2902],[85.8109,25.2917],[85.8069,25.3089],[85.7862,25.3092],[85.7771,25.3183],[85.7547,25.3175],[85.7418,25.3341],[85.7342,25.3355],[85.7215,25.3644],[85.7164,25.3647],[85.7154,25.3557],[85.7069,25.3623],[85.7047,25.353],[85.6919,25.3547],[85.6889,25.3462],[85.6605,25.3365],[85.6607,25.3166],[85.6538,25.3125],[85.6438,25.3159],[85.6442,25.3229],[85.6306,25.3246],[85.6321,25.334],[85.6507,25.34],[85.6435,25.352],[85.6361,25.348],[85.6395,25.3645],[85.631,25.369],[85.6285,25.3811],[85.5998,25.3914],[85.5976,25.3819],[85.5909,25.3849],[85.5773,25.3999],[85.5786,25.4246],[85.5595,25.4177],[85.5606,25.4249],[85.551,25.4209],[85.5349,25.4219],[85.5278,25.4303],[85.4984,25.4286],[85.4912,25.4476],[85.4723,25.441],[85.4389,25.4465],[85.4202,25.4601],[85.4063,25.461],[85.4027,25.4338],[85.3754,25.4275],[85.3639,25.4002],[85.3485,25.4122],[85.3339,25.4024],[85.31,25.4066],[85.3076,25.3955],[85.2974,25.3913],[85.2821,25.4044],[85.2798,25.3976],[85.2604,25.398],[85.2574,25.4124],[85.2514,25.4145],[85.2396,25.4034],[85.2289,25.4144],[85.2179,25.4157],[85.1886,25.4022],[85.1829,25.3882],[85.1928,25.3816],[85.1947,25.349],[85.1814,25.3089],[85.1681,25.3052],[85.1323,25.3159],[85.1297,25.3013],[85.1183,25.2926],[85.1275,25.2789],[85.1219,25.2725],[85.1135,25.2726],[85.1137,25.2794],[85.1023,25.2885],[85.0862,25.2748],[85.07,25.2893],[85.0253,25.2667],[85.0207,25.2728],[85.0268,25.2737],[85.0312,25.2855],[85.0162,25.2941],[85.015,25.3176],[84.9937,25.3206],[84.9807,25.3071],[84.9792,25.2909],[84.9705,25.2957],[84.9629,25.2871],[84.9484,25.289],[84.9374,25.268],[84.9229,25.2771],[84.925,25.2922],[84.9065,25.2895],[84.8888,25.2695],[84.8897,25.2545],[84.8745,25.2478],[84.8673,25.2161],[84.8568,25.2279],[84.8374,25.2336],[84.81,25.2151],[84.7736,25.222],[84.7536,25.2179],[84.7291,25.2016],[84.7205,25.214],[84.743,25.2256],[84.7494,25.2355],[84.7696,25.2296],[84.7862,25.2369],[84.7882,25.253],[84.7427,25.2678],[84.7355,25.252],[84.716,25.2608],[84.6948,25.2541],[84.6872,25.2655],[84.6898,25.271],[84.7052,25.2723],[84.7088,25.2831],[84.7234,25.2846],[84.7249,25.2932],[84.7112,25.2995],[84.7051,25.3154],[84.7256,25.3347],[84.7534,25.405],[84.7782,25.447],[84.756,25.4909],[84.7596,25.5103],[84.7709,25.5372],[84.819,25.575],[84.8233,25.5875],[84.8159,25.5905],[84.8196,25.6068],[84.8325,25.6206],[84.823,25.6189],[84.8234,25.6328],[84.8431,25.6557],[84.8253,25.6648],[84.8254,25.6705],[84.8356,25.6778],[84.8504,25.6781],[84.8601,25.7073],[84.873,25.717],[84.8835,25.7116],[84.9067,25.7176],[84.9084,25.7086],[84.9413,25.6998],[84.943,25.7056],[84.9535,25.7016],[84.9692,25.7078],[84.9719,25.7179],[84.985,25.7253],[85.0308,25.7316]],[[85.3366,25.5141],[85.3168,25.5193],[85.318,25.53],[85.3378,25.5221],[85.3366,25.5141]]]}},{"type":"Feature","properties":{"district_id":"BR_GAY","district_name":"Gaya","state_name":"Bihar","zone":"Gangetic Plain","centroid_lat":24.7914,"centroid_lon":85.0002,"elevation_m":111,"census_code":236,"census_name":"Gaya","rep_lat":24.6994,"rep_lon":84.9364,"dist_coast_km":394.5,"geometry_source":"Census 2011 (DataMeet)"},"geometry":{"type":"Polygon","coordinates":[[[85.1849,25.0718],[85.177,25.0546],[85.179,25.0504],[85.2048,25.0532],[85.2023,25.0337],[85.2217,25.0434],[85.2232,25.0549],[85.2356,25.055],[85.2452,25.0309],[85.2424,25.0199],[85.251,25.0087],[85.2621,25.0117],[85.267,25.0345],[85.2724,25.0254],[85.2829,25.0306],[85.324,25.0254],[85.3293,25.0104],[85.3419,25.0069],[85.352,25.0185],[85.3632,25.0188],[85.3655,24.9899],[85.3901,24.9908],[85.3815,24.9758],[85.3965,24.966],[85.3819,24.9475],[85.3892,24.9411],[85.3889,24.9314],[85.3808,24.9274],[85.3832,24.8983],[85.3696,24.8907],[85.3686,24.8827],[85.3463,24.8873],[85.3378,24.8827],[85.3425,24.8622],[85.3273,24.8554],[85.3276,24.8432],[85.3075,24.8219],[85.3088,24.8081],[85.298,24.7904],[85.2918,24.7836],[85.2806,24.785],[85.2702,24.7504],[85.2975,24.7496],[85.3066,24.7421],[85.3067,24.7286],[85.3243,24.7311],[85.3327,24.7124],[85.3251,24.6926],[85.3269,24.6684],[85.3074,24.6765],[85.296,24.6723],[85.3095,24.6592],[85.3094,24.6502],[85.3259,24.6501],[85.3216,24.6357],[85.3063,24.647],[85.3038,24.6334],[85.3135,24.6201],[85.3109,24.6047],[85.3184,24.6037],[85.3156,24.5888],[85.33,24.581],[85.3184,24.5622],[85.3505,24.5522],[85.3777,24.5535],[85.3975,24.5424],[85.3898,24.5328],[85.3256,24.5248],[85.2951,24.5286],[85.2864,24.5193],[85.289,24.4974],[85.2536,24.4955],[85.231,24.4714],[85.16,24.4643],[85.157,24.456],[85.1659,24.4514],[85.1765,24.4297],[85.1624,24.4182],[85.1222,24.4092],[85.0966,24.3794],[85.0726,24.387],[85.0817,24.4086],[85.0833,24.44],[85.0605,24.4153],[85.0393,24.4255],[84.9976,24.4123],[84.9758,24.3761],[84.9551,24.3719],[84.9326,24.3782],[84.9017,24.3751],[84.9077,24.3822],[84.9054,24.3939],[84.8852,24.4227],[84.8875,24.4628],[84.8747,24.4669],[84.8671,24.4566],[84.8548,24.4659],[84.8417,24.4525],[84.8408,24.4695],[84.8345,24.47],[84.84,24.5114],[84.8268,24.5247],[84.809,24.521],[84.8027,24.5293],[84.7873,24.5047],[84.7494,24.4963],[84.7323,24.4728],[84.7139,24.4722],[84.6863,24.4562],[84.6736,24.431],[84.6752,24.4128],[84.6656,24.3936],[84.6303,24.4038],[84.5892,24.4013],[84.5875,24.4102],[84.5799,24.4122],[84.5665,24.3969],[84.5732,24.3838],[84.5533,24.3735],[84.5289,24.3761],[84.5354,24.3647],[84.5268,24.3457],[84.5329,24.3393],[84.5181,24.317],[84.5106,24.3153],[84.5097,24.2944],[84.5009,24.2869],[84.4916,24.2968],[84.4945,24.3047],[84.486,24.3028],[84.4865,24.3091],[84.5064,24.3239],[84.5082,24.3324],[84.4851,24.3159],[84.4694,24.3174],[84.462,24.3385],[84.4249,24.3312],[84.43,24.3589],[84.4024,24.3675],[84.4073,24.3744],[84.3925,24.379],[84.3897,24.3894],[84.3689,24.3863],[84.3434,24.3955],[84.3455,24.4009],[84.3334,24.4106],[84.3353,24.4218],[84.3226,24.4231],[84.3379,24.4308],[84.3226,24.4471],[84.3008,24.4504],[84.2928,24.4654],[84.3018,24.4803],[84.371,24.5101],[84.3761,24.5163],[84.3734,24.5274],[84.3881,24.5307],[84.3854,24.5426],[84.394,24.5454],[84.3951,24.5672],[84.4046,24.5721],[84.4237,24.5524],[84.4304,24.5723],[84.4387,24.5728],[84.45,24.5321],[84.4686,24.5374],[84.4896,24.514],[84.5205,24.5262],[84.5467,24.5274],[84.5813,24.5638],[84.565,24.5695],[84.5971,24.5972],[84.5943,24.6156],[84.6042,24.6246],[84.5997,24.6305],[84.6038,24.6563],[84.6105,24.6546],[84.6118,24.6604],[84.6365,24.653],[84.6392,24.6642],[84.6449,24.6638],[84.6459,24.6779],[84.6529,24.6754],[84.663,24.6828],[84.6896,24.6781],[84.6989,24.6809],[84.7029,24.6983],[84.7229,24.7008],[84.7267,24.7527],[84.7169,24.766],[84.7335,24.7669],[84.7343,24.7765],[84.7255,24.7831],[84.7259,24.7888],[84.735,24.7901],[84.7332,24.7952],[84.7035,24.8015],[84.6943,24.8321],[84.6751,24.8338],[84.6725,24.8501],[84.6526,24.856],[84.6405,24.8776],[84.6461,24.8824],[84.6655,24.8719],[84.6713,24.876],[84.6711,24.8824],[84.6617,24.8858],[84.6648,24.8901],[84.6818,24.8939],[84.6824,24.9028],[84.7051,24.9039],[84.7098,24.9185],[84.7168,24.9195],[84.7188,24.9344],[84.7118,24.957],[84.7376,24.9592],[84.7304,24.9802],[84.7455,24.9867],[84.7537,25.0142],[84.7272,25.0135],[84.7231,25.025],[84.704,25.0378],[84.7051,25.0461],[84.735,25.0454],[84.7388,25.0546],[84.761,25.0537],[84.7707,25.046],[84.7833,25.0648],[84.7979,25.0617],[84.8152,25.0714],[84.8351,25.0583],[84.9068,25.0648],[84.9103,25.0588],[84.9257,25.0572],[84.9232,25.0389],[84.9109,25.0358],[84.9093,25.0252],[84.923,25.0228],[84.9217,25.0157],[84.9286,25.0144],[84.9349,24.9995],[84.9312,24.9931],[84.9392,24.9867],[84.9573,24.9863],[84.9653,25.0043],[84.9827,25.0011],[84.9942,25.0082],[84.992,25.0243],[85.0187,25.0168],[85.0298,25.032],[85.0426,25.0338],[85.0475,25.0035],[85.0698,25.0026],[85.0731,24.9958],[85.0788,24.9985],[85.0833,24.9903],[85.0912,24.9903],[85.12,25.0298],[85.1264,25.0508],[85.1538,25.0522],[85.1533,25.0667],[85.1849,25.0718]],[[84.5072,24.2632],[84.4989,24.2689],[84.499,24.2829],[84.511,24.2685],[84.5072,24.2632]]]}},{"type":"Feature","properties":{"district_id":"GJ_AMD","district_name":"Ahmedabad","state_name":"Gujarat","zone":"West Coast","centroid_lat":23.0225,"centroid_lon":72.5714,"elevation_m":53,"census_code":474,"census_name":"Ahmadabad","rep_lat":22.71,"rep_lon":72.196,"dist_coast_km":43.3,"geometry_source":"Census 2011 (DataMeet)"},"geometry":{"type":"Polygon","coordinates":[[[72.0346,23.5053],[72.0258,23.4775],[72.0345,23.4601],[72.0452,23.4564],[72.053,23.4436],[72.0983,23.4588],[72.1081,23.4498],[72.125,23.4516],[72.167,23.4406],[72.1876,23.4126],[72.2091,23.4227],[72.2153,23.4342],[72.2348,23.4233],[72.2472,23.4502],[72.2623,23.4601],[72.2821,23.4427],[72.2808,23.4279],[72.2983,23.4134],[72.2876,23.3919],[72.2612,23.3697],[72.2642,23.346],[72.2434,23.3246],[72.2081,23.3082],[72.1985,23.2767],[72.1784,23.2741],[72.1754,23.262],[72.1834,23.2453],[72.1844,23.215],[72.1693,23.1909],[72.1872,23.1436],[72.1631,23.1373],[72.1629,23.1191],[72.1564,23.1131],[72.163,23.1034],[72.1897,23.1046],[72.197,23.1163],[72.222,23.1218],[72.2384,23.1172],[72.2598,23.1042],[72.2597,23.0873],[72.2831,23.0794],[72.2856,23.0543],[72.2938,23.0401],[72.3243,23.0613],[72.306,23.0852],[72.3087,23.0946],[72.3361,23.1073],[72.3513,23.0895],[72.369,23.0894],[72.3824,23.0772],[72.3884,23.0521],[72.3991,23.0552],[72.4058,23.0672],[72.4276,23.065],[72.4319,23.0441],[72.4462,23.0445],[72.449,23.0589],[72.4726,23.064],[72.4729,23.0708],[72.459,23.0819],[72.4779,23.0855],[72.4832,23.0963],[72.4987,23.099],[72.5005,23.1067],[72.4856,23.1341],[72.488,23.1444],[72.5039,23.1433],[72.5104,23.1567],[72.5289,23.1473],[72.5401,23.1643],[72.5473,23.1625],[72.5418,23.1328],[72.5654,23.1328],[72.564,23.1094],[72.5981,23.0948],[72.5998,23.0891],[72.652,23.0974],[72.6711,23.0949],[72.676,23.1047],[72.6909,23.1005],[72.7016,23.1098],[72.7129,23.1064],[72.7205,23.0954],[72.7646,23.0932],[72.7796,23.0811],[72.7671,23.0589],[72.7971,23.0534],[72.7979,23.0427],[72.8145,23.0344],[72.8125,23.0221],[72.828,23.0164],[72.8244,23.0088],[72.8408,22.993],[72.8329,22.9818],[72.8425,22.9801],[72.8433,22.9652],[72.8108,22.942],[72.7915,22.9078],[72.7597,22.904],[72.7261,22.9121],[72.7043,22.8846],[72.6928,22.8796],[72.6776,22.8808],[72.6669,22.8942],[72.6503,22.8971],[72.6327,22.8828],[72.6084,22.8852],[72.6008,22.8671],[72.6091,22.8601],[72.6037,22.8388],[72.6096,22.8146],[72.5978,22.8253],[72.5717,22.8247],[72.5503,22.8066],[72.5236,22.7976],[72.5204,22.7803],[72.5345,22.768],[72.5241,22.7567],[72.5325,22.7467],[72.5279,22.729],[72.5396,22.7106],[72.5239,22.7106],[72.5192,22.701],[72.5428,22.6887],[72.531,22.6822],[72.5318,22.6768],[72.5497,22.6716],[72.5497,22.6645],[72.5336,22.644],[72.5369,22.6256],[72.5098,22.63],[72.5049,22.6082],[72.4702,22.5794],[72.4422,22.5652],[72.4261,22.5718],[72.4249,22.5606],[72.4391,22.5333],[72.4381,22.4998],[72.416,22.4763],[72.3772,22.4718],[72.3755,22.4518],[72.3604,22.4497],[72.3571,22.4396],[72.3713,22.4434],[72.3676,22.4062],[72.3418,22.3854],[72.361,22.3715],[72.3857,22.371],[72.3981,22.3546],[72.3749,22.3288],[72.3619,22.2944],[72.3604,22.2682],[72.356,22.2701],[72.3585,22.2521],[72.334,22.1998],[72.3392,22.1747],[72.3565,22.1484],[72.3504,22.1465],[72.3501,22.1268],[72.3412,22.1246],[72.3396,22.1388],[72.3162,22.1465],[72.3176,22.1807],[72.2943,22.2024],[72.3001,22.186],[72.3126,22.1807],[72.3096,22.1488],[72.3135,22.1371],[72.3235,22.1315],[72.3232,22.1226],[72.3113,22.1115],[72.3154,22.0996],[72.2957,22.0274],[72.2768,22.0001],[72.2665,21.9719],[72.2518,21.9874],[72.2607,22.0193],[72.2451,22.0329],[72.2415,22.0496],[72.2865,22.0743],[72.2979,22.0635],[72.304,22.0721],[72.2952,22.0807],[72.3026,22.089],[72.3001,22.1088],[72.2774,22.0907],[72.2768,22.0982],[72.2654,22.1054],[72.2749,22.0974],[72.2782,22.0804],[72.2332,22.0538],[72.2326,22.0176],[72.2232,22.021],[72.2096,22.0104],[72.196,22.0226],[72.186,22.0196],[72.1821,22.0351],[72.1724,22.0415],[72.181,22.0332],[72.1799,22.019],[72.1971,22.0168],[72.2004,22.0043],[72.2137,21.999],[72.231,22.0076],[72.231,22.0029],[72.2251,22.0056],[72.2274,21.9885],[72.2,21.9853],[72.1691,21.9971],[72.1248,22.0575],[72.0771,22.0608],[72.0584,22.0954],[72.0602,22.1053],[72.0319,22.1236],[72.0191,22.1036],[71.9616,22.1082],[71.9062,22.1248],[71.9014,22.1053],[71.8506,22.0954],[71.8494,22.1092],[71.8366,22.1148],[71.8407,22.131],[71.8112,22.1384],[71.7999,22.131],[71.7745,22.1372],[71.7582,22.1331],[71.7535,22.1447],[71.7399,22.1495],[71.734,22.182],[71.7214,22.1834],[71.717,22.1902],[71.7084,22.1829],[71.6922,22.2002],[71.6742,22.1992],[71.6563,22.2162],[71.6343,22.2022],[71.6209,22.2187],[71.6218,22.2276],[71.6494,22.247],[71.6342,22.2752],[71.6175,22.279],[71.6073,22.3382],[71.6223,22.3443],[71.6199,22.3805],[71.6288,22.3809],[71.6429,22.3994],[71.6647,22.382],[71.7028,22.3962],[71.7156,22.38],[71.7293,22.379],[71.7341,22.3607],[71.7833,22.3613],[71.7798,22.3854],[71.7881,22.3943],[71.8271,22.393],[71.8232,22.3606],[71.8318,22.3558],[71.8536,22.3705],[71.8507,22.3893],[71.8579,22.3976],[71.8906,22.4189],[71.9022,22.4064],[71.9123,22.3769],[71.9157,22.3821],[71.9271,22.3783],[71.9335,22.3808],[71.9333,22.3891],[71.923,22.4494],[71.937,22.4619],[71.9612,22.4694],[71.9573,22.4895],[71.9321,22.4856],[71.9268,22.4773],[71.9068,22.483],[71.9107,22.498],[71.9197,22.4993],[71.9087,22.5172],[71.9216,22.5212],[71.9342,22.5376],[71.9647,22.533],[71.9693,22.5282],[71.9668,22.5092],[72.0103,22.5124],[72.0311,22.5064],[72.0391,22.4831],[72.0508,22.4725],[72.0503,22.4444],[72.0844,22.4372],[72.12,22.4629],[72.1612,22.4795],[72.1465,22.4955],[72.15,22.5006],[72.1428,22.5142],[72.1869,22.5417],[72.1688,22.5696],[72.1163,22.5988],[72.0961,22.6052],[72.0651,22.5939],[72.0611,22.6508],[72.0268,22.6792],[72.0563,22.6936],[72.066,22.6763],[72.0898,22.6756],[72.1064,22.7205],[72.0716,22.7325],[72.0569,22.7474],[72.0597,22.7569],[72.0537,22.7585],[72.0533,22.7684],[72.046,22.7681],[72.0502,22.7829],[72.0363,22.794],[72.044,22.8106],[72.0351,22.8426],[72.0317,22.8011],[72.0238,22.7908],[72.0162,22.7935],[71.9834,22.8555],[71.9851,22.8792],[72.0011,22.9056],[72.0028,22.9234],[71.9891,22.9334],[71.9894,22.9493],[72.0202,22.9921],[72.0089,22.9991],[72.018,23.0193],[72.0158,23.0562],[71.9813,23.0687],[71.9579,23.0483],[71.9618,23.0391],[71.9496,23.0396],[71.9485,23.0663],[71.919,23.0748],[71.9008,23.1105],[71.9062,23.1208],[71.91,23.1809],[71.9277,23.1865],[71.9519,23.2076],[71.9903,23.2157],[71.999,23.2494],[71.9905,23.2556],[71.9734,23.2544],[71.9475,23.2421],[71.928,23.2695],[71.908,23.265],[71.8999,23.2255],[71.8747,23.2275],[71.8824,23.258],[71.8749,23.2786],[71.886,23.3069],[71.8801,23.3156],[71.8855,23.3302],[71.8955,23.3329],[71.8744,23.3835],[71.8865,23.3912],[71.9073,23.3854],[71.9592,23.3934],[71.9714,23.423],[71.9694,23.4669],[71.9974,23.491],[71.9997,23.5037],[72.0346,23.5053]]]}},{"type":"Feature","properties":{"district_id":"GJ_SRT","district_name":"Surat","state_name":"Gujarat","zone":"West Coast","centroid_lat":21.1702,"centroid_lon":72.8311,"elevation_m":13,"census_code":492,"census_name":"Surat","rep_lat":21.2672,"rep_lon":73.0762,"dist_coast_km":31.5,"geometry_source":"Census 2011 (DataMeet)"},"geometry":{"type":"Polygon","coordinates":[[[73.0801,21.5032],[73.1042,21.5049],[73.1031,21.4958],[73.1163,21.4962],[73.121,21.4819],[73.1451,21.4958],[73.1745,21.493],[73.1956,21.504],[73.2416,21.491],[73.2744,21.5055],[73.3069,21.5044],[73.3244,21.4851],[73.3477,21.5103],[73.3885,21.5128],[73.4013,21.5067],[73.4292,21.5214],[73.4529,21.5225],[73.4714,21.5077],[73.4912,21.5118],[73.4795,21.493],[73.4939,21.4862],[73.5561,21.4712],[73.5957,21.4827],[73.6158,21.4708],[73.6547,21.4779],[73.6793,21.4704],[73.6902,21.4487],[73.7004,21.3948],[73.6731,21.3816],[73.618,21.3751],[73.6023,21.3642],[73.5466,21.3604],[73.5374,21.3656],[73.5282,21.3579],[73.5275,21.3467],[73.5133,21.354],[73.51,21.3758],[73.4558,21.3803],[73.4369,21.3403],[73.4418,21.3255],[73.4363,21.3179],[73.4487,21.2942],[73.4427,21.2678],[73.4186,21.2775],[73.4148,21.2716],[73.3673,21.2643],[73.377,21.241],[73.3728,21.2249],[73.3509,21.2147],[73.3391,21.2192],[73.3074,21.1991],[73.2843,21.1927],[73.2888,21.1669],[73.286,21.1538],[73.2723,21.1415],[73.2743,21.1341],[73.2629,21.1315],[73.2564,21.1217],[73.2365,21.1281],[73.2543,21.0924],[73.2417,21.0869],[73.2275,21.0914],[73.2244,21.0787],[73.1981,21.0736],[73.1996,21.0564],[73.21,21.0511],[73.2072,21.0125],[73.2274,21.0088],[73.2411,20.9857],[73.2131,20.9622],[73.2127,20.9548],[73.2571,20.9445],[73.2602,20.9214],[73.2905,20.9294],[73.2956,20.9177],[73.3181,20.9044],[73.3215,20.884],[73.32,20.8789],[73.3116,20.8815],[73.3049,20.8588],[73.3117,20.8431],[73.3054,20.839],[73.3046,20.8191],[73.2963,20.8145],[73.2576,20.8174],[73.2491,20.8234],[73.2495,20.8484],[73.198,20.86],[73.1853,20.8842],[73.1675,20.8999],[73.1256,20.8971],[73.1266,20.9205],[73.094,20.9363],[73.0854,20.9668],[73.072,20.9713],[73.0429,21.0054],[73.0363,21.002],[73.0231,21.0183],[73.0072,21.0224],[73.0183,21.0518],[73.0096,21.0668],[72.993,21.0698],[72.9962,21.0543],[72.9758,21.0603],[72.9651,21.0567],[72.9698,21.0649],[72.9644,21.0697],[72.962,21.0638],[72.9507,21.0644],[72.925,21.0515],[72.9264,21.0429],[72.9188,21.0425],[72.9027,21.0466],[72.8936,21.0616],[72.8893,21.0492],[72.8732,21.0556],[72.8611,21.0381],[72.8445,21.0356],[72.8359,21.0381],[72.8449,21.048],[72.8273,21.0577],[72.8161,21.0535],[72.8003,21.0748],[72.7756,21.0627],[72.715,21.0693],[72.6977,21.0614],[72.6939,21.0656],[72.7063,21.0775],[72.7001,21.101],[72.7065,21.1274],[72.7207,21.1432],[72.6813,21.1585],[72.6671,21.1554],[72.6618,21.1476],[72.659,21.0879],[72.6518,21.0771],[72.6326,21.0812],[72.6246,21.0918],[72.6274,21.1199],[72.6176,21.1635],[72.6185,21.206],[72.624,21.2121],[72.6185,21.2226],[72.6468,21.2174],[72.6532,21.2268],[72.6465,21.2196],[72.6221,21.2335],[72.6096,21.2299],[72.5971,21.2501],[72.5965,21.2718],[72.6049,21.2774],[72.5874,21.2757],[72.5893,21.2824],[72.5985,21.2799],[72.5888,21.2846],[72.589,21.2985],[72.6235,21.3549],[72.6354,21.3624],[72.636,21.3715],[72.6479,21.3724],[72.6435,21.3585],[72.6485,21.3654],[72.6488,21.3743],[72.6396,21.376],[72.6313,21.3651],[72.6232,21.3651],[72.6254,21.3815],[72.6649,21.4274],[72.6801,21.4338],[72.6973,21.4599],[72.7388,21.47],[72.7671,21.4467],[72.7811,21.4573],[72.7893,21.4442],[72.7866,21.4234],[72.7934,21.4202],[72.8201,21.4209],[72.8374,21.4458],[72.8543,21.4499],[72.87,21.4447],[72.8719,21.4522],[72.8792,21.4469],[72.8692,21.4351],[72.8723,21.4318],[72.884,21.4403],[72.906,21.4284],[72.9246,21.4649],[72.9529,21.4805],[72.9426,21.5106],[72.9846,21.5195],[72.9893,21.5368],[73.0102,21.5214],[73.0192,21.5226],[73.0189,21.4905],[73.0265,21.4801],[73.0373,21.4818],[73.042,21.4755],[73.0535,21.4807],[73.0562,21.5012],[73.039,21.5323],[73.0466,21.5363],[73.0556,21.5647],[73.069,21.5594],[73.0802,21.5407],[73.0801,21.5032]],[[72.6765,21.1557],[72.7104,21.1407],[72.6968,21.1187],[72.6988,21.1082],[72.689,21.0899],[72.6757,21.1051],[72.6651,21.1421],[72.6654,21.1493],[72.6765,21.1557]]]}},{"type":"Feature","properties":{"district_id":"GJ_KCH","district_name":"Kutch (Bhuj)","state_name":"Gujarat","zone":"Northwest","centroid_lat":23.242,"centroid_lon":69.6669,"elevation_m":110,"census_code":468,"census_name":"Kachchh","rep_lat":23.6236,"rep_lon":70.0354,"dist_coast_km":70.4,"geometry_source":"Census 2011 (DataMeet)"},"geometry":{"type":"Polygon","coordinates":[[[71.3074,24.5547],[71.2665,24.5455],[71.2596,24.512],[71.3493,24.5177],[71.3513,24.4994],[71.3402,24.486],[71.3469,24.4741],[71.3287,24.4434],[71.3513,24.4329],[71.3436,24.4331],[71.3432,24.4224],[71.3317,24.4135],[71.3304,24.3953],[71.3562,24.3899],[71.3824,24.3933],[71.3951,24.3492],[71.3869,24.347],[71.391,24.3393],[71.3772,24.3319],[71.3218,24.3218],[71.3059,24.3038],[71.3121,24.2548],[71.2896,24.2606],[71.3149,24.2416],[71.2991,24.236],[71.3124,24.2297],[71.3243,24.2026],[71.3331,24.2019],[71.3386,24.1825],[71.3487,24.1895],[71.3717,24.1899],[71.3679,24.175],[71.3356,24.1647],[71.3395,24.158],[71.3231,24.1483],[71.2899,24.1757],[71.2828,24.175],[71.2763,24.1618],[71.29,24.1525],[71.2788,24.1338],[71.315,24.1343],[71.3189,24.1246],[71.3366,24.1333],[71.3434,24.1188],[71.3439,24.1105],[71.3298,24.1023],[71.3164,24.0696],[71.3176,24.0582],[71.3277,24.0494],[71.2862,23.9984],[71.2918,23.988],[71.3102,23.9877],[71.3161,23.9816],[71.2971,23.9648],[71.3029,23.9504],[71.2898,23.9467],[71.2991,23.9324],[71.295,23.9267],[71.2735,23.9334],[71.2719,23.9232],[71.2645,23.9215],[71.2527,23.931],[71.2504,23.92],[71.2396,23.9177],[71.2259,23.9299],[71.2118,23.9305],[71.1918,23.9193],[71.1768,23.9245],[71.1542,23.9126],[71.1001,23.9008],[71.062,23.8356],[71.0687,23.8237],[71.0613,23.8031],[71.0502,23.807],[71.0429,23.7982],[71.0468,23.7876],[71.0568,23.7827],[71.0544,23.7557],[71.0707,23.7304],[71.0591,23.7087],[71.069,23.6897],[71.0668,23.6827],[71.0416,23.6718],[71.0337,23.6488],[71.0484,23.6228],[71.0849,23.5991],[71.0903,23.6215],[71.1062,23.6162],[71.1393,23.6289],[71.1367,23.6606],[71.1782,23.7106],[71.1623,23.7191],[71.1532,23.7124],[71.1467,23.7301],[71.1691,23.7274],[71.174,23.7394],[71.2144,23.7282],[71.2241,23.713],[71.2169,23.682],[71.2283,23.6572],[71.3034,23.6466],[71.3517,23.6561],[71.3778,23.6498],[71.3935,23.6039],[71.4218,23.6277],[71.4257,23.6028],[71.4178,23.5761],[71.4219,23.5673],[71.4701,23.5574],[71.4492,23.539],[71.4484,23.4721],[71.4905,23.5],[71.5179,23.5283],[71.5203,23.5098],[71.5086,23.4755],[71.5326,23.4815],[71.5314,23.4666],[71.5637,23.4663],[71.5864,23.4525],[71.5969,23.4315],[71.5844,23.3948],[71.5845,23.363],[71.5976,23.3565],[71.6098,23.362],[71.6247,23.3575],[71.6448,23.3323],[71.6335,23.3081],[71.6485,23.2911],[71.6692,23.2937],[71.6652,23.2839],[71.635,23.2602],[71.6181,23.2295],[71.626,23.2045],[71.6458,23.1836],[71.6762,23.1725],[71.6843,23.172],[71.7004,23.1854],[71.7144,23.177],[71.7098,23.1504],[71.6609,23.1626],[71.6425,23.1741],[71.6209,23.1622],[71.6249,23.145],[71.5938,23.1374],[71.5338,23.1659],[71.4527,23.145],[71.3926,23.1545],[71.3725,23.1622],[71.3592,23.1789],[71.3488,23.1781],[71.3358,23.1666],[71.3334,23.1761],[71.3178,23.1877],[71.3123,23.1688],[71.2995,23.1836],[71.2889,23.1728],[71.2805,23.1725],[71.2838,23.1547],[71.2689,23.1607],[71.2213,23.1482],[71.2145,23.1493],[71.2099,23.1757],[71.1932,23.1908],[71.1591,23.1815],[71.1561,23.1991],[71.1384,23.209],[71.1073,23.2015],[71.0698,23.1754],[70.986,23.1736],[70.9779,23.1615],[70.9624,23.1562],[70.9619,23.1737],[70.956,23.173],[70.949,23.1566],[70.9576,23.1465],[70.9521,23.1433],[70.9638,23.1364],[70.9516,23.1385],[70.9452,23.1313],[70.9399,23.1386],[70.9296,23.1359],[70.9403,23.1522],[70.929,23.16],[70.8901,23.1592],[70.8883,23.1412],[70.8974,23.1414],[70.9013,23.1329],[70.8829,23.1335],[70.875,23.121],[70.8749,23.1374],[70.8251,23.155],[70.8495,23.1397],[70.8563,23.1284],[70.8409,23.1164],[70.8397,23.1083],[70.8335,23.11],[70.8352,23.0979],[70.8243,23.0788],[70.8234,23.1095],[70.831,23.1258],[70.8151,23.1357],[70.8166,23.1616],[70.796,23.1584],[70.786,23.1499],[70.79,23.1643],[70.7782,23.159],[70.7715,23.1675],[70.7644,23.1665],[70.7587,23.1606],[70.7641,23.1479],[70.756,23.1395],[70.7399,23.1424],[70.6857,23.1142],[70.6334,23.0761],[70.6258,23.0612],[70.5989,23.06],[70.5947,23.0562],[70.6006,23.0352],[70.5635,23.0312],[70.554,23.0182],[70.5407,22.9593],[70.5046,22.962],[70.4763,22.9732],[70.4593,22.966],[70.4385,22.9674],[70.4426,22.9751],[70.4376,22.9751],[70.456,22.9871],[70.4754,23.0215],[70.4935,23.074],[70.4849,23.0774],[70.476,23.0696],[70.4374,23.0624],[70.3962,23.0254],[70.3938,23.0015],[70.3826,22.9979],[70.3946,22.9954],[70.3935,22.9632],[70.3871,22.9488],[70.3507,22.931],[70.3101,22.9415],[70.3074,22.9513],[70.291,22.9449],[70.2793,22.9488],[70.2376,22.9796],[70.2293,22.9771],[70.2271,22.966],[70.2062,22.9801],[70.1994,22.993],[70.2007,22.9815],[70.2251,22.9601],[70.2087,22.9518],[70.1735,22.9507],[70.1618,22.9426],[70.1199,22.9646],[70.134,22.9849],[70.129,22.9921],[70.1413,23.0126],[70.1121,22.9715],[70.111,22.9601],[70.1265,22.9465],[70.111,22.9526],[70.1013,22.9418],[70.091,22.9526],[70.0999,22.9382],[70.1113,22.9496],[70.139,22.9413],[70.1321,22.9246],[70.106,22.909],[70.0546,22.9043],[70.0326,22.8954],[70.024,22.9015],[69.996,22.9029],[69.9371,22.8932],[69.934,22.8851],[69.9057,22.8663],[69.8668,22.8729],[69.8574,22.8696],[69.8621,22.8585],[69.8538,22.8682],[69.8125,22.85],[69.8016,22.8506],[69.7524,22.8196],[69.7446,22.8035],[69.7468,22.7938],[69.7201,22.7624],[69.714,22.7515],[69.7162,22.7413],[69.7035,22.7279],[69.706,22.7404],[69.6735,22.7571],[69.6624,22.7568],[69.6668,22.7774],[69.6593,22.7565],[69.6429,22.766],[69.6338,22.7954],[69.6413,22.7665],[69.6093,22.7671],[69.6159,22.7572],[69.6014,22.7577],[69.5632,22.7737],[69.5526,22.7857],[69.5551,22.7924],[69.5482,22.7794],[69.5328,22.7859],[69.4846,22.7879],[69.4965,22.7806],[69.4696,22.7737],[69.446,22.7776],[69.3907,22.8137],[69.3613,22.8226],[69.3521,22.8176],[69.3557,22.8288],[69.3485,22.8204],[69.3143,22.8326],[69.2668,22.824],[69.2307,22.8346],[69.2285,22.8424],[69.2232,22.836],[69.1907,22.8412],[69.0446,22.9296],[68.9704,22.9638],[68.901,23.011],[68.9037,23.0054],[68.8996,23.0068],[68.836,23.0435],[68.8165,23.0568],[68.8235,23.0549],[68.8143,23.0593],[68.8146,23.0674],[68.8082,23.0607],[68.7593,23.0804],[68.7135,23.1185],[68.6529,23.1546],[68.6307,23.1737],[68.6335,23.1776],[68.6557,23.1535],[68.6815,23.1421],[68.656,23.1551],[68.639,23.1821],[68.6265,23.1857],[68.5849,23.2224],[68.5854,23.2346],[68.599,23.2404],[68.6013,23.2185],[68.6307,23.2132],[68.6287,23.2176],[68.6399,23.2224],[68.624,23.2207],[68.6238,23.2263],[68.619,23.2199],[68.6038,23.2429],[68.6404,23.2446],[68.6479,23.2576],[68.6718,23.2701],[68.6407,23.2665],[68.6296,23.2951],[68.6843,23.3004],[68.6948,23.3099],[68.6588,23.3035],[68.6607,23.3199],[68.6679,23.3254],[68.6588,23.3229],[68.6568,23.3032],[68.6501,23.3043],[68.6446,23.3226],[68.6357,23.3165],[68.6326,23.324],[68.6376,23.3313],[68.6246,23.339],[68.6271,23.3468],[68.6349,23.3393],[68.6332,23.3521],[68.6229,23.3504],[68.6129,23.3618],[68.6196,23.3654],[68.6001,23.3846],[68.5963,23.379],[68.6032,23.3593],[68.581,23.3899],[68.5682,23.3882],[68.5801,23.379],[68.5707,23.3751],[68.5571,23.3896],[68.5646,23.4001],[68.5604,23.4193],[68.5521,23.4151],[68.5437,23.4204],[68.5501,23.4232],[68.5357,23.4213],[68.5326,23.4335],[68.541,23.4257],[68.516,23.4754],[68.5124,23.4679],[68.5174,23.4682],[68.5185,23.4554],[68.5249,23.4554],[68.5232,23.4465],[68.5024,23.4654],[68.5121,23.466],[68.5115,23.4738],[68.5004,23.476],[68.5024,23.4918],[68.5129,23.4849],[68.519,23.489],[68.499,23.494],[68.5038,23.506],[68.5001,23.4985],[68.4918,23.501],[68.499,23.5151],[68.484,23.5482],[68.4974,23.5474],[68.4874,23.5779],[68.4865,23.596],[68.4949,23.6076],[68.489,23.6354],[68.499,23.6443],[68.5007,23.6571],[68.5174,23.6607],[68.5232,23.6513],[68.539,23.6624],[68.5201,23.6546],[68.5249,23.6907],[68.5357,23.6893],[68.5463,23.6968],[68.5585,23.7193],[68.5713,23.7249],[68.5776,23.7201],[68.5799,23.7285],[68.5954,23.7301],[68.6035,23.7488],[68.6326,23.7579],[68.6507,23.7938],[68.6663,23.8085],[68.6779,23.8076],[68.6774,23.8143],[68.6874,23.8218],[68.7185,23.826],[68.7426,23.8371],[68.7426,23.8438],[68.7232,23.831],[68.7371,23.8432],[68.7251,23.8479],[68.7613,23.8754],[68.7162,23.8574],[68.6601,23.8585],[68.666,23.8521],[68.6449,23.8463],[68.6468,23.8396],[68.6374,23.836],[68.6049,23.8382],[68.6001,23.8454],[68.6038,23.8501],[68.6001,23.8396],[68.5882,23.8365],[68.5746,23.8213],[68.5335,23.756],[68.5251,23.759],[68.5263,23.7735],[68.5154,23.7854],[68.5374,23.8151],[68.526,23.8021],[68.5226,23.8177],[68.5149,23.824],[68.5468,23.836],[68.5729,23.881],[68.6135,23.9032],[68.6385,23.8949],[68.6632,23.9174],[68.6596,23.9218],[68.6382,23.9032],[68.6199,23.9065],[68.6224,23.9274],[68.6143,23.9226],[68.6093,23.9338],[68.596,23.9418],[68.5874,23.9407],[68.5885,23.9224],[68.5587,23.924],[68.5593,23.9318],[68.5437,23.9351],[68.5374,23.9468],[68.545,23.9673],[68.7526,23.9674],[68.7696,24.2726],[68.7692,24.2848],[68.7617,24.2921],[68.7706,24.2982],[68.8275,24.3168],[68.8424,24.2808],[68.851,24.2211],[68.8679,24.2119],[68.8784,24.2149],[68.8846,24.2252],[68.9027,24.2746],[68.9432,24.3021],[68.9691,24.2717],[68.9821,24.2334],[69.0052,24.2232],[69.092,24.2723],[69.1928,24.2379],[69.3086,24.2807],[69.3751,24.2704],[69.4431,24.28],[69.4844,24.2678],[69.5879,24.2913],[69.7301,24.1718],[70.0165,24.1699],[70.0656,24.1981],[70.1093,24.2946],[70.246,24.3246],[70.304,24.3481],[70.3724,24.3537],[70.4252,24.3801],[70.5736,24.4217],[70.6,24.4082],[70.58,24.3664],[70.5599,24.3524],[70.582,24.2781],[70.5761,24.2522],[70.6696,24.2203],[70.722,24.2165],[70.7829,24.2212],[70.8339,24.2288],[70.8549,24.2445],[70.879,24.2464],[70.9047,24.2595],[70.9072,24.2633],[70.8779,24.2754],[70.874,24.2973],[70.949,24.3525],[70.9879,24.3667],[71.0025,24.3529],[71.0368,24.3533],[71.0561,24.3615],[71.0781,24.3873],[71.1121,24.3965],[71.1218,24.4075],[71.1242,24.4195],[71.109,24.4368],[71.0284,24.4362],[70.9973,24.4484],[71.0053,24.5289],[70.9882,24.5476],[70.9935,24.5763],[70.9887,24.591],[70.9907,24.6055],[71.0107,24.6367],[71.0512,24.6525],[71.0978,24.6866],[71.11,24.6745],[71.1375,24.6638],[71.2889,24.6128],[71.2955,24.5963],[71.3135,24.588],[71.3074,24.5547]],[[68.3585,23.8051],[68.3979,23.7849],[68.4262,23.7949],[68.4182,23.7626],[68.3993,23.751],[68.4174,23.7604],[68.4185,23.7243],[68.3904,23.6543],[68.3754,23.6432],[68.3896,23.686],[68.3746,23.6393],[68.3479,23.616],[68.3512,23.6049],[68.3468,23.5982],[68.3304,23.589],[68.3146,23.5899],[68.3149,23.5832],[68.3085,23.5829],[68.3043,23.5965],[68.2996,23.5879],[68.3076,23.584],[68.2949,23.5788],[68.2807,23.5824],[68.2743,23.5918],[68.279,23.5971],[68.2801,23.5888],[68.2832,23.6007],[68.2926,23.6001],[68.2729,23.6179],[68.2779,23.6313],[68.3046,23.6301],[68.3132,23.6224],[68.3068,23.6307],[68.2771,23.6326],[68.2671,23.6201],[68.2696,23.6099],[68.264,23.6024],[68.2421,23.6063],[68.2399,23.5999],[68.2562,23.5957],[68.2501,23.5907],[68.2368,23.5957],[68.2332,23.5871],[68.2213,23.5899],[68.226,23.6068],[68.2054,23.6021],[68.2035,23.5946],[68.1971,23.5971],[68.1862,23.6243],[68.2046,23.6476],[68.2101,23.6404],[68.2232,23.6471],[68.2337,23.6413],[68.256,23.6451],[68.2601,23.6399],[68.2582,23.6449],[68.3118,23.6501],[68.2804,23.6521],[68.2312,23.6435],[68.2696,23.6496],[68.2821,23.6707],[68.3063,23.6812],[68.2974,23.684],[68.3185,23.7182],[68.3296,23.7238],[68.334,23.711],[68.3304,23.7224],[68.3393,23.7426],[68.3499,23.7318],[68.3471,23.741],[68.3518,23.7429],[68.341,23.7449],[68.3432,23.7524],[68.3349,23.7588],[68.3487,23.7815],[68.3504,23.8007],[68.3585,23.8051]],[[68.3585,23.975],[68.3752,23.9675],[68.434,23.9673],[68.4326,23.9599],[68.409,23.9243],[68.3871,23.9143],[68.3771,23.9151],[68.3763,23.9204],[68.3765,23.9149],[68.3465,23.904],[68.3424,23.8899],[68.3487,23.8651],[68.3362,23.8388],[68.3374,23.819],[68.321,23.8071],[68.3146,23.824],[68.3037,23.8246],[68.2888,23.8174],[68.2957,23.8043],[68.2743,23.7974],[68.2704,23.7857],[68.2657,23.7929],[68.2699,23.7818],[68.2621,23.7601],[68.266,23.7463],[68.254,23.7188],[68.2668,23.6918],[68.256,23.6796],[68.2385,23.681],[68.2268,23.6901],[68.2293,23.7029],[68.2199,23.6996],[68.2076,23.7068],[68.1926,23.731],[68.2118,23.7635],[68.2196,23.7549],[68.2246,23.7718],[68.2343,23.7749],[68.2326,23.7821],[68.2243,23.7735],[68.2179,23.7813],[68.2093,23.811],[68.2129,23.8346],[68.2346,23.836],[68.2454,23.8538],[68.2571,23.8446],[68.2604,23.8249],[68.261,23.8374],[68.2774,23.8343],[68.2874,23.8393],[68.2635,23.8379],[68.2496,23.8487],[68.2579,23.8707],[68.2804,23.8679],[68.2932,23.8729],[68.3051,23.8657],[68.3176,23.8804],[68.3096,23.879],[68.3024,23.8671],[68.2932,23.8751],[68.2818,23.8701],[68.259,23.8751],[68.2613,23.8865],[68.2785,23.9024],[68.2771,23.9149],[68.2835,23.9204],[68.3249,23.9143],[68.3382,23.9204],[68.346,23.9326],[68.3462,23.9604],[68.3585,23.975]],[[68.4437,23.9683],[68.4976,23.9675],[68.4996,23.9487],[68.519,23.9382],[68.5057,23.9418],[68.5185,23.9357],[68.5185,23.9243],[68.5099,23.9232],[68.5046,23.9085],[68.4879,23.9015],[68.4804,23.8904],[68.4674,23.8946],[68.4796,23.889],[68.4724,23.8621],[68.4435,23.8485],[68.4324,23.8521],[68.4282,23.8618],[68.4532,23.8799],[68.4504,23.8935],[68.4582,23.9146],[68.4543,23.9121],[68.4512,23.9199],[68.4629,23.9318],[68.4488,23.9401],[68.4282,23.9365],[68.4415,23.9626],[68.449,23.9596],[68.4437,23.9683]],[[68.3957,23.8782],[68.4207,23.8685],[68.4287,23.846],[68.4393,23.839],[68.4265,23.8104],[68.4179,23.8051],[68.4101,23.809],[68.4115,23.821],[68.4065,23.8118],[68.416,23.8021],[68.4054,23.7932],[68.3918,23.809],[68.3899,23.8321],[68.3796,23.8382],[68.3893,23.8304],[68.3901,23.8096],[68.4015,23.7904],[68.3788,23.7954],[68.3696,23.8096],[68.3551,23.811],[68.3385,23.801],[68.3301,23.7874],[68.3251,23.7979],[68.3474,23.8196],[68.3443,23.8393],[68.3771,23.8579],[68.3779,23.8743],[68.3957,23.8782]],[[68.4965,23.831],[68.5199,23.8179],[68.5229,23.8024],[68.5124,23.7887],[68.4985,23.7946],[68.5224,23.7754],[68.5168,23.7546],[68.5101,23.751],[68.4896,23.7596],[68.5074,23.7485],[68.4876,23.7371],[68.4882,23.7485],[68.4715,23.7551],[68.4654,23.7754],[68.464,23.7663],[68.4785,23.7476],[68.4768,23.7407],[68.4374,23.7393],[68.4565,23.774],[68.4479,23.8065],[68.4554,23.8074],[68.4582,23.8177],[68.4965,23.831]],[[68.4493,23.9385],[68.4587,23.9307],[68.444,23.9193],[68.4518,23.916],[68.4443,23.9132],[68.4515,23.9135],[68.4504,23.9054],[68.4429,23.9082],[68.4504,23.9046],[68.4468,23.8988],[68.4521,23.8818],[68.4437,23.8785],[68.4421,23.8704],[68.426,23.8646],[68.4196,23.871],[68.4207,23.8771],[68.4107,23.8854],[68.429,23.8946],[68.4224,23.8949],[68.4085,23.8851],[68.4171,23.8724],[68.3935,23.8804],[68.3774,23.8765],[68.3724,23.8596],[68.3499,23.8463],[68.3565,23.8632],[68.356,23.8901],[68.3676,23.8907],[68.3585,23.894],[68.3532,23.8837],[68.3529,23.9007],[68.4051,23.9124],[68.4201,23.921],[68.4274,23.9335],[68.4493,23.9385]],[[68.3079,23.8237],[68.3224,23.8049],[68.3138,23.7868],[68.3243,23.7343],[68.2913,23.7276],[68.2862,23.7337],[68.2946,23.7413],[68.2857,23.7546],[68.2932,23.7404],[68.2849,23.7321],[68.2946,23.7232],[68.2832,23.7099],[68.2721,23.7076],[68.274,23.7013],[68.2574,23.716],[68.266,23.7296],[68.2676,23.7724],[68.2754,23.7951],[68.2982,23.8038],[68.2901,23.8168],[68.3079,23.8237]],[[68.5354,23.946],[68.5424,23.9338],[68.5582,23.931],[68.5585,23.9232],[68.5826,23.9229],[68.5888,23.9168],[68.5671,23.9035],[68.5468,23.8729],[68.5371,23.8674],[68.5326,23.8763],[68.5221,23.8563],[68.5171,23.8565],[68.5004,23.8665],[68.5021,23.8754],[68.491,23.8663],[68.486,23.8899],[68.5121,23.9032],[68.5257,23.8926],[68.514,23.9046],[68.5318,23.9235],[68.5376,23.9176],[68.5254,23.9401],[68.5354,23.946]],[[68.4729,23.4804],[68.4854,23.4754],[68.4949,23.456],[68.4846,23.4032],[68.4635,23.4071],[68.4665,23.4118],[68.4582,23.4179],[68.4646,23.4212],[68.4587,23.434],[68.4676,23.4421],[68.4604,23.444],[68.4618,23.4535],[68.4707,23.4532],[68.4746,23.4599],[68.4401,23.4449],[68.4304,23.4313],[68.4182,23.4399],[68.429,23.4315],[68.4213,23.4201],[68.4121,23.4435],[68.4249,23.4476],[68.4349,23.4404],[68.4326,23.4501],[68.4526,23.461],[68.4449,23.4618],[68.4451,23.4679],[68.4601,23.4685],[68.4571,23.4788],[68.4729,23.4804]],[[68.5582,23.3138],[68.574,23.2943],[68.5724,23.3038],[68.5882,23.2954],[68.5821,23.3101],[68.6121,23.2965],[68.6074,23.2949],[68.6149,23.2715],[68.6062,23.2735],[68.6024,23.2682],[68.5999,23.2729],[68.5724,23.261],[68.5843,23.2537],[68.5729,23.2513],[68.574,23.2451],[68.541,23.2657],[68.541,23.2851],[68.5563,23.274],[68.5679,23.2812],[68.5532,23.2968],[68.5582,23.3138]],[[68.4851,23.5926],[68.4812,23.5613],[68.4735,23.5629],[68.4682,23.5529],[68.4618,23.554],[68.446,23.5401],[68.4304,23.5077],[68.4354,23.5571],[68.4482,23.5657],[68.4532,23.5613],[68.4557,23.5724],[68.4729,23.5782],[68.4624,23.5815],[68.4685,23.5921],[68.4796,23.5899],[68.4804,23.5968],[68.4851,23.5926]],[[68.5718,23.3737],[68.5863,23.3735],[68.5879,23.3685],[68.5896,23.374],[68.5979,23.364],[68.5949,23.359],[68.6101,23.3518],[68.6087,23.3643],[68.6185,23.3529],[68.619,23.329],[68.5999,23.3457],[68.6065,23.3318],[68.584,23.3535],[68.5785,23.3515],[68.5793,23.3601],[68.5679,23.3721],[68.5718,23.3737]],[[68.2482,23.8804],[68.2549,23.8751],[68.2518,23.8624],[68.234,23.8429],[68.216,23.8476],[68.216,23.8668],[68.2482,23.8804]],[[70.4485,23.0521],[70.4343,23.0137],[70.4138,22.9899],[70.4146,23.0193],[70.4485,23.0521]],[[68.4563,23.6249],[68.466,23.6215],[68.4665,23.601],[68.4518,23.6029],[68.4404,23.5865],[68.4346,23.6163],[68.4563,23.6249]],[[68.506,23.3424],[68.5276,23.3371],[68.5263,23.329],[68.5376,23.3185],[68.5193,23.3171],[68.5024,23.3238],[68.506,23.3424]],[[68.4846,23.6279],[68.4832,23.6215],[68.4904,23.6243],[68.491,23.6043],[68.4788,23.6065],[68.4799,23.591],[68.4682,23.5926],[68.4696,23.6163],[68.4846,23.6279]],[[68.5435,23.4038],[68.554,23.399],[68.5563,23.379],[68.5674,23.376],[68.5557,23.3604],[68.5501,23.3713],[68.5607,23.3754],[68.554,23.3771],[68.5462,23.3968],[68.5437,23.3882],[68.5413,23.4013],[68.5335,23.3896],[68.5282,23.3907],[68.5371,23.4049],[68.5435,23.4038]],[[68.5885,23.319],[68.6079,23.3099],[68.6093,23.3168],[68.6188,23.2993],[68.5985,23.3021],[68.5829,23.3151],[68.5885,23.319]],[[70.4824,23.0654],[70.4463,23.0251],[70.4582,23.0499],[70.4824,23.0654]],[[68.5068,23.4565],[68.5251,23.4432],[68.5257,23.4363],[68.5135,23.4479],[68.521,23.4371],[68.5171,23.4421],[68.5157,23.4335],[68.5099,23.4388],[68.5115,23.4304],[68.5029,23.4293],[68.5068,23.4565]],[[68.4585,23.6004],[68.4676,23.5918],[68.4621,23.5768],[68.4512,23.5732],[68.4443,23.5782],[68.4532,23.5779],[68.4571,23.5876],[68.4524,23.5954],[68.4585,23.6004]],[[68.4793,23.5554],[68.4763,23.5393],[68.4532,23.5287],[68.4618,23.5338],[68.4535,23.5368],[68.4574,23.5426],[68.4793,23.5554]],[[68.4674,23.7399],[68.4876,23.729],[68.4593,23.7249],[68.4571,23.7337],[68.4674,23.7399]],[[70.4415,23.0496],[70.4146,23.0226],[70.429,23.0465],[70.4415,23.0496]],[[68.4671,23.4976],[68.4729,23.491],[68.4713,23.4804],[68.4596,23.4796],[68.4671,23.4976]],[[68.4818,23.5007],[68.4868,23.486],[68.4796,23.4779],[68.4737,23.4818],[68.4846,23.4851],[68.4843,23.4907],[68.4749,23.4865],[68.4729,23.494],[68.4815,23.4915],[68.4818,23.5007]],[[68.2165,23.7793],[68.224,23.764],[68.2176,23.7557],[68.2165,23.7793]],[[70.4551,22.9957],[70.451,22.986],[70.4326,22.9788],[70.4551,22.9957]],[[68.4987,23.4893],[68.496,23.4774],[68.4871,23.4735],[68.4821,23.4779],[68.4987,23.4893]],[[69.6385,22.7649],[69.6671,22.7518],[69.6318,22.7604],[69.6385,22.7649]],[[68.6051,23.8096],[68.6018,23.7962],[68.5951,23.7968],[68.5935,23.8035],[68.6051,23.8096]],[[68.6349,23.3138],[68.6426,23.314],[68.6462,23.3074],[68.6335,23.3076],[68.6349,23.3138]]]}},{"type":"Feature","properties":{"district_id":"AS_GHY","district_name":"Kamrup (Guwahati)","state_name":"Assam","zone":"Northeast","centroid_lat":26.1445,"centroid_lon":91.7362,"elevation_m":55,"census_code":322,"census_name":"Kamrup Metropolitan","rep_lat":26.111,"rep_lon":91.8073,"dist_coast_km":303.2,"geometry_source":"Census 2011 (DataMeet)"},"geometry":{"type":"Polygon","coordinates":[[[91.9603,26.2437],[91.962,26.2277],[91.9999,26.2044],[92.0264,26.2005],[92.0345,26.2077],[92.046,26.1993],[92.0485,26.2134],[92.0634,26.1972],[92.0797,26.1951],[92.0839,26.1856],[92.0945,26.1878],[92.0839,26.1776],[92.1109,26.1711],[92.132,26.1784],[92.1495,26.1625],[92.1586,26.1671],[92.1704,26.1634],[92.1651,26.1482],[92.1743,26.101],[92.1703,26.0917],[92.1804,26.0779],[92.1568,26.0665],[92.1352,26.0443],[92.0955,26.047],[92.055,26.0313],[92.0369,26.0382],[91.9933,26.0396],[91.9804,26.0244],[91.9362,26.0133],[91.9244,25.9982],[91.9193,26.0201],[91.8856,26.0287],[91.8726,26.0509],[91.8783,26.0964],[91.8219,26.1175],[91.7929,26.0858],[91.7811,26.0901],[91.762,26.0701],[91.7338,26.0581],[91.7257,26.0292],[91.7226,25.9529],[91.7034,25.9408],[91.6717,25.9043],[91.6539,25.9066],[91.6137,25.9389],[91.6135,25.9435],[91.6326,25.9436],[91.6405,25.9638],[91.6273,25.9848],[91.6356,26.0038],[91.6348,26.0214],[91.6229,26.026],[91.5997,26.016],[91.5908,26.0291],[91.5785,26.0321],[91.5539,25.9739],[91.5399,25.9674],[91.5398,25.9611],[91.5212,25.9572],[91.5224,25.9399],[91.5043,25.9198],[91.5082,25.9121],[91.5385,25.933],[91.5339,25.9228],[91.5111,25.9088],[91.5059,25.8912],[91.4912,25.8939],[91.4786,25.8771],[91.48,25.8678],[91.4963,25.8646],[91.5161,25.87],[91.5284,25.8891],[91.5352,25.8831],[91.5153,25.8656],[91.4723,25.8578],[91.4764,25.8906],[91.4666,25.9415],[91.4751,25.9899],[91.4529,26.0321],[91.4553,26.0447],[91.4802,26.0513],[91.5057,26.0267],[91.524,26.0303],[91.5455,26.1383],[91.5654,26.1423],[91.5901,26.1269],[91.6007,26.1108],[91.6207,26.1067],[91.6349,26.1138],[91.6449,26.1289],[91.671,26.1389],[91.6907,26.167],[91.7471,26.1944],[91.8925,26.2189],[91.9152,26.2334],[91.917,26.2405],[91.9267,26.2458],[91.9351,26.2414],[91.956,26.2537],[91.9603,26.2437]]]}},{"type":"Feature","properties":{"district_id":"ML_SHL","district_name":"East Khasi Hills (Cherrapunji/Shillong)","state_name":"Meghalaya","zone":"Northeast","centroid_lat":25.2986,"centroid_lon":91.5822,"elevation_m":1484,"census_code":298,"census_name":"East Khasi Hills","rep_lat":25.3804,"rep_lon":91.8007,"dist_coast_km":230.5,"geometry_source":"Census 2011 (DataMeet)"},"geometry":{"type":"Polygon","coordinates":[[[92.0198,25.1868],[91.9987,25.184],[91.9862,25.171],[91.9501,25.1827],[91.8623,25.1744],[91.8442,25.1781],[91.7749,25.1665],[91.7497,25.1711],[91.747,25.148],[91.7078,25.1562],[91.6972,25.1398],[91.645,25.1237],[91.6311,25.1302],[91.6216,25.1461],[91.604,25.1464],[91.6046,25.1661],[91.6113,25.1717],[91.6059,25.1731],[91.5826,25.1696],[91.5505,25.1484],[91.5108,25.1445],[91.4961,25.1341],[91.4739,25.1356],[91.4663,25.1506],[91.449,25.1492],[91.4169,25.1719],[91.4069,25.1656],[91.3827,25.1763],[91.3567,25.2286],[91.374,25.2422],[91.3884,25.239],[91.4056,25.2631],[91.4257,25.2614],[91.4412,25.2724],[91.4704,25.2707],[91.4818,25.2629],[91.4988,25.2828],[91.5466,25.2789],[91.5554,25.3042],[91.5527,25.3297],[91.5273,25.3484],[91.5421,25.3733],[91.5494,25.4188],[91.5589,25.4284],[91.5591,25.4523],[91.5447,25.5106],[91.5847,25.5202],[91.6179,25.5411],[91.6257,25.5376],[91.6368,25.5484],[91.6567,25.5514],[91.6616,25.5275],[91.6731,25.5215],[91.692,25.5255],[91.7032,25.533],[91.7017,25.5457],[91.7325,25.5628],[91.7362,25.5747],[91.784,25.5891],[91.8028,25.609],[91.8019,25.6272],[91.8115,25.6429],[91.9769,25.6463],[92.1361,25.6407],[92.1423,25.6254],[92.124,25.6031],[92.1279,25.5961],[92.1235,25.5818],[92.1097,25.5611],[92.1164,25.5423],[92.0992,25.4923],[92.1131,25.47],[92.0995,25.4503],[92.1157,25.4103],[92.1051,25.3949],[92.1146,25.3785],[92.1154,25.3372],[92.123,25.3286],[92.1118,25.3033],[92.0968,25.3121],[92.0882,25.308],[92.0509,25.3193],[92.0236,25.3089],[91.9889,25.2748],[91.9879,25.2451],[92.0105,25.208],[92.0242,25.2014],[92.0198,25.1868]]]}},{"type":"Feature","properties":{"district_id":"AR_ITA","district_name":"Papum Pare (Itanagar)","state_name":"Arunachal Pradesh","zone":"Northeast","centroid_lat":27.0844,"centroid_lon":93.6053,"elevation_m":320,"census_code":248,"census_name":"Papum Pare","rep_lat":27.2888,"rep_lon":93.5969,"dist_coast_km":506.6,"geometry_source":"Census 2011 (DataMeet)"},"geometry":{"type":"Polygon","coordinates":[[[93.518,27.6498],[93.5657,27.6015],[93.621,27.5318],[93.6107,27.4933],[93.5712,27.4715],[93.5587,27.4521],[93.5606,27.4376],[93.5819,27.4343],[93.5992,27.4004],[93.6036,27.3671],[93.6163,27.3568],[93.6343,27.3599],[93.659,27.348],[93.6692,27.3358],[93.6886,27.3351],[93.744,27.3523],[93.7705,27.3457],[93.788,27.35],[93.8098,27.3707],[93.8302,27.3576],[93.8389,27.363],[93.8307,27.4243],[93.8532,27.4398],[93.8559,27.4645],[93.8922,27.4907],[93.9452,27.5109],[94.0486,27.4988],[94.0719,27.482],[94.0973,27.4828],[94.123,27.4969],[94.1539,27.5301],[94.1943,27.5354],[94.2088,27.5308],[94.2145,27.5119],[94.2239,27.5038],[94.2146,27.4947],[94.1935,27.4931],[94.1595,27.4749],[94.1625,27.4633],[94.0886,27.4014],[94.0631,27.3604],[94.0022,27.3316],[93.9031,27.2384],[93.8695,27.1957],[93.8106,27.1487],[93.8076,27.1347],[93.8292,27.1088],[93.8386,27.075],[93.8301,27.0658],[93.8206,27.0618],[93.8148,27.0675],[93.8104,27.0594],[93.7995,27.0607],[93.7893,27.0511],[93.7831,27.0577],[93.781,27.0502],[93.7756,27.0592],[93.7704,27.0402],[93.7208,27.0161],[93.6776,26.968],[93.5861,26.9497],[93.4701,26.9361],[93.4499,26.9514],[93.3929,26.9574],[93.3822,26.9821],[93.3638,26.9814],[93.3429,27.0007],[93.3457,27.0362],[93.3157,27.0789],[93.2963,27.0775],[93.2752,27.1031],[93.2161,27.1162],[93.2138,27.1306],[93.2192,27.1384],[93.2321,27.1402],[93.248,27.1537],[93.2733,27.1534],[93.2975,27.1629],[93.3084,27.174],[93.3031,27.1865],[93.2761,27.2108],[93.2293,27.1992],[93.2256,27.2279],[93.2365,27.2386],[93.2296,27.2506],[93.2611,27.2742],[93.2976,27.2901],[93.2927,27.3289],[93.3252,27.3521],[93.3751,27.3709],[93.3712,27.3791],[93.376,27.3865],[93.3713,27.4161],[93.3315,27.4434],[93.3237,27.4431],[93.3293,27.4639],[93.3231,27.489],[93.2978,27.5227],[93.314,27.5298],[93.3221,27.5438],[93.3323,27.5485],[93.3289,27.5613],[93.3016,27.5786],[93.2879,27.5771],[93.2843,27.5891],[93.2482,27.5993],[93.2376,27.6088],[93.2946,27.6573],[93.3325,27.6693],[93.518,27.6498]]]}},{"type":"Feature","properties":{"district_id":"WB_KOL","district_name":"Kolkata","state_name":"West Bengal","zone":"East Coast","centroid_lat":22.5726,"centroid_lon":88.3639,"elevation_m":9,"census_code":342,"census_name":"Kolkata","rep_lat":22.5553,"rep_lon":88.3558,"dist_coast_km":45.2,"geometry_source":"Census 2011 (DataMeet)"},"geometry":{"type":"Polygon","coordinates":[[[88.4108,22.56],[88.4015,22.5573],[88.3832,22.5271],[88.3751,22.5265],[88.3712,22.5041],[88.3624,22.4985],[88.2916,22.5177],[88.29,22.5362],[88.2743,22.5553],[88.3117,22.5482],[88.3324,22.5557],[88.3559,22.6002],[88.368,22.6084],[88.3632,22.6332],[88.3941,22.6282],[88.3954,22.5943],[88.4108,22.56]]]}},{"type":"Feature","properties":{"district_id":"WB_24P","district_name":"South 24 Parganas (Sundarbans)","state_name":"West Bengal","zone":"East Coast","centroid_lat":22.1352,"centroid_lon":88.5448,"elevation_m":6,"census_code":343,"census_name":"South 24 Parganas","rep_lat":22.4536,"rep_lon":88.4299,"dist_coast_km":36.4,"geometry_source":"Census 2011 (DataMeet)"},"geometry":{"type":"Polygon","coordinates":[[[88.5828,22.6147],[88.5975,22.6136],[88.5968,22.5958],[88.6291,22.5744],[88.6286,22.5586],[88.6583,22.5144],[88.6544,22.4954],[88.6734,22.4872],[88.6921,22.4638],[88.7108,22.4535],[88.7067,22.4323],[88.7328,22.4236],[88.7437,22.4039],[88.7593,22.3983],[88.7565,22.3917],[88.7705,22.3935],[88.7677,22.3816],[88.7782,22.3861],[88.7744,22.3728],[88.789,22.3701],[88.8069,22.3765],[88.8241,22.3717],[88.8059,22.3315],[88.8144,22.319],[88.8077,22.2837],[88.7963,22.2747],[88.7951,22.2623],[88.7436,22.2292],[88.7496,22.2202],[88.7453,22.2008],[88.7389,22.2139],[88.7414,22.1986],[88.7316,22.1956],[88.6656,22.2175],[88.6395,22.2131],[88.6367,22.224],[88.6581,22.2394],[88.6849,22.2943],[88.6789,22.3231],[88.6906,22.3267],[88.6711,22.3258],[88.6661,22.339],[88.6792,22.2939],[88.6571,22.2506],[88.6309,22.2221],[88.6393,22.2081],[88.6664,22.208],[88.6725,22.2012],[88.6395,22.1575],[88.64,22.143],[88.6327,22.1366],[88.6297,22.1453],[88.6314,22.1358],[88.6193,22.1088],[88.6098,22.1079],[88.6103,22.1169],[88.5989,22.1297],[88.6046,22.1598],[88.5831,22.1697],[88.5821,22.1812],[88.5738,22.1889],[88.5775,22.1985],[88.5727,22.1891],[88.5839,22.1668],[88.6034,22.1591],[88.5976,22.1306],[88.6091,22.1163],[88.6067,22.1078],[88.62,22.1045],[88.6273,22.0548],[88.6367,22.0453],[88.6178,22.0211],[88.6034,22.0236],[88.6064,22.0477],[88.5967,22.0633],[88.6017,22.0736],[88.596,22.0656],[88.6049,22.0483],[88.5999,22.0236],[88.6144,22.0197],[88.5987,21.9747],[88.5992,21.9628],[88.6149,21.937],[88.6111,21.9317],[88.6014,21.9353],[88.6108,21.9258],[88.6067,21.9131],[88.5781,21.8897],[88.5728,21.9056],[88.5864,21.9281],[88.5792,21.9247],[88.5725,21.9072],[88.5503,21.9214],[88.5436,21.97],[88.5564,21.9728],[88.5678,21.9589],[88.5577,21.9732],[88.5462,21.9735],[88.5409,21.9602],[88.5487,21.9223],[88.5705,21.9036],[88.5624,21.8989],[88.5406,21.9039],[88.5479,21.8817],[88.5389,21.8711],[88.5378,21.858],[88.5281,21.8531],[88.4943,21.8791],[88.5073,21.9032],[88.5218,21.9137],[88.5255,21.9294],[88.5217,21.9427],[88.4942,21.9584],[88.4937,21.9671],[88.5191,21.9882],[88.537,21.9788],[88.5433,21.982],[88.5566,22.0232],[88.5546,22.0357],[88.5414,21.9817],[88.5176,21.9887],[88.4916,21.9669],[88.4953,21.9551],[88.5218,21.939],[88.5207,21.9154],[88.4832,21.91],[88.4736,21.8953],[88.4556,21.8999],[88.4622,21.9225],[88.4529,21.9395],[88.4702,21.9589],[88.4459,21.966],[88.4494,21.984],[88.4434,21.9901],[88.4505,22.0072],[88.4609,22.0116],[88.4504,22.0092],[88.4416,21.9911],[88.448,21.9845],[88.4453,21.9642],[88.4689,21.958],[88.4515,21.942],[88.4585,21.9188],[88.433,21.9028],[88.4197,21.9066],[88.4092,21.8856],[88.385,21.8979],[88.4077,21.9215],[88.3944,21.9362],[88.3985,21.9535],[88.3739,21.9653],[88.3939,21.9714],[88.3758,21.9697],[88.3744,21.9628],[88.3981,21.9522],[88.3928,21.9369],[88.4064,21.9198],[88.3828,21.9007],[88.3975,21.8853],[88.3938,21.8523],[88.3858,21.8394],[88.3907,21.799],[88.3816,21.7916],[88.364,21.7978],[88.3549,21.8228],[88.3549,21.8557],[88.3706,21.8965],[88.3565,21.9243],[88.35,21.9272],[88.3692,21.8966],[88.3635,21.8714],[88.3532,21.8569],[88.3263,21.8622],[88.3089,21.8564],[88.3013,21.8614],[88.3098,21.8777],[88.3006,21.8613],[88.262,21.8587],[88.256,21.8703],[88.2664,21.8836],[88.2549,21.8713],[88.2589,21.8588],[88.2993,21.8594],[88.3138,21.8466],[88.3056,21.8303],[88.2771,21.8219],[88.259,21.8076],[88.2636,21.788],[88.2819,21.7611],[88.2561,21.7832],[88.2517,21.8019],[88.2546,21.7829],[88.2827,21.7576],[88.2725,21.7309],[88.2638,21.7306],[88.2739,21.7546],[88.2172,21.7644],[88.2094,21.8014],[88.1633,21.8794],[88.1772,21.9261],[88.1537,21.9592],[88.1785,21.9818],[88.2078,22.0225],[88.2239,22.0753],[88.2075,22.1578],[88.1881,22.1867],[88.1656,22.1989],[88.0697,22.2119],[88.085,22.2356],[88.0886,22.2628],[88.1047,22.2953],[88.105,22.3047],[88.0983,22.3023],[88.1005,22.3492],[88.0945,22.3647],[88.0989,22.3755],[88.1424,22.4081],[88.1211,22.4694],[88.1665,22.4797],[88.1956,22.5058],[88.2387,22.5213],[88.2446,22.5275],[88.2374,22.5549],[88.2472,22.5606],[88.2743,22.5553],[88.2852,22.5467],[88.2916,22.5177],[88.3502,22.4986],[88.3679,22.4988],[88.3751,22.5265],[88.3832,22.5271],[88.4015,22.5573],[88.4108,22.56],[88.4105,22.58],[88.4225,22.5839],[88.4267,22.574],[88.4476,22.5638],[88.4697,22.5669],[88.4759,22.5753],[88.4889,22.5578],[88.5255,22.5479],[88.5265,22.5611],[88.5478,22.5856],[88.5598,22.6256],[88.5828,22.6147]],[[88.1369,21.875],[88.1534,21.8363],[88.1725,21.812],[88.1636,21.7995],[88.1707,21.7424],[88.1561,21.705],[88.1548,21.6851],[88.1434,21.6796],[88.1553,21.6814],[88.1547,21.65],[88.1422,21.6325],[88.1092,21.6258],[88.0706,21.6339],[88.0417,21.6492],[88.0367,21.675],[88.0442,21.7177],[88.0614,21.7344],[88.0729,21.7802],[88.122,21.8657],[88.1369,21.875]],[[88.7047,22.2067],[88.7319,22.194],[88.7655,22.192],[88.7689,22.18],[88.7892,22.1694],[88.7664,22.1461],[88.7381,22.1345],[88.7229,22.1128],[88.6831,22.0808],[88.6911,22.0571],[88.7357,22.0316],[88.7397,22.0177],[88.721,22.0053],[88.6638,22.0238],[88.6535,22.0781],[88.6342,22.1062],[88.6529,22.1634],[88.6808,22.1875],[88.6839,22.2072],[88.7047,22.2067]],[[88.2274,21.762],[88.272,21.7544],[88.2621,21.7302],[88.2767,21.7256],[88.2842,21.7072],[88.3106,21.6756],[88.2997,21.6494],[88.2939,21.6486],[88.2986,21.6472],[88.2883,21.6231],[88.2886,21.5978],[88.3061,21.5833],[88.2917,21.5631],[88.2886,21.5672],[88.2689,21.5578],[88.2483,21.5639],[88.2405,21.5736],[88.2428,21.5967],[88.2164,21.6164],[88.2347,21.6354],[88.2333,21.6681],[88.2263,21.6751],[88.2051,21.6756],[88.1978,21.6892],[88.2204,21.7],[88.2109,21.7264],[88.2167,21.7614],[88.2274,21.762]],[[88.3368,21.8603],[88.3527,21.8542],[88.3514,21.8219],[88.3614,21.796],[88.3797,21.7885],[88.378,21.7694],[88.3435,21.7603],[88.3398,21.751],[88.345,21.7217],[88.3322,21.7104],[88.3159,21.7091],[88.3062,21.7154],[88.3097,21.7338],[88.2983,21.7772],[88.3111,21.7831],[88.3109,21.7956],[88.2939,21.8028],[88.3103,21.7935],[88.3097,21.7839],[88.2992,21.7836],[88.296,21.7741],[88.2856,21.7894],[88.2626,21.7953],[88.2601,21.8065],[88.2742,21.8187],[88.3077,21.8303],[88.3151,21.8576],[88.3368,21.8603]],[[88.445,21.905],[88.4821,21.8878],[88.4902,21.8564],[88.4885,21.8378],[88.4768,21.8372],[88.4481,21.8153],[88.4497,21.8044],[88.4644,21.795],[88.4615,21.7898],[88.4449,21.8019],[88.4306,21.8005],[88.424,21.8124],[88.4015,21.798],[88.3925,21.8326],[88.4,21.8725],[88.4188,21.8893],[88.419,21.9024],[88.445,21.905]],[[88.5446,21.8103],[88.5607,21.8027],[88.5722,21.7878],[88.5619,21.77],[88.5725,21.7356],[88.5605,21.73],[88.5417,21.7377],[88.5265,21.7192],[88.5194,21.7192],[88.5044,21.7574],[88.5255,21.7737],[88.5353,21.792],[88.5211,21.7714],[88.5044,21.7625],[88.5042,21.7708],[88.5195,21.7936],[88.5446,21.8103]],[[88.6786,22.0165],[88.7158,22.0006],[88.6931,21.9698],[88.6864,21.9735],[88.6929,21.9841],[88.6867,21.9911],[88.6914,21.9839],[88.6848,21.9741],[88.6938,21.966],[88.6923,21.9567],[88.6683,21.9539],[88.6881,21.9528],[88.6782,21.9429],[88.6572,21.9541],[88.6335,21.9516],[88.6283,21.9675],[88.6349,21.996],[88.6529,22.0191],[88.6786,22.0165]],[[88.4143,21.7286],[88.4286,21.702],[88.4133,21.6911],[88.4112,21.6587],[88.4319,21.6274],[88.4247,21.6194],[88.4133,21.6228],[88.4072,21.6156],[88.4075,21.5995],[88.3986,21.5956],[88.3874,21.6115],[88.3906,21.6219],[88.3834,21.6303],[88.3878,21.6469],[88.3797,21.6808],[88.399,21.6988],[88.4039,21.7152],[88.3951,21.7249],[88.3686,21.7273],[88.3867,21.7339],[88.395,21.755],[88.4018,21.7378],[88.4143,21.7286]],[[88.5504,21.7359],[88.56,21.7294],[88.5711,21.7322],[88.5874,21.7093],[88.5907,21.6906],[88.5802,21.6847],[88.5699,21.7106],[88.5598,21.7133],[88.5528,21.724],[88.543,21.7239],[88.5683,21.7098],[88.5742,21.694],[88.5673,21.6932],[88.5627,21.7064],[88.5528,21.7028],[88.5651,21.7029],[88.5692,21.6694],[88.5486,21.6364],[88.5296,21.6527],[88.5333,21.6686],[88.5172,21.7114],[88.536,21.7331],[88.5504,21.7359]],[[88.5372,21.6386],[88.5717,21.6231],[88.5875,21.6019],[88.5864,21.5879],[88.5755,21.5742],[88.55,21.5636],[88.5436,21.5667],[88.537,21.587],[88.5567,21.6044],[88.5369,21.5884],[88.51,21.6022],[88.5242,21.6261],[88.5241,21.6529],[88.5372,21.6386]],[[88.6217,21.8978],[88.6346,21.878],[88.6333,21.8697],[88.6535,21.8677],[88.6389,21.7847],[88.6232,21.792],[88.6119,21.8167],[88.6211,21.8314],[88.5947,21.8544],[88.6053,21.8794],[88.6217,21.8978]],[[88.3059,21.7075],[88.3286,21.7053],[88.3422,21.6932],[88.3511,21.6781],[88.3464,21.6533],[88.3581,21.6475],[88.3384,21.6218],[88.3153,21.6081],[88.3062,21.6203],[88.3167,21.6668],[88.3138,21.684],[88.3005,21.7029],[88.3059,21.7075]],[[88.4581,21.7888],[88.475,21.7914],[88.4672,21.7372],[88.4569,21.7264],[88.4559,21.7114],[88.4331,21.7045],[88.4265,21.7171],[88.4234,21.7677],[88.4388,21.7803],[88.446,21.798],[88.4581,21.7888]],[[88.455,21.7086],[88.4707,21.673],[88.4661,21.6675],[88.4656,21.6758],[88.4539,21.6242],[88.4422,21.615],[88.4375,21.6335],[88.4201,21.6531],[88.4194,21.6892],[88.4395,21.7078],[88.455,21.7086]],[[88.205,21.7197],[88.2166,21.7005],[88.1983,21.6944],[88.1956,21.6819],[88.2041,21.6725],[88.2263,21.6702],[88.2317,21.6436],[88.2117,21.6208],[88.2119,21.6017],[88.1947,21.6327],[88.1814,21.6861],[88.1883,21.7081],[88.205,21.7197]],[[88.4241,21.811],[88.4296,21.7996],[88.4427,21.7997],[88.4375,21.784],[88.4209,21.7672],[88.4228,21.7198],[88.403,21.7388],[88.4019,21.7519],[88.3827,21.7791],[88.4241,21.811]],[[88.5623,21.8975],[88.571,21.901],[88.5764,21.8886],[88.5727,21.8584],[88.5631,21.8309],[88.555,21.8274],[88.55,21.8317],[88.551,21.8173],[88.5339,21.8338],[88.5306,21.8492],[88.5425,21.8556],[88.5405,21.8704],[88.5503,21.881],[88.5412,21.9026],[88.5623,21.8975]],[[88.5025,21.5944],[88.5339,21.5781],[88.5314,21.5425],[88.5061,21.5411],[88.5117,21.5581],[88.5031,21.5653],[88.5097,21.5579],[88.5042,21.5445],[88.4817,21.5547],[88.4861,21.5883],[88.4966,21.6002],[88.5025,21.5944]],[[88.3643,21.7643],[88.371,21.7632],[88.3598,21.7462],[88.3653,21.7222],[88.3981,21.7133],[88.3606,21.6864],[88.3375,21.7108],[88.3489,21.7256],[88.3428,21.7544],[88.3521,21.764],[88.3643,21.7643]],[[88.6097,21.7903],[88.6204,21.7802],[88.6308,21.7425],[88.6089,21.7081],[88.5988,21.7155],[88.6194,21.7256],[88.6231,21.7367],[88.5863,21.7566],[88.5912,21.7833],[88.6097,21.7903]],[[88.577,21.6914],[88.5858,21.6581],[88.5938,21.6536],[88.6057,21.6244],[88.6022,21.6206],[88.5911,21.6183],[88.554,21.6395],[88.5708,21.666],[88.5675,21.6905],[88.577,21.6914]],[[88.5922,21.85],[88.6181,21.8292],[88.6072,21.8158],[88.6142,21.7981],[88.5895,21.7983],[88.576,21.817],[88.5829,21.8428],[88.5922,21.85]],[[88.64,21.9217],[88.6675,21.9117],[88.6528,21.8733],[88.6345,21.8706],[88.6363,21.8781],[88.6234,21.9014],[88.64,21.9217]],[[88.3022,21.7236],[88.2973,21.7056],[88.278,21.7282],[88.2889,21.7785],[88.3029,21.7556],[88.3022,21.7236]],[[88.4898,21.8347],[88.5003,21.8125],[88.4858,21.7986],[88.4531,21.8057],[88.4519,21.8165],[88.4706,21.8247],[88.4771,21.8344],[88.4898,21.8347]],[[88.0875,21.9328],[88.0671,21.92],[88.0817,21.9652],[88.1253,21.9952],[88.0875,21.9328]],[[88.5822,21.7778],[88.5856,21.7539],[88.6198,21.7383],[88.6164,21.7276],[88.5928,21.7187],[88.5797,21.7258],[88.5836,21.7484],[88.569,21.7692],[88.5822,21.7778]],[[88.386,21.7639],[88.3903,21.7586],[88.3867,21.7407],[88.3624,21.7323],[88.3613,21.7472],[88.3728,21.7636],[88.386,21.7639]],[[88.5919,21.6942],[88.6063,21.68],[88.5885,21.6573],[88.5804,21.683],[88.5919,21.6906],[88.5878,21.7014],[88.5919,21.6942]],[[88.1355,21.9256],[88.1446,21.9153],[88.1294,21.8989],[88.1161,21.9183],[88.1355,21.9256]],[[88.1778,21.6011],[88.1794,21.5889],[88.1889,21.5819],[88.1867,21.56],[88.1744,21.5667],[88.1678,21.5917],[88.17,21.6],[88.1778,21.6011]],[[88.5047,21.9128],[88.5086,21.9097],[88.4903,21.8894],[88.4769,21.8983],[88.4886,21.9103],[88.5047,21.9128]],[[88.274,21.7908],[88.2874,21.7844],[88.2833,21.7694],[88.2648,21.7887],[88.2641,21.7928],[88.274,21.7908]],[[88.6317,21.6492],[88.6275,21.6581],[88.6404,21.6786],[88.6317,21.6492]],[[88.1633,21.9372],[88.1714,21.9322],[88.1653,21.9161],[88.1597,21.9286],[88.1633,21.9372]],[[88.7129,22.0927],[88.6929,22.0781],[88.692,22.0855],[88.7223,22.1011],[88.7129,22.0927]],[[88.52,21.8546],[88.5275,21.8433],[88.5242,21.835],[88.5158,21.8394],[88.5222,21.8458],[88.52,21.8546]],[[88.107,21.8936],[88.1119,21.8883],[88.1093,21.8839],[88.105,21.8889],[88.1044,21.8978],[88.1128,21.9106],[88.107,21.8936]]]}},{"type":"Feature","properties":{"district_id":"AP_VSK","district_name":"Visakhapatnam","state_name":"Andhra Pradesh","zone":"East Coast","centroid_lat":17.6868,"centroid_lon":83.2185,"elevation_m":45,"census_code":544,"census_name":"Visakhapatnam","rep_lat":17.8909,"rep_lon":82.6925,"dist_coast_km":55.9,"geometry_source":"Census 2011 (DataMeet)"},"geometry":{"type":"Polygon","coordinates":[[[83.0741,18.4019],[83.0897,18.4143],[83.1015,18.415],[83.0724,18.374],[83.0793,18.318],[83.0908,18.3273],[83.1022,18.359],[83.155,18.3413],[83.167,18.3111],[83.1729,18.3095],[83.2129,18.3333],[83.2271,18.3342],[83.2196,18.3038],[83.2356,18.2889],[83.2685,18.275],[83.2736,18.2211],[83.2679,18.2163],[83.2539,18.2269],[83.2467,18.2015],[83.2224,18.2107],[83.2184,18.1903],[83.2076,18.1914],[83.1952,18.2019],[83.183,18.2291],[83.1587,18.2525],[83.1378,18.2605],[83.1378,18.2487],[83.1556,18.2259],[83.1516,18.2061],[83.1634,18.1838],[83.1537,18.1773],[83.1314,18.1785],[83.126,18.2141],[83.104,18.2213],[83.1009,18.2117],[83.1139,18.1786],[83.1074,18.1563],[83.1414,18.167],[83.1549,18.1632],[83.1524,18.1543],[83.1015,18.1331],[83.101,18.1017],[83.0804,18.0887],[83.0578,18.0869],[83.0426,18.0692],[83.0101,18.0249],[83.0,18.0001],[83.0093,17.9685],[83.1051,17.9316],[83.1237,17.9014],[83.1241,17.87],[83.1388,17.8697],[83.1443,17.8439],[83.156,17.8301],[83.166,17.8438],[83.2002,17.8447],[83.2077,17.8707],[83.2309,17.8689],[83.2353,17.8952],[83.2553,17.9117],[83.2341,17.9269],[83.2334,17.9454],[83.3105,17.9833],[83.3228,18.0011],[83.3145,18.0217],[83.337,18.0442],[83.3651,18.0562],[83.4053,18.0479],[83.4074,18.0191],[83.4177,18.0063],[83.4167,17.987],[83.3992,17.9685],[83.3986,17.9548],[83.3804,17.9313],[83.3842,17.913],[83.4051,17.9041],[83.406,17.9222],[83.4335,17.9416],[83.4534,17.9316],[83.4746,17.936],[83.4906,17.9194],[83.4747,17.9105],[83.446,17.9204],[83.4534,17.8802],[83.4143,17.8415],[83.4037,17.8436],[83.4194,17.8251],[83.4163,17.8074],[83.3781,17.7676],[83.3558,17.753],[83.3403,17.7142],[83.3008,17.6919],[83.2835,17.6563],[83.2413,17.6253],[83.2278,17.6287],[83.2155,17.6466],[83.1999,17.6399],[83.1972,17.6267],[83.2311,17.6158],[83.2304,17.6035],[83.1555,17.5527],[83.1059,17.5389],[83.1109,17.5511],[83.1031,17.549],[83.0857,17.5303],[83.0141,17.5005],[82.9929,17.4708],[82.7344,17.3571],[82.5495,17.248],[82.5391,17.2748],[82.5245,17.2854],[82.5235,17.3013],[82.5392,17.3312],[82.5559,17.3385],[82.5634,17.3534],[82.5636,17.3691],[82.5538,17.3916],[82.5585,17.4054],[82.6042,17.4627],[82.5988,17.4749],[82.5636,17.504],[82.5573,17.5251],[82.5144,17.5092],[82.4998,17.5153],[82.4899,17.5066],[82.4837,17.5087],[82.4779,17.5352],[82.4707,17.5382],[82.4693,17.5199],[82.4567,17.5127],[82.4564,17.4874],[82.44,17.4769],[82.4116,17.4727],[82.3721,17.4889],[82.37,17.5189],[82.3521,17.4982],[82.3324,17.5158],[82.3384,17.5321],[82.3318,17.559],[82.3471,17.5791],[82.3444,17.5845],[82.3375,17.5904],[82.3153,17.5891],[82.2682,17.6227],[82.2441,17.6251],[82.2173,17.638],[82.1784,17.6107],[82.1546,17.6209],[82.1368,17.65],[82.1018,17.6539],[82.0656,17.638],[82.0387,17.6365],[82.0201,17.6166],[82.0155,17.6185],[82.0033,17.6362],[82.0103,17.6478],[82.0056,17.6613],[82.0192,17.6644],[82.0307,17.6872],[82.034,17.7222],[82.015,17.7503],[82.0175,17.7598],[81.9809,17.7666],[81.9642,17.7561],[81.9736,17.746],[81.9366,17.7399],[81.8825,17.7412],[81.8677,17.7497],[81.8921,17.7799],[81.9292,17.8084],[81.9674,17.8201],[81.9776,17.8421],[81.9881,17.8494],[82.0194,17.842],[82.0211,17.8558],[82.0033,17.8857],[82.0314,17.9369],[82.0137,17.9562],[82.0019,17.9863],[81.9816,18.0138],[82.0102,18.0318],[82.0101,18.0529],[82.0152,18.0573],[82.0332,18.066],[82.0537,18.0537],[82.0682,18.0533],[82.0742,18.0571],[82.0675,18.0666],[82.0807,18.0738],[82.1009,18.061],[82.1218,18.066],[82.1378,18.0569],[82.1409,18.0439],[82.1508,18.0518],[82.1723,18.0499],[82.186,18.019],[82.2055,18.0171],[82.2267,18.0027],[82.2455,18.0005],[82.2503,17.9883],[82.2758,17.995],[82.2794,18.0192],[82.2667,18.0433],[82.2755,18.0567],[82.3064,18.0704],[82.3013,18.0628],[82.305,18.0546],[82.3149,18.0535],[82.3141,18.0463],[82.3217,18.0433],[82.3258,18.057],[82.3383,18.0489],[82.3449,18.0558],[82.3521,18.0835],[82.3407,18.1026],[82.3418,18.1507],[82.3661,18.1335],[82.3736,18.148],[82.3572,18.1701],[82.3187,18.1828],[82.3145,18.2038],[82.3412,18.224],[82.3297,18.2306],[82.3394,18.2415],[82.3453,18.2743],[82.3803,18.2822],[82.4014,18.3145],[82.3927,18.3267],[82.3736,18.3245],[82.3571,18.3142],[82.3428,18.3251],[82.3847,18.3612],[82.3928,18.3771],[82.3696,18.4177],[82.4351,18.4848],[82.4454,18.5051],[82.4822,18.5446],[82.4935,18.5414],[82.484,18.5371],[82.4897,18.5228],[82.5074,18.5096],[82.5157,18.5159],[82.5314,18.5118],[82.5278,18.4904],[82.5358,18.4856],[82.5293,18.4803],[82.5358,18.4761],[82.5244,18.4638],[82.5315,18.4607],[82.5384,18.4423],[82.5466,18.4512],[82.562,18.4457],[82.5442,18.4164],[82.5489,18.4115],[82.5409,18.4049],[82.5435,18.3977],[82.5789,18.3923],[82.6088,18.3769],[82.6069,18.3623],[82.6196,18.3547],[82.6048,18.3491],[82.6105,18.3256],[82.598,18.3278],[82.5848,18.3151],[82.5881,18.3094],[82.5962,18.3104],[82.5993,18.3003],[82.5968,18.2834],[82.5891,18.2785],[82.5976,18.2652],[82.6179,18.2577],[82.6353,18.2373],[82.6537,18.249],[82.6532,18.2656],[82.6672,18.2951],[82.7064,18.3048],[82.7192,18.3213],[82.7427,18.3217],[82.7411,18.3264],[82.7547,18.3283],[82.7594,18.3368],[82.7754,18.3396],[82.7925,18.3626],[82.7862,18.3794],[82.7959,18.3866],[82.8016,18.4034],[82.7895,18.4078],[82.7845,18.428],[82.8074,18.4477],[82.8266,18.4469],[82.8532,18.4182],[82.8569,18.4234],[82.8783,18.4147],[82.8929,18.4212],[82.8992,18.4007],[82.8932,18.3872],[82.911,18.3645],[82.9359,18.3696],[82.941,18.36],[82.9847,18.3636],[83.0002,18.3837],[83.0254,18.3932],[83.0478,18.3788],[83.0644,18.386],[83.0741,18.4019]]]}},{"type":"Feature","properties":{"district_id":"AP_VJA","district_name":"Krishna (Vijayawada)","state_name":"Andhra Pradesh","zone":"East Coast","centroid_lat":16.5062,"centroid_lon":80.648,"elevation_m":25,"census_code":547,"census_name":"Krishna","rep_lat":16.5639,"rep_lon":80.7981,"dist_coast_km":55.2,"geometry_source":"Census 2011 (DataMeet)"},"geometry":{"type":"Polygon","coordinates":[[[80.6037,17.1274],[80.6384,17.1179],[80.6339,17.1096],[80.6654,17.0957],[80.6465,17.0799],[80.6427,17.0669],[80.6483,17.0631],[80.6844,17.0693],[80.6927,17.0768],[80.7345,17.0727],[80.8321,17.0461],[80.8414,17.0341],[80.8806,17.0669],[80.943,17.0644],[80.9603,17.0481],[80.962,17.0187],[80.9425,16.991],[80.9365,16.9564],[80.9593,16.9238],[80.964,16.9065],[80.9893,16.8737],[81.0,16.8695],[81.0087,16.8402],[81.0362,16.8162],[81.039,16.7977],[81.0139,16.7637],[81.0126,16.7428],[81.0001,16.7219],[80.9833,16.7168],[80.9924,16.6811],[81.0193,16.6644],[81.0163,16.6505],[81.0,16.64],[80.9704,16.6689],[80.9568,16.671],[80.9551,16.6643],[80.9719,16.6328],[81.0042,16.5976],[81.0108,16.5613],[81.021,16.5592],[81.0445,16.5734],[81.0869,16.5869],[81.0913,16.5911],[81.0815,16.6016],[81.0925,16.6119],[81.1119,16.5978],[81.1347,16.6062],[81.1503,16.5975],[81.1636,16.6207],[81.1806,16.6233],[81.1861,16.6235],[81.2216,16.5781],[81.2365,16.5779],[81.2387,16.592],[81.2691,16.6099],[81.2854,16.6669],[81.305,16.689],[81.3156,16.6913],[81.3339,16.678],[81.3249,16.624],[81.3526,16.6054],[81.3452,16.571],[81.3549,16.5669],[81.3395,16.5249],[81.3308,16.5195],[81.34,16.5137],[81.3615,16.5178],[81.3714,16.5091],[81.372,16.4735],[81.3868,16.4535],[81.3971,16.451],[81.4081,16.4324],[81.4212,16.4312],[81.4376,16.4133],[81.4548,16.4176],[81.4782,16.4065],[81.4919,16.3857],[81.529,16.3933],[81.5472,16.3884],[81.5544,16.3746],[81.5534,16.3587],[81.5286,16.3508],[81.4046,16.3368],[81.4032,16.346],[81.3907,16.3525],[81.399,16.3601],[81.4093,16.356],[81.4078,16.3712],[81.4138,16.3755],[81.4046,16.3807],[81.3838,16.36],[81.3681,16.356],[81.3434,16.3664],[81.3128,16.3602],[81.3132,16.3525],[81.3028,16.3435],[81.3212,16.3424],[81.2913,16.3255],[81.2548,16.3161],[81.2456,16.3014],[81.2656,16.2942],[81.266,16.2859],[81.2414,16.2607],[81.2671,16.2707],[81.2226,16.2269],[81.2115,16.2049],[81.1849,16.0844],[81.1476,16.0192],[81.1529,15.9748],[81.1294,15.9824],[81.1088,16.0051],[81.0988,16.008],[81.0838,16.0019],[81.1092,15.9963],[81.1406,15.9622],[81.0453,15.8972],[81.01,15.8492],[80.996,15.8243],[81.0116,15.7756],[81.0087,15.7637],[80.9568,15.8069],[80.9492,15.8113],[80.94,15.8072],[80.9894,15.7642],[80.9872,15.7554],[80.9487,15.7298],[80.9369,15.7297],[80.9045,15.7603],[80.8743,15.807],[80.8704,15.8226],[80.8629,15.8221],[80.8609,15.8122],[80.9168,15.7308],[80.8695,15.7206],[80.8462,15.7061],[80.8047,15.7149],[80.8048,15.7501],[80.8185,15.7417],[80.8386,15.7682],[80.8517,15.819],[80.9062,15.9234],[80.9054,16.0002],[80.8898,16.0741],[80.8784,16.0868],[80.8695,16.1203],[80.8692,16.1425],[80.8511,16.1745],[80.8096,16.2848],[80.7946,16.3058],[80.6728,16.4707],[80.6454,16.4992],[80.5087,16.5853],[80.4836,16.5969],[80.4477,16.6034],[80.3889,16.6026],[80.3749,16.6182],[80.3646,16.6205],[80.3189,16.6258],[80.2278,16.6236],[80.1462,16.6634],[80.1374,16.6781],[80.1493,16.7046],[80.1482,16.7556],[80.1203,16.8287],[80.1109,16.834],[80.0871,16.8312],[80.0781,16.8212],[80.0503,16.8335],[80.0415,16.8599],[80.0222,16.8603],[80.0,16.8706],[80.0179,16.9145],[80.0454,16.9437],[80.0542,16.9725],[80.0926,16.9705],[80.096,16.9947],[80.1141,16.9886],[80.1422,16.9927],[80.1905,17.0522],[80.2026,17.0498],[80.204,17.0254],[80.2097,17.0205],[80.2263,17.027],[80.2442,17.0098],[80.2706,17.0181],[80.3099,16.9635],[80.324,16.9201],[80.3279,16.8788],[80.346,16.875],[80.3436,16.8636],[80.3673,16.8628],[80.3817,16.8191],[80.4079,16.8396],[80.4084,16.8577],[80.4274,16.8504],[80.4316,16.8374],[80.4614,16.8234],[80.4652,16.7982],[80.5199,16.7783],[80.5717,16.7712],[80.613,16.7962],[80.5948,16.815],[80.5649,16.8267],[80.5635,16.8331],[80.5728,16.8508],[80.5738,16.8773],[80.5956,16.8822],[80.59,16.905],[80.5991,16.9198],[80.593,16.9347],[80.5783,16.935],[80.5405,16.9582],[80.5294,16.9444],[80.5,16.9561],[80.4965,16.9255],[80.4512,16.9528],[80.3668,16.9783],[80.3783,16.9907],[80.3798,17.0035],[80.3965,17.015],[80.3755,17.0641],[80.3986,17.0838],[80.4059,17.0815],[80.4094,17.0618],[80.4229,17.0495],[80.4291,17.0326],[80.4549,17.0248],[80.4615,17.0448],[80.4804,17.0459],[80.4908,17.058],[80.5047,17.1155],[80.528,17.1159],[80.5577,17.1314],[80.5688,17.1458],[80.6037,17.1274]],[[81.3937,16.3338],[81.2713,16.2793],[81.2705,16.286],[81.2804,16.2921],[81.2678,16.3113],[81.277,16.3164],[81.2863,16.3119],[81.3277,16.3216],[81.3118,16.3077],[81.3643,16.3327],[81.3937,16.3338]]]}},{"type":"Feature","properties":{"district_id":"TN_CHN","district_name":"Chennai","state_name":"Tamil Nadu","zone":"South Peninsula","centroid_lat":13.0827,"centroid_lon":80.2707,"elevation_m":7,"census_code":603,"census_name":"Chennai","rep_lat":13.0647,"rep_lon":80.2523,"dist_coast_km":3.6,"geometry_source":"Census 2011 (DataMeet)"},"geometry":{"type":"Polygon","coordinates":[[[80.2977,13.1255],[80.3057,13.0947],[80.2874,13.0632],[80.2733,12.9947],[80.2393,12.9893],[80.215,12.9945],[80.2012,13.0211],[80.2066,13.0309],[80.2139,13.0272],[80.2153,13.0318],[80.2076,13.0793],[80.2277,13.1265],[80.2547,13.1219],[80.2882,13.1427],[80.3035,13.1413],[80.2977,13.1255]]]}},{"type":"Feature","properties":{"district_id":"TN_CBE","district_name":"Coimbatore","state_name":"Tamil Nadu","zone":"South Peninsula","centroid_lat":11.0168,"centroid_lon":76.9558,"elevation_m":411,"census_code":632,"census_name":"Coimbatore","rep_lat":10.8745,"rep_lon":76.9756,"dist_coast_km":107.0,"geometry_source":"Census 2011 (DataMeet)"},"geometry":{"type":"Polygon","coordinates":[[[77.1107,11.3899],[77.1121,11.377],[77.127,11.3771],[77.1302,11.3546],[77.1445,11.3341],[77.144,11.3029],[77.1189,11.3017],[77.1109,11.2917],[77.1186,11.2813],[77.1603,11.2772],[77.1647,11.2719],[77.1582,11.26],[77.1632,11.2497],[77.142,11.2139],[77.1579,11.1825],[77.1532,11.1657],[77.1692,11.1612],[77.1739,11.137],[77.1783,11.1361],[77.1822,11.1476],[77.2191,11.1234],[77.2381,11.1367],[77.2582,11.108],[77.199,11.0855],[77.1588,11.0607],[77.1745,11.0317],[77.1535,10.9853],[77.1698,10.9554],[77.1751,10.9235],[77.1908,10.9202],[77.2041,10.9054],[77.2245,10.9054],[77.2487,10.896],[77.254,10.862],[77.2888,10.8489],[77.2989,10.8135],[77.2774,10.8015],[77.2802,10.7873],[77.2407,10.7746],[77.2088,10.7888],[77.2149,10.8027],[77.1838,10.7968],[77.1648,10.8],[77.1532,10.7897],[77.1384,10.7406],[77.1371,10.7055],[77.1438,10.6705],[77.1742,10.6302],[77.1515,10.583],[77.1003,10.5819],[77.0808,10.5698],[77.082,10.5153],[77.0649,10.4857],[77.0713,10.4625],[77.0545,10.4173],[77.0789,10.3808],[77.0839,10.3283],[77.0952,10.3084],[77.0651,10.2941],[77.0594,10.2829],[77.0471,10.2807],[77.0558,10.2706],[77.0519,10.2567],[77.0199,10.2449],[76.984,10.2171],[76.9408,10.2379],[76.9184,10.233],[76.9052,10.2409],[76.8974,10.2633],[76.875,10.2752],[76.8769,10.2982],[76.8532,10.2917],[76.8512,10.2857],[76.8425,10.2992],[76.8322,10.3033],[76.8381,10.3423],[76.8517,10.3678],[76.8279,10.3946],[76.8349,10.4021],[76.8337,10.4115],[76.8272,10.4098],[76.8195,10.423],[76.8295,10.4465],[76.8323,10.4987],[76.8434,10.5327],[76.8364,10.5457],[76.8415,10.5931],[76.8203,10.6025],[76.8149,10.6221],[76.8166,10.6344],[76.8642,10.6321],[76.8845,10.6376],[76.8819,10.6723],[76.8667,10.6805],[76.8867,10.7149],[76.8954,10.7156],[76.892,10.7344],[76.9091,10.779],[76.8998,10.8081],[76.8714,10.8079],[76.8639,10.8166],[76.8517,10.8158],[76.8484,10.8236],[76.8564,10.8346],[76.8286,10.8698],[76.7962,10.8794],[76.7839,10.8896],[76.7434,10.8888],[76.711,10.9086],[76.6853,10.9141],[76.6577,10.9366],[76.6659,10.9419],[76.6708,10.9681],[76.6881,10.9874],[76.6901,11.0071],[76.7168,11.0391],[76.7675,11.0325],[76.7924,11.0369],[76.804,11.055],[76.8005,11.0576],[76.7777,11.0401],[76.7615,11.0546],[76.7475,11.0553],[76.7448,11.0717],[76.7584,11.083],[76.7444,11.1012],[76.7489,11.1291],[76.7324,11.1303],[76.7199,11.148],[76.713,11.1495],[76.7137,11.1397],[76.7067,11.1404],[76.696,11.1654],[76.7164,11.1874],[76.7312,11.1923],[76.7279,11.2061],[76.7365,11.2142],[76.7026,11.241],[76.7015,11.2549],[76.71,11.2619],[76.7394,11.2447],[76.7686,11.2611],[76.7667,11.2831],[76.7733,11.2876],[76.7897,11.2769],[76.7995,11.2912],[76.81,11.295],[76.8432,11.2863],[76.8559,11.2918],[76.8628,11.3058],[76.8512,11.3384],[76.8796,11.3566],[76.8875,11.3485],[76.8922,11.3646],[76.903,11.3593],[76.9032,11.3492],[76.9087,11.3475],[76.9214,11.353],[76.9221,11.3596],[76.9525,11.3617],[76.954,11.3666],[76.938,11.3654],[76.9339,11.3743],[76.948,11.3714],[76.9642,11.3827],[76.9741,11.3844],[77.0061,11.3684],[77.0212,11.3685],[77.0257,11.3711],[77.0225,11.3852],[77.0322,11.3831],[77.0485,11.4005],[77.0676,11.4013],[77.069,11.3815],[77.0901,11.3918],[77.0913,11.4017],[77.0985,11.4048],[77.1089,11.4054],[77.1107,11.3899]]]}},{"type":"Feature","properties":{"district_id":"TS_HYD","district_name":"Hyderabad","state_name":"Telangana","zone":"South Peninsula","centroid_lat":17.385,"centroid_lon":78.4867,"elevation_m":542,"census_code":536,"census_name":"Hyderabad","rep_lat":17.3898,"rep_lon":78.4699,"dist_coast_km":269.2,"geometry_source":"Census 2011 (DataMeet)"},"geometry":{"type":"Polygon","coordinates":[[[78.5116,17.4543],[78.5402,17.4627],[78.5222,17.3989],[78.5294,17.3707],[78.5154,17.3501],[78.5153,17.3297],[78.4763,17.3014],[78.4504,17.324],[78.4502,17.3458],[78.4225,17.3462],[78.4012,17.3566],[78.3912,17.3886],[78.3925,17.4122],[78.4115,17.4333],[78.421,17.4337],[78.4497,17.4013],[78.4488,17.4276],[78.4788,17.4731],[78.4912,17.4759],[78.5116,17.4543]]]}}]}