{"type":"FeatureCollection","name":"Natural Earth 10m coastline (India box)","features":[{"type":"Feature","properties":{},"geometry":{"type":"MultiLineString","coordinates":[[[95.349,5.038],[95.339,5.054],[95.324,5.07],[95.313,5.087],[95.306,5.104],[95.297,5.116],[95.28,5.123],[95.299,5.15],[95.302,5.172],[95.291,5.192],[95.273,5.211],[95.256,5.223],[95.249,5.231],[95.246,5.242],[95.244,5.256],[95.24,5.271],[95.232,5.282],[95.221,5.287],[95.199,5.293],[95.205,5.308],[95.222,5.326],[95.232,5.345],[95.234,5.359],[95.245,5.379],[95.252,5.396],[95.254,5.412],[95.25,5.425],[95.232,5.451],[95.245,5.461],[95.237,5.474],[95.224,5.49],[95.225,5.505],[95.204,5.534],[95.197,5.546],[95.213,5.573],[95.224,5.58],[95.239,5.574],[95.25,5.579],[95.26,5.578],[95.27,5.574],[95.28,5.574],[95.288,5.579],[95.305,5.592],[95.316,5.598],[95.335,5.612],[95.345,5.615],[95.359,5.617],[95.369,5.621],[95.413,5.65],[95.432,5.655],[95.45,5.65],[95.477,5.624],[95.494,5.612],[95.503,5.605],[95.511,5.603],[95.521,5.609],[95.534,5.622],[95.576,5.631],[95.612,5.627],[95.762,5.577],[95.84,5.529],[95.855,5.522],[95.873,5.52],[95.888,5.512],[95.894,5.494],[95.904,5.451],[95.93,5.414],[96.055,5.314],[96.088,5.295],[96.126,5.282],[96.291,5.259],[96.304,5.254],[96.344,5.232],[96.362,5.225],[96.407,5.217],[96.429,5.218],[96.448,5.229],[96.466,5.236],[96.486,5.229],[96.507,5.219],[96.527,5.211],[96.568,5.208],[96.651,5.216],[96.685,5.225],[96.785,5.26],[96.828,5.28],[96.849,5.277],[96.894,5.262],[96.907,5.263],[96.923,5.269],[96.973,5.273],[97.03,5.251],[97.074,5.238],[97.11,5.214],[97.149,5.199],[97.166,5.174],[97.176,5.161],[97.195,5.157],[97.227,5.146],[97.268,5.155],[97.497,5.252],[97.526,5.242],[97.664,5.073]]]}},{"type":"Feature","properties":{},"geometry":{"type":"MultiLineString","coordinates":[[[81.876,7.092],[81.881,7.327],[81.856,7.412],[81.84,7.436],[81.838,7.458],[81.835,7.466],[81.826,7.474],[81.82,7.477],[81.819,7.473],[81.821,7.467],[81.821,7.466],[81.821,7.466],[81.821,7.459],[81.815,7.45],[81.811,7.439],[81.809,7.425],[81.808,7.411],[81.808,7.41],[81.801,7.41],[81.801,7.41],[81.801,7.425],[81.793,7.466],[81.793,7.466],[81.787,7.466],[81.779,7.455],[81.771,7.457],[81.77,7.461],[81.769,7.465],[81.769,7.465],[81.78,7.472],[81.772,7.479],[81.77,7.485],[81.769,7.485],[81.768,7.49],[81.763,7.497],[81.758,7.505],[81.762,7.512],[81.769,7.517],[81.773,7.524],[81.773,7.524],[81.772,7.528],[81.767,7.538],[81.767,7.538],[81.766,7.541],[81.772,7.566],[81.773,7.568],[81.773,7.568],[81.755,7.615],[81.749,7.623],[81.726,7.64],[81.714,7.644],[81.714,7.644],[81.718,7.63],[81.718,7.63],[81.712,7.623],[81.707,7.632],[81.705,7.639],[81.706,7.645],[81.712,7.65],[81.712,7.651],[81.701,7.669],[81.69,7.68],[81.677,7.693],[81.664,7.705],[81.665,7.716],[81.665,7.716],[81.663,7.719],[81.659,7.723],[81.659,7.723],[81.648,7.729],[81.636,7.733],[81.629,7.723],[81.619,7.719],[81.607,7.721],[81.595,7.726],[81.595,7.726],[81.603,7.748],[81.613,7.759],[81.625,7.76],[81.626,7.76],[81.627,7.76],[81.643,7.754],[81.656,7.743],[81.681,7.712],[81.691,7.705],[81.691,7.705],[81.713,7.712],[81.711,7.731],[81.697,7.753],[81.654,7.798],[81.651,7.802],[81.643,7.815],[81.636,7.836],[81.63,7.836],[81.608,7.832],[81.608,7.832],[81.594,7.848],[81.588,7.855],[81.576,7.889],[81.579,7.9],[81.582,7.911],[81.584,7.912],[81.585,7.914],[81.588,7.916],[81.591,7.917],[81.595,7.917],[81.588,7.929],[81.58,7.936],[81.568,7.945],[81.561,7.958],[81.56,7.964],[81.56,7.971],[81.564,7.979],[81.566,7.987],[81.563,7.994],[81.561,7.999],[81.561,7.999],[81.556,7.995],[81.545,7.99],[81.54,7.986],[81.54,7.986],[81.54,7.991],[81.538,7.993],[81.538,7.993],[81.536,7.996],[81.534,7.999],[81.538,8.004],[81.534,8.014],[81.531,8.009],[81.525,8.004],[81.52,7.999],[81.507,8.028],[81.5,8.039],[81.489,8.052],[81.481,8.065],[81.472,8.101],[81.471,8.105],[81.464,8.116],[81.458,8.116],[81.452,8.095],[81.436,8.093],[81.436,8.093],[81.418,8.106],[81.41,8.127],[81.408,8.13],[81.408,8.13],[81.4,8.133],[81.396,8.137],[81.395,8.143],[81.395,8.148],[81.395,8.148],[81.396,8.15],[81.396,8.15],[81.395,8.16],[81.396,8.192],[81.404,8.192],[81.419,8.15],[81.42,8.144],[81.43,8.103],[81.43,8.103],[81.448,8.128],[81.441,8.174],[81.42,8.243],[81.417,8.254],[81.417,8.254],[81.415,8.27],[81.413,8.274],[81.406,8.301],[81.399,8.339],[81.389,8.344],[81.375,8.344],[81.375,8.344],[81.369,8.347],[81.362,8.35],[81.357,8.362],[81.356,8.365],[81.351,8.397],[81.352,8.405],[81.363,8.399],[81.377,8.373],[81.389,8.364],[81.389,8.364],[81.389,8.377],[81.388,8.391],[81.373,8.442],[81.366,8.482],[81.357,8.496],[81.346,8.508],[81.334,8.514],[81.334,8.515],[81.323,8.515],[81.313,8.512],[81.286,8.5],[81.297,8.477],[81.281,8.467],[81.235,8.466],[81.213,8.472],[81.198,8.487],[81.185,8.506],[81.17,8.521],[81.149,8.504],[81.134,8.501],[81.129,8.51],[81.142,8.528],[81.159,8.535],[81.177,8.531],[81.194,8.52],[81.205,8.512],[81.211,8.507],[81.211,8.507],[81.218,8.523],[81.214,8.533],[81.207,8.542],[81.204,8.555],[81.212,8.573],[81.223,8.571],[81.223,8.571],[81.23,8.558],[81.225,8.542],[81.225,8.542],[81.25,8.546],[81.25,8.546],[81.247,8.57],[81.225,8.617],[81.225,8.617],[81.221,8.615],[81.219,8.614],[81.212,8.612],[81.205,8.61],[81.204,8.61],[81.214,8.621],[81.224,8.626],[81.232,8.633],[81.232,8.651],[81.222,8.666],[81.195,8.696],[81.195,8.696],[81.198,8.706],[81.188,8.711],[81.188,8.711],[81.182,8.712],[81.179,8.708],[81.177,8.699],[81.162,8.751],[81.15,8.777],[81.126,8.788],[81.125,8.788],[81.12,8.794],[81.114,8.8],[81.093,8.852],[81.078,8.863],[81.06,8.869],[81.047,8.882],[81.015,8.937],[80.979,8.98],[80.978,8.98],[80.972,8.964],[80.961,8.946],[80.948,8.933],[80.931,8.932],[80.915,8.944],[80.915,8.944],[80.924,8.955],[80.935,8.965],[80.935,8.965],[80.923,8.973],[80.923,8.992],[80.887,9.026],[80.883,9.031],[80.875,9.041],[80.891,9.034],[80.919,9.027],[80.931,9.021],[80.942,9.003],[80.944,9.001],[80.954,9.004],[80.958,9.011],[80.958,9.018],[80.956,9.02],[80.955,9.021],[80.935,9.033],[80.916,9.062],[80.902,9.094],[80.902,9.097],[80.896,9.117],[80.896,9.117],[80.892,9.113],[80.889,9.112],[80.886,9.109],[80.882,9.104],[80.875,9.104],[80.875,9.104],[80.873,9.125],[80.873,9.126],[80.859,9.135],[80.842,9.138],[80.834,9.142],[80.84,9.156],[80.853,9.156],[80.875,9.148],[80.882,9.145],[80.882,9.145],[80.844,9.22],[80.834,9.239],[80.824,9.27],[80.817,9.275],[80.804,9.272],[80.801,9.263],[80.801,9.263],[80.806,9.252],[80.814,9.239],[80.814,9.24],[80.794,9.251],[80.742,9.298],[80.74,9.301],[80.737,9.309],[80.744,9.311],[80.762,9.308],[80.763,9.308],[80.768,9.305],[80.779,9.292],[80.779,9.292],[80.78,9.292],[80.787,9.289],[80.787,9.289],[80.799,9.295],[80.785,9.312],[80.764,9.332],[80.752,9.346],[80.745,9.358],[80.744,9.36],[80.468,9.581],[80.429,9.603],[80.41,9.617],[80.279,9.77],[80.27,9.784],[80.261,9.816],[80.247,9.826],[80.227,9.83],[80.185,9.828],[80.165,9.824],[80.158,9.823],[80.137,9.814],[80.139,9.799],[80.154,9.788],[80.211,9.775],[80.211,9.775],[80.248,9.755],[80.32,9.673],[80.408,9.602],[80.444,9.583],[80.444,9.576],[80.444,9.576],[80.442,9.577],[80.37,9.61],[80.339,9.629],[80.25,9.724],[80.222,9.754],[80.219,9.756],[80.211,9.761],[80.211,9.761],[80.208,9.76],[80.203,9.76],[80.2,9.759],[80.191,9.756],[80.18,9.756],[80.176,9.765],[80.171,9.767],[80.147,9.773],[80.139,9.775],[80.13,9.777],[80.127,9.785],[80.127,9.785],[80.128,9.806],[80.122,9.819],[80.107,9.821],[80.067,9.816],[79.989,9.823],[79.988,9.823],[79.971,9.815],[79.931,9.779],[79.91,9.768],[79.916,9.757],[79.927,9.744],[79.93,9.738],[79.937,9.727],[79.941,9.714],[79.943,9.703],[79.947,9.693],[79.958,9.686],[79.959,9.693],[79.967,9.69],[79.976,9.684],[79.978,9.683],[79.978,9.683],[80.001,9.675],[80.039,9.645],[80.087,9.618],[80.111,9.608],[80.136,9.604],[80.125,9.616],[80.105,9.633],[80.094,9.645],[80.094,9.645],[80.115,9.636],[80.153,9.603],[80.172,9.594],[80.179,9.588],[80.186,9.584],[80.194,9.586],[80.2,9.599],[80.194,9.609],[80.183,9.617],[80.176,9.624],[80.174,9.649],[80.186,9.649],[80.205,9.638],[80.256,9.616],[80.267,9.611],[80.267,9.611],[80.298,9.591],[80.369,9.53],[80.378,9.528],[80.41,9.528],[80.416,9.527],[80.429,9.518],[80.433,9.52],[80.435,9.523],[80.436,9.525],[80.444,9.528],[80.456,9.529],[80.465,9.529],[80.471,9.528],[80.478,9.524],[80.496,9.51],[80.499,9.509],[80.502,9.508],[80.523,9.503],[80.547,9.492],[80.615,9.446],[80.615,9.446],[80.567,9.455],[80.504,9.483],[80.451,9.498],[80.427,9.5],[80.336,9.465],[80.287,9.453],[80.266,9.467],[80.266,9.467],[80.272,9.473],[80.269,9.48],[80.266,9.487],[80.278,9.493],[80.278,9.493],[80.272,9.504],[80.249,9.525],[80.233,9.534],[80.176,9.549],[80.116,9.583],[80.085,9.595],[80.053,9.596],[80.068,9.578],[80.142,9.535],[80.161,9.521],[80.176,9.506],[80.182,9.499],[80.188,9.491],[80.197,9.473],[80.186,9.472],[80.177,9.468],[80.169,9.464],[80.165,9.461],[80.163,9.459],[80.141,9.43],[80.132,9.426],[80.112,9.423],[80.087,9.415],[80.065,9.404],[80.053,9.392],[80.053,9.378],[80.058,9.355],[80.059,9.351],[80.066,9.333],[80.077,9.323],[80.105,9.308],[80.105,9.308],[80.116,9.306],[80.116,9.306],[80.118,9.3],[80.116,9.292],[80.116,9.234],[80.11,9.209],[80.107,9.197],[80.106,9.193],[80.073,9.11],[80.067,9.076],[80.055,9.051],[80.048,9.026],[80.035,9.015],[80.005,9.001],[79.947,8.949],[79.938,8.946],[79.925,8.944],[79.916,8.939],[79.92,8.929],[79.925,8.92],[79.928,8.908],[79.93,8.884],[79.93,8.884],[79.93,8.883],[79.928,8.813],[79.926,8.802],[79.951,8.74],[79.942,8.642],[79.932,8.622],[79.93,8.614],[79.929,8.613],[79.928,8.612],[79.918,8.581],[79.917,8.576],[79.903,8.562],[79.887,8.551],[79.874,8.538],[79.868,8.518],[79.868,8.476],[79.866,8.461],[79.861,8.455],[79.854,8.449],[79.848,8.438],[79.839,8.341],[79.829,8.299],[79.827,8.278],[79.824,8.267],[79.811,8.25],[79.807,8.24],[79.805,8.229],[79.805,8.229],[79.807,8.225],[79.809,8.223],[79.81,8.222],[79.813,8.215],[79.813,8.213],[79.813,8.213],[79.814,8.204],[79.813,8.183],[79.813,8.171],[79.817,8.164],[79.822,8.157],[79.826,8.148],[79.827,8.137],[79.827,8.137],[79.793,8.073],[79.796,8.062],[79.806,8.056],[79.815,8.045],[79.819,8.04],[79.822,8.035],[79.829,8.021],[79.834,8.003],[79.81,7.987],[79.764,7.99],[79.732,8.013],[79.732,8.013],[79.752,8.055],[79.747,8.06],[79.73,8.081],[79.728,8.101],[79.728,8.111],[79.744,8.164],[79.745,8.172],[79.744,8.196],[79.746,8.206],[79.75,8.209],[79.754,8.209],[79.759,8.213],[79.769,8.233],[79.779,8.26],[79.779,8.26],[79.767,8.26],[79.757,8.264],[79.75,8.271],[79.749,8.273],[79.744,8.281],[79.763,8.314],[79.778,8.349],[79.779,8.35],[79.749,8.304],[79.744,8.291],[79.74,8.272],[79.729,8.25],[79.713,8.23],[79.697,8.219],[79.702,8.201],[79.707,8.142],[79.704,8.123],[79.701,8.127],[79.701,8.128],[79.701,8.128],[79.701,8.128],[79.697,8.13],[79.697,8.098],[79.722,7.986],[79.738,7.945],[79.748,7.893],[79.76,7.868],[79.763,7.855],[79.786,7.743],[79.786,7.706],[79.786,7.706],[79.787,7.697],[79.789,7.688],[79.796,7.674],[79.802,7.659],[79.802,7.659],[79.801,7.65],[79.8,7.64],[79.795,7.62],[79.793,7.603],[79.786,7.608],[79.783,7.607],[79.779,7.603],[79.785,7.59],[79.834,7.233],[79.832,7.226],[79.828,7.218],[79.826,7.21],[79.83,7.203],[79.831,7.202],[79.836,7.198],[79.85,7.195],[79.854,7.192],[79.859,7.181],[79.862,7.167],[79.862,7.167],[79.862,7.137],[79.862,7.137],[79.861,7.137],[79.861,7.137],[79.859,7.137],[79.856,7.133],[79.854,7.123],[79.848,7.123],[79.843,7.131],[79.834,7.164],[79.829,7.173],[79.824,7.181],[79.82,7.19],[79.82,7.206],[79.814,7.181],[79.862,7.012],[79.862,7.012],[79.862,7.0],[79.859,6.989],[79.849,6.965],[79.848,6.962],[79.848,6.89],[79.849,6.883],[79.863,6.807],[79.949,6.589],[79.97,6.535],[79.97,6.531],[79.978,6.479],[79.975,6.479],[79.975,6.479],[79.97,6.479],[79.965,6.478],[79.964,6.472],[79.967,6.466],[79.971,6.462],[79.976,6.46],[79.978,6.458],[79.982,6.441],[79.994,6.394],[80.012,6.361],[80.021,6.315],[80.029,6.297],[80.031,6.292],[80.031,6.292],[80.03,6.284],[80.03,6.276],[80.03,6.276],[80.032,6.266],[80.078,6.169],[80.087,6.158],[80.091,6.153],[80.093,6.149],[80.093,6.14],[80.093,6.14],[80.094,6.136],[80.096,6.133],[80.097,6.132],[80.097,6.132],[80.104,6.127],[80.185,6.041],[80.204,6.026],[80.211,6.034],[80.211,6.034],[80.221,6.029],[80.226,6.027],[80.248,6.009],[80.26,6.007],[80.278,6.003],[80.32,5.988],[80.327,5.985],[80.327,5.985],[80.328,5.985],[80.331,5.983],[80.338,5.974],[80.339,5.972],[80.341,5.971],[80.346,5.971],[80.35,5.974],[80.354,5.977],[80.358,5.978],[80.366,5.976],[80.37,5.972],[80.374,5.967],[80.379,5.965],[80.385,5.964],[80.412,5.96],[80.427,5.961],[80.444,5.971],[80.444,5.971],[80.447,5.966],[80.451,5.96],[80.457,5.949],[80.465,5.941],[80.482,5.937],[80.54,5.944],[80.547,5.942],[80.557,5.939],[80.574,5.93],[80.591,5.924],[80.598,5.925],[80.605,5.927],[80.629,5.945],[80.643,5.953],[80.656,5.958],[80.673,5.96],[80.673,5.96],[80.714,5.958],[80.732,5.978],[80.771,6.007],[80.809,6.035],[80.819,6.039],[80.835,6.045],[80.862,6.04],[80.877,6.061],[80.903,6.071],[80.958,6.081],[81.008,6.098],[81.113,6.12],[81.134,6.13],[81.156,6.143],[81.168,6.148],[81.176,6.15],[81.182,6.157],[81.184,6.174],[81.188,6.182],[81.194,6.183],[81.195,6.184],[81.195,6.184],[81.203,6.178],[81.203,6.177],[81.204,6.163],[81.204,6.163],[81.325,6.205],[81.362,6.225],[81.548,6.371],[81.573,6.384],[81.592,6.39],[81.65,6.431],[81.681,6.462],[81.776,6.61],[81.787,6.639],[81.787,6.639],[81.78,6.664],[81.78,6.664],[81.789,6.678],[81.808,6.708],[81.814,6.725],[81.817,6.737],[81.832,6.765],[81.835,6.783],[81.836,6.805],[81.839,6.821],[81.885,6.98],[81.89,7.02],[81.889,7.041],[81.878,7.076],[81.876,7.092]]]}},{"type":"Feature","properties":{},"geometry":{"type":"MultiLineString","coordinates":[[[80.968,15.795],[80.937,15.819],[80.888,15.847],[80.879,15.84],[80.868,15.812],[80.918,15.755],[80.943,15.741],[80.943,15.741],[80.972,15.75],[80.985,15.762],[80.989,15.771],[80.989,15.771],[80.983,15.781],[80.968,15.795]]]}},{"type":"Feature","properties":{},"geometry":{"type":"MultiLineString","coordinates":[[[87.405,21.587],[87.469,21.611],[87.477,21.614],[87.621,21.651],[87.642,21.652],[87.684,21.65],[87.704,21.656],[87.756,21.692],[87.834,21.729],[87.867,21.751],[87.893,21.774],[87.895,21.779],[87.896,21.789],[87.899,21.795],[87.902,21.797],[87.909,21.799],[87.948,21.825],[87.958,21.829],[87.97,21.836],[87.984,21.854],[88.032,21.957],[88.047,21.976],[88.051,21.985],[88.049,21.995],[88.045,22.007],[88.043,22.017],[88.049,22.021],[88.085,22.021],[88.111,22.035],[88.141,22.06],[88.164,22.09],[88.174,22.117],[88.161,22.157],[88.133,22.179],[88.095,22.191],[88.057,22.199],[88.025,22.201],[88.008,22.205],[87.992,22.216],[87.965,22.245],[87.953,22.262],[87.948,22.278],[87.936,22.355],[87.923,22.398],[87.907,22.419],[87.907,22.425],[87.928,22.424],[87.94,22.413],[87.946,22.395],[87.948,22.374],[87.951,22.356],[87.964,22.319],[87.967,22.298],[87.973,22.283],[87.985,22.266],[88.009,22.24],[88.027,22.228],[88.043,22.225],[88.06,22.229],[88.077,22.24],[88.081,22.217],[88.118,22.2],[88.165,22.185],[88.198,22.168],[88.203,22.152],[88.213,22.1],[88.222,22.078],[88.207,22.053],[88.164,22.003],[88.156,21.991],[88.15,21.976],[88.147,21.959],[88.159,21.906],[88.156,21.898],[88.154,21.888],[88.204,21.805],[88.21,21.789],[88.201,21.774],[88.21,21.747],[88.203,21.724],[88.19,21.704],[88.181,21.685],[88.182,21.665],[88.189,21.642],[88.208,21.603],[88.224,21.613],[88.237,21.602],[88.246,21.58],[88.249,21.558],[88.254,21.555],[88.266,21.554],[88.279,21.555],[88.287,21.558],[88.298,21.567],[88.304,21.569],[88.306,21.572],[88.304,21.582],[88.301,21.589],[88.288,21.6],[88.283,21.609],[88.284,21.621],[88.294,21.643],[88.297,21.654],[88.295,21.677],[88.264,21.775],[88.262,21.799],[88.273,21.798],[88.29,21.78],[88.298,21.764],[88.302,21.745],[88.304,21.633],[88.31,21.61],[88.322,21.606],[88.335,21.616],[88.345,21.637],[88.349,21.65],[88.349,21.661],[88.346,21.671],[88.327,21.691],[88.325,21.701],[88.326,21.711],[88.331,21.719],[88.336,21.709],[88.341,21.697],[88.346,21.689],[88.356,21.685],[88.365,21.687],[88.381,21.696],[88.393,21.699],[88.383,21.671],[88.384,21.631],[88.393,21.6],[88.41,21.599],[88.426,21.611],[88.442,21.616],[88.456,21.624],[88.468,21.644],[88.472,21.663],[88.469,21.677],[88.455,21.705],[88.452,21.723],[88.453,21.742],[88.458,21.759],[88.468,21.777],[88.474,21.801],[88.481,21.805],[88.488,21.804],[88.494,21.805],[88.496,21.819],[88.492,21.837],[88.477,21.872],[88.474,21.89],[88.481,21.91],[88.492,21.922],[88.5,21.934],[88.496,21.952],[88.515,21.937],[88.515,21.916],[88.496,21.877],[88.516,21.851],[88.531,21.824],[88.533,21.795],[88.513,21.763],[88.505,21.742],[88.51,21.712],[88.53,21.658],[88.523,21.65],[88.519,21.639],[88.517,21.626],[88.516,21.613],[88.514,21.601],[88.509,21.594],[88.502,21.589],[88.496,21.582],[88.488,21.557],[88.494,21.535],[88.513,21.525],[88.544,21.534],[88.534,21.543],[88.53,21.553],[88.53,21.564],[88.536,21.575],[88.545,21.562],[88.559,21.556],[88.572,21.558],[88.578,21.572],[88.578,21.623],[88.595,21.612],[88.6,21.637],[88.592,21.705],[88.599,21.705],[88.613,21.697],[88.623,21.71],[88.63,21.732],[88.633,21.75],[88.624,21.778],[88.604,21.779],[88.581,21.769],[88.565,21.767],[88.565,21.771],[88.565,21.832],[88.567,21.851],[88.598,21.929],[88.6,21.947],[88.599,21.99],[88.603,22.006],[88.62,22.03],[88.626,22.048],[88.625,22.059],[88.62,22.078],[88.618,22.103],[88.619,22.11],[88.622,22.116],[88.631,22.126],[88.635,22.145],[88.644,22.162],[88.646,22.168],[88.65,22.169],[88.656,22.183],[88.661,22.199],[88.66,22.205],[88.68,22.204],[88.683,22.185],[88.674,22.162],[88.657,22.151],[88.639,22.11],[88.639,22.097],[88.645,22.075],[88.649,22.046],[88.653,22.032],[88.653,22.018],[88.646,22.0],[88.632,21.98],[88.627,21.97],[88.626,21.956],[88.631,21.945],[88.643,21.941],[88.656,21.941],[88.667,21.945],[88.679,21.937],[88.69,21.946],[88.698,21.963],[88.702,21.976],[88.723,22.013],[88.731,22.037],[88.719,22.048],[88.699,22.053],[88.693,22.066],[88.695,22.082],[88.702,22.096],[88.712,22.109],[88.727,22.121],[88.744,22.129],[88.763,22.131],[88.73,22.104],[88.715,22.087],[88.709,22.072],[88.717,22.058],[88.755,22.038],[88.763,22.017],[88.758,21.999],[88.747,21.987],[88.733,21.977],[88.722,21.966],[88.717,21.952],[88.715,21.898],[88.695,21.84],[88.698,21.826],[88.704,21.811],[88.685,21.697],[88.688,21.678],[88.722,21.609],[88.708,21.578],[88.728,21.56],[88.762,21.556],[88.791,21.568],[88.797,21.584],[88.791,21.599],[88.782,21.614],[88.777,21.633],[88.777,21.644],[88.779,21.651],[88.784,21.656],[88.794,21.658],[88.8,21.662],[88.805,21.672],[88.811,21.692],[88.817,21.675],[88.819,21.666],[88.818,21.658],[88.815,21.654],[88.798,21.64],[88.806,21.623],[88.824,21.617],[88.844,21.622],[88.859,21.637],[88.86,21.653],[88.843,21.684],[88.838,21.702],[88.842,21.716],[88.856,21.749],[88.859,21.767],[88.866,21.767],[88.872,21.749],[88.882,21.672],[88.886,21.662],[88.892,21.654],[88.897,21.65],[88.934,21.644],[88.976,21.616],[89.0,21.603],[89.02,21.606],[89.022,21.612],[89.028,21.625],[89.034,21.633],[89.037,21.627],[89.039,21.619],[89.045,21.614],[89.053,21.61],[89.064,21.609],[89.083,21.617],[89.088,21.634],[89.085,21.675],[89.083,21.678],[89.068,21.709],[89.048,21.728],[89.044,21.733],[89.031,21.77],[89.016,21.853],[88.996,21.884],[88.968,21.905],[88.952,21.914],[88.938,21.918],[88.924,21.926],[88.911,21.946],[88.905,21.969],[88.914,21.987],[88.929,21.987],[88.935,21.969],[88.938,21.949],[88.945,21.939],[88.96,21.934],[88.993,21.913],[89.01,21.905],[89.008,21.921],[89.013,21.929],[89.023,21.931],[89.037,21.925],[89.061,21.938],[89.066,21.967],[89.057,22.031],[89.054,22.044],[89.04,22.07],[89.037,22.086],[89.04,22.101],[89.046,22.112],[89.049,22.123],[89.044,22.137],[89.06,22.131],[89.06,22.13],[89.063,22.111],[89.057,22.065],[89.062,22.05],[89.084,22.021],[89.091,22.0],[89.091,21.977],[89.08,21.935],[89.078,21.914],[89.08,21.897],[89.105,21.816],[89.109,21.81],[89.119,21.801],[89.141,21.79],[89.155,21.787],[89.16,21.791],[89.165,21.8],[89.174,21.81],[89.183,21.816],[89.188,21.812],[89.188,21.8],[89.19,21.791],[89.221,21.709],[89.219,21.699],[89.208,21.691],[89.204,21.673],[89.21,21.654],[89.229,21.644],[89.249,21.646],[89.269,21.654],[89.286,21.666],[89.298,21.678],[89.277,21.688],[89.274,21.699],[89.291,21.733],[89.295,21.758],[89.284,21.797],[89.284,21.822],[89.291,21.822],[89.296,21.809],[89.301,21.809],[89.306,21.818],[89.323,21.855],[89.329,21.865],[89.339,21.877],[89.356,21.893],[89.36,21.902],[89.36,21.918],[89.355,21.932],[89.349,21.944],[89.346,21.957],[89.352,21.972],[89.36,21.972],[89.364,21.955],[89.383,21.921],[89.387,21.901],[89.384,21.878],[89.371,21.847],[89.366,21.829],[89.363,21.784],[89.364,21.758],[89.37,21.743],[89.395,21.716],[89.406,21.717],[89.443,21.747],[89.456,21.762],[89.466,21.781],[89.469,21.804],[89.467,21.829],[89.464,21.845],[89.465,21.859],[89.476,21.877],[89.489,21.888],[89.502,21.898],[89.513,21.909],[89.522,21.962],[89.52,21.969],[89.513,21.978],[89.5,22.003],[89.497,22.014],[89.493,22.019],[89.49,22.024],[89.489,22.031],[89.492,22.035],[89.504,22.037],[89.509,22.041],[89.517,22.066],[89.518,22.081],[89.513,22.092],[89.507,22.101],[89.502,22.113],[89.498,22.125],[89.497,22.134],[89.494,22.137],[89.489,22.13],[89.484,22.117],[89.483,22.103],[89.476,22.103],[89.467,22.229],[89.476,22.295],[89.483,22.295],[89.493,22.274],[89.494,22.254],[89.489,22.209],[89.492,22.188],[89.537,22.089],[89.536,22.076],[89.526,22.055],[89.523,22.045],[89.525,22.0],[89.533,21.985],[89.551,21.994],[89.556,22.008],[89.564,22.072],[89.567,22.082],[89.577,22.101],[89.579,22.113],[89.579,22.136],[89.576,22.145],[89.571,22.158],[89.55,22.192],[89.549,22.205],[89.561,22.223],[89.58,22.237],[89.586,22.245],[89.577,22.268],[89.581,22.277],[89.592,22.288],[89.606,22.316],[89.615,22.328],[89.626,22.336],[89.617,22.318],[89.611,22.299],[89.607,22.278],[89.606,22.257],[89.598,22.24],[89.567,22.203],[89.568,22.189],[89.581,22.174],[89.594,22.155],[89.603,22.135],[89.606,22.113],[89.601,22.091],[89.577,22.052],[89.571,22.031],[89.563,21.973],[89.568,21.901],[89.564,21.884],[89.557,21.869],[89.538,21.849],[89.53,21.836],[89.527,21.813],[89.539,21.771],[89.537,21.754],[89.566,21.713],[89.587,21.701],[89.606,21.719],[89.604,21.728],[89.593,21.754],[89.595,21.76],[89.62,21.764],[89.632,21.764],[89.644,21.757],[89.668,21.751],[89.69,21.765],[89.701,21.785],[89.692,21.795],[89.672,21.804],[89.65,21.826],[89.63,21.851],[89.619,21.87],[89.647,21.925],[89.661,21.906],[89.663,21.896],[89.653,21.879],[89.653,21.868],[89.657,21.857],[89.661,21.849],[89.673,21.84],[89.69,21.834],[89.709,21.83],[89.726,21.829],[89.738,21.834],[89.753,21.844],[89.766,21.847],[89.771,21.832],[89.776,21.828],[89.786,21.829],[89.805,21.836],[89.814,21.841],[89.818,21.845],[89.82,21.85],[89.825,21.856],[89.851,21.878],[89.873,21.882],[89.88,21.884],[89.887,21.9],[89.882,21.913],[89.872,21.924],[89.864,21.943],[89.85,21.963],[89.846,21.972],[89.846,21.983],[89.851,22.001],[89.852,22.01],[89.848,22.034],[89.836,22.049],[89.818,22.06],[89.797,22.069],[89.797,22.076],[89.816,22.076],[89.832,22.072],[89.846,22.071],[89.863,22.079],[89.871,22.092],[89.874,22.109],[89.873,22.144],[89.861,22.211],[89.851,22.247],[89.839,22.268],[89.88,22.342],[89.884,22.364],[89.881,22.381],[89.875,22.398],[89.873,22.419],[89.903,22.396],[89.92,22.392],[89.928,22.408],[89.934,22.424],[89.947,22.44],[89.98,22.47],[89.983,22.473],[90.01,22.49],[89.998,22.481],[89.992,22.47],[89.988,22.458],[89.983,22.445],[89.9,22.334],[89.88,22.288],[89.877,22.275],[89.875,22.264],[89.877,22.253],[89.88,22.24],[89.886,22.231],[89.898,22.212],[89.901,22.202],[89.903,22.177],[89.912,22.136],[89.915,22.062],[89.917,22.05],[89.926,22.027],[89.928,22.017],[89.934,21.998],[89.95,21.981],[89.968,21.975],[89.983,21.987],[89.985,21.999],[89.983,22.045],[89.989,22.053],[90.015,22.078],[90.024,22.089],[90.04,22.138],[90.053,22.155],[90.078,22.164],[90.073,22.152],[90.063,22.146],[90.052,22.141],[90.043,22.131],[90.039,22.116],[90.035,22.105],[90.038,22.075],[90.035,22.06],[90.029,22.053],[90.02,22.049],[90.011,22.041],[90.003,22.029],[90.002,22.014],[89.996,22.0],[90.028,21.988],[90.038,21.987],[90.052,21.989],[90.058,21.994],[90.061,22.001],[90.074,22.019],[90.082,22.041],[90.089,22.051],[90.148,22.111],[90.165,22.12],[90.192,22.123],[90.206,22.133],[90.218,22.156],[90.236,22.199],[90.239,22.172],[90.232,22.146],[90.216,22.123],[90.195,22.11],[90.19,22.111],[90.182,22.115],[90.173,22.117],[90.164,22.113],[90.159,22.107],[90.152,22.095],[90.147,22.089],[90.106,22.054],[90.096,22.04],[90.093,22.028],[90.091,22.015],[90.086,22.0],[90.077,21.988],[90.066,21.98],[90.054,21.973],[90.045,21.966],[90.034,21.944],[90.031,21.889],[90.024,21.862],[90.036,21.861],[90.049,21.851],[90.058,21.849],[90.067,21.853],[90.079,21.867],[90.089,21.87],[90.098,21.879],[90.116,21.919],[90.126,21.932],[90.121,21.922],[90.122,21.915],[90.125,21.91],[90.126,21.901],[90.121,21.889],[90.111,21.88],[90.105,21.87],[90.112,21.856],[90.095,21.859],[90.089,21.847],[90.093,21.83],[90.109,21.822],[90.127,21.819],[90.164,21.804],[90.185,21.801],[90.204,21.805],[90.218,21.813],[90.273,21.857],[90.283,21.871],[90.291,21.89],[90.3,21.928],[90.304,21.966],[90.309,21.984],[90.328,22.02],[90.332,22.038],[90.335,22.042],[90.347,22.055],[90.366,22.081],[90.37,22.09],[90.374,22.103],[90.377,22.134],[90.38,22.144],[90.384,22.146],[90.389,22.143],[90.393,22.143],[90.395,22.157],[90.397,22.161],[90.399,22.162],[90.401,22.164],[90.408,22.171],[90.413,22.178],[90.414,22.186],[90.41,22.196],[90.406,22.2],[90.399,22.202],[90.391,22.209],[90.389,22.223],[90.399,22.267],[90.394,22.288],[90.411,22.284],[90.414,22.272],[90.408,22.24],[90.41,22.227],[90.422,22.199],[90.417,22.175],[90.393,22.127],[90.387,22.103],[90.394,22.095],[90.408,22.086],[90.425,22.079],[90.439,22.076],[90.45,22.081],[90.46,22.092],[90.488,22.139],[90.494,22.154],[90.497,22.168],[90.501,22.177],[90.512,22.185],[90.538,22.199],[90.558,22.203],[90.582,22.238],[90.613,22.315],[90.619,22.356],[90.618,22.377],[90.613,22.397],[90.594,22.432],[90.586,22.451],[90.586,22.473],[90.591,22.471],[90.607,22.466],[90.59,22.5],[90.578,22.534],[90.56,22.562],[90.524,22.583],[90.505,22.586],[90.487,22.584],[90.473,22.576],[90.463,22.562],[90.46,22.551],[90.464,22.531],[90.463,22.521],[90.458,22.515],[90.451,22.51],[90.445,22.504],[90.442,22.494],[90.442,22.509],[90.453,22.564],[90.459,22.579],[90.469,22.585],[90.491,22.588],[90.5,22.592],[90.51,22.604],[90.513,22.611],[90.509,22.646],[90.497,22.679],[90.493,22.71],[90.49,22.72],[90.479,22.735],[90.462,22.749],[90.445,22.752],[90.435,22.733],[90.416,22.742],[90.387,22.751],[90.373,22.761],[90.394,22.775],[90.406,22.763],[90.42,22.768],[90.424,22.782],[90.408,22.795],[90.436,22.801],[90.448,22.828],[90.457,22.862],[90.476,22.884],[90.49,22.885],[90.505,22.882],[90.52,22.88],[90.535,22.887],[90.54,22.897],[90.536,22.903],[90.524,22.912],[90.521,22.916],[90.517,22.917],[90.513,22.917],[90.51,22.918],[90.508,22.925],[90.509,22.937],[90.507,22.942],[90.487,22.966],[90.468,22.996],[90.454,23.028],[90.45,23.049],[90.449,23.056],[90.454,23.072],[90.466,23.077],[90.504,23.076],[90.523,23.08],[90.537,23.087],[90.548,23.097],[90.559,23.111],[90.566,23.111],[90.566,23.104],[90.556,23.097],[90.551,23.087],[90.554,23.079],[90.566,23.076],[90.572,23.082],[90.599,23.117],[90.603,23.141],[90.598,23.2],[90.594,23.22],[90.603,23.211],[90.61,23.201],[90.615,23.195],[90.611,23.231],[90.607,23.247],[90.577,23.288],[90.569,23.295],[90.504,23.302],[90.488,23.307],[90.46,23.32],[90.428,23.326],[90.42,23.336],[90.413,23.348],[90.404,23.36],[90.389,23.372],[90.259,23.445],[90.249,23.455],[90.25,23.467],[90.284,23.446],[90.322,23.433],[90.518,23.398],[90.552,23.385],[90.554,23.401],[90.56,23.418],[90.568,23.433],[90.576,23.439],[90.579,23.45],[90.577,23.539],[90.569,23.548],[90.532,23.549],[90.515,23.551],[90.498,23.557],[90.484,23.567],[90.476,23.583],[90.502,23.568],[90.515,23.564],[90.532,23.562],[90.547,23.564],[90.559,23.568],[90.564,23.576],[90.559,23.59],[90.595,23.604],[90.612,23.606],[90.62,23.597],[90.624,23.598],[90.625,23.598],[90.625,23.599],[90.627,23.603],[90.633,23.597],[90.608,23.586],[90.592,23.562],[90.588,23.534],[90.603,23.495],[90.608,23.491],[90.622,23.5],[90.647,23.508],[90.667,23.518],[90.678,23.517],[90.695,23.508],[90.702,23.528],[90.684,23.542],[90.675,23.551],[90.678,23.555],[90.696,23.555],[90.706,23.555],[90.711,23.549],[90.716,23.535],[90.715,23.498],[90.692,23.486],[90.633,23.487],[90.609,23.473],[90.6,23.45],[90.599,23.391],[90.602,23.372],[90.611,23.342],[90.628,23.322],[90.654,23.33],[90.653,23.325],[90.655,23.323],[90.658,23.323],[90.661,23.322],[90.65,23.314],[90.651,23.3],[90.667,23.268],[90.661,23.268],[90.665,23.249],[90.657,23.23],[90.646,23.211],[90.64,23.189],[90.639,23.148],[90.627,23.087],[90.627,23.076],[90.629,23.064],[90.64,23.038],[90.717,22.941],[90.723,22.928],[90.726,22.906],[90.733,22.889],[90.742,22.874],[90.75,22.857],[90.757,22.823],[90.77,22.795],[90.771,22.785],[90.774,22.778],[90.788,22.759],[90.795,22.741],[90.803,22.736],[90.812,22.732],[90.82,22.726],[90.831,22.691],[90.836,22.685],[90.865,22.687],[90.876,22.683],[90.884,22.654],[90.899,22.636],[90.902,22.627],[90.908,22.618],[90.936,22.6],[90.942,22.586],[90.955,22.576],[90.985,22.574],[91.018,22.579],[91.038,22.589],[91.04,22.608],[91.032,22.637],[91.019,22.664],[91.004,22.679],[91.018,22.683],[91.027,22.674],[91.038,22.644],[91.049,22.626],[91.059,22.614],[91.07,22.572],[91.089,22.544],[91.127,22.527],[91.177,22.536],[91.203,22.543],[91.221,22.557],[91.242,22.575],[91.253,22.614],[91.261,22.628],[91.264,22.641],[91.253,22.661],[91.227,22.671],[91.169,22.685],[91.169,22.692],[91.192,22.692],[91.199,22.699],[91.195,22.71],[91.182,22.72],[91.182,22.726],[91.216,22.726],[91.231,22.724],[91.243,22.72],[91.244,22.717],[91.243,22.702],[91.245,22.698],[91.248,22.698],[91.253,22.699],[91.283,22.693],[91.284,22.692],[91.301,22.693],[91.317,22.697],[91.33,22.706],[91.333,22.72],[91.325,22.726],[91.309,22.733],[91.291,22.738],[91.343,22.739],[91.36,22.743],[91.37,22.752],[91.367,22.762],[91.346,22.767],[91.346,22.775],[91.368,22.774],[91.385,22.771],[91.4,22.764],[91.415,22.754],[91.412,22.778],[91.417,22.8],[91.43,22.816],[91.452,22.823],[91.462,22.833],[91.48,22.886],[91.483,22.905],[91.49,22.905],[91.49,22.881],[91.474,22.838],[91.468,22.809],[91.458,22.797],[91.456,22.785],[91.458,22.772],[91.462,22.762],[91.469,22.757],[91.477,22.761],[91.485,22.746],[91.499,22.727],[91.516,22.712],[91.548,22.7],[91.676,22.535],[91.744,22.411],[91.754,22.375],[91.772,22.26],[91.787,22.238],[91.809,22.236],[91.826,22.248],[91.826,22.268],[91.817,22.274],[91.805,22.278],[91.794,22.286],[91.791,22.302],[91.799,22.312],[91.823,22.324],[91.826,22.329],[91.844,22.335],[91.859,22.347],[91.87,22.358],[91.877,22.363],[91.876,22.371],[91.886,22.41],[91.888,22.425],[91.902,22.424],[91.908,22.425],[91.885,22.354],[91.874,22.336],[91.852,22.325],[91.827,22.318],[91.809,22.306],[91.812,22.281],[91.819,22.276],[91.83,22.271],[91.838,22.263],[91.84,22.247],[91.835,22.238],[91.826,22.23],[91.817,22.22],[91.812,22.205],[91.813,22.18],[91.819,22.156],[91.829,22.134],[91.84,22.117],[91.846,22.117],[91.846,22.136],[91.853,22.149],[91.862,22.151],[91.867,22.137],[91.864,22.14],[91.854,22.144],[91.855,22.109],[91.881,22.007],[91.881,21.969],[91.884,21.96],[91.898,21.945],[91.901,21.935],[91.906,21.896],[91.91,21.875],[91.916,21.862],[91.922,21.872],[91.93,21.879],[91.939,21.883],[91.95,21.884],[91.95,21.877],[91.936,21.871],[91.926,21.863],[91.922,21.853],[91.929,21.843],[91.911,21.835],[91.901,21.813],[91.899,21.789],[91.909,21.781],[91.924,21.785],[91.944,21.791],[91.99,21.795],[91.99,21.788],[91.967,21.779],[91.96,21.764],[91.967,21.755],[91.984,21.767],[91.99,21.76],[91.975,21.746],[91.962,21.744],[91.953,21.738],[91.95,21.716],[91.954,21.701],[91.963,21.69],[91.972,21.688],[91.977,21.705],[91.984,21.705],[91.984,21.694],[91.979,21.678],[91.976,21.662],[91.984,21.65],[92.001,21.65],[92.012,21.664],[92.025,21.699],[92.018,21.699],[92.022,21.702],[92.024,21.705],[92.025,21.713],[92.029,21.705],[92.029,21.696],[92.026,21.687],[92.023,21.677],[92.029,21.675],[92.036,21.668],[92.038,21.66],[92.032,21.65],[92.036,21.64],[92.033,21.633],[92.018,21.616],[92.022,21.599],[92.012,21.585],[91.999,21.573],[91.99,21.562],[91.99,21.543],[91.995,21.523],[92.005,21.504],[92.018,21.493],[91.999,21.499],[91.983,21.489],[91.971,21.47],[91.963,21.452],[91.96,21.454],[91.959,21.454],[91.958,21.455],[91.956,21.458],[91.95,21.458],[91.953,21.442],[91.96,21.424],[91.969,21.41],[91.98,21.404],[91.99,21.394],[92.045,21.3],[92.05,21.28],[92.052,21.257],[92.044,21.192],[92.045,21.171],[92.053,21.155],[92.097,21.106],[92.108,21.09],[92.124,21.06],[92.134,21.048],[92.186,21.006],[92.193,20.996],[92.21,20.931],[92.278,20.814],[92.301,20.762],[92.309,20.753],[92.314,20.749],[92.319,20.742],[92.326,20.739],[92.334,20.746],[92.336,20.757],[92.333,20.768],[92.326,20.781],[92.308,20.833],[92.305,20.852],[92.301,20.862],[92.272,20.904],[92.261,20.94],[92.257,20.981],[92.259,21.023],[92.265,21.061],[92.271,21.049],[92.281,20.959],[92.288,20.944],[92.305,20.918],[92.361,20.767],[92.371,20.721],[92.381,20.7],[92.398,20.691],[92.408,20.688],[92.429,20.674],[92.439,20.671],[92.454,20.669],[92.46,20.663],[92.463,20.654],[92.471,20.643],[92.507,20.609],[92.52,20.59],[92.529,20.543],[92.54,20.528],[92.633,20.447],[92.653,20.418],[92.697,20.308],[92.706,20.293],[92.724,20.271],[92.731,20.259],[92.739,20.28],[92.731,20.383],[92.738,20.428],[92.737,20.445],[92.717,20.5],[92.708,20.579],[92.704,20.589],[92.659,20.653],[92.635,20.698],[92.663,20.679],[92.7,20.62],[92.721,20.592],[92.737,20.563],[92.742,20.529],[92.751,20.499],[92.779,20.478],[92.773,20.477],[92.759,20.472],[92.769,20.455],[92.785,20.463],[92.797,20.484],[92.793,20.506],[92.815,20.505],[92.827,20.495],[92.832,20.479],[92.841,20.39],[92.847,20.377],[92.857,20.368],[92.881,20.349],[92.888,20.34],[92.89,20.334],[92.893,20.33],[92.905,20.328],[92.925,20.328],[92.934,20.326],[92.943,20.321],[92.901,20.308],[92.864,20.301],[92.799,20.259],[92.787,20.246],[92.778,20.232],[92.774,20.217],[92.772,20.201],[92.783,20.19],[92.847,20.143],[92.855,20.131],[92.86,20.125],[92.868,20.122],[92.881,20.123],[92.889,20.128],[92.895,20.133],[92.898,20.136],[92.936,20.212],[92.995,20.287],[93.016,20.325],[93.025,20.368],[93.02,20.424],[93.023,20.453],[93.036,20.475],[93.049,20.492],[93.06,20.513],[93.069,20.536],[93.073,20.555],[93.086,20.533],[93.071,20.496],[93.032,20.431],[93.031,20.41],[93.034,20.384],[93.043,20.365],[93.06,20.362],[93.073,20.377],[93.082,20.417],[93.1,20.431],[93.091,20.381],[93.081,20.359],[93.056,20.349],[93.041,20.332],[93.019,20.256],[93.001,20.239],[92.987,20.187],[92.99,20.155],[93.019,20.15],[93.047,20.168],[93.089,20.21],[93.121,20.218],[93.121,20.212],[93.115,20.203],[93.094,20.15],[93.087,20.15],[93.087,20.157],[93.085,20.161],[93.083,20.165],[93.08,20.17],[93.065,20.147],[93.054,20.135],[93.042,20.129],[92.988,20.125],[92.97,20.129],[92.974,20.117],[92.976,20.088],[92.981,20.078],[92.992,20.068],[93.012,20.04],[93.038,20.013],[93.049,19.995],[93.053,19.968],[93.059,19.951],[93.113,19.874],[93.125,19.847],[93.135,19.834],[93.139,19.832],[93.149,19.829],[93.169,19.807],[93.169,19.809],[93.159,19.824],[93.156,19.828],[93.151,19.83],[93.147,19.833],[93.135,19.848],[93.13,19.862],[93.124,19.894],[93.106,19.931],[93.102,19.964],[93.109,19.994],[93.132,20.007],[93.148,19.994],[93.161,19.966],[93.176,19.917],[93.201,19.863],[93.218,19.837],[93.238,19.821],[93.236,19.847],[93.176,19.958],[93.156,20.026],[93.137,20.059],[93.13,20.075],[93.128,20.095],[93.136,20.082],[93.147,20.07],[93.161,20.061],[93.176,20.054],[93.19,20.064],[93.215,20.059],[93.245,20.05],[93.272,20.048],[93.294,20.054],[93.313,20.065],[93.327,20.081],[93.334,20.102],[93.341,20.102],[93.356,20.038],[93.362,20.026],[93.372,20.031],[93.375,20.051],[93.375,20.089],[93.382,20.089],[93.384,20.064],[93.404,20.013],[93.41,19.989],[93.414,19.978],[93.423,19.965],[93.435,19.955],[93.447,19.951],[93.457,19.954],[93.463,19.962],[93.47,19.985],[93.475,19.98],[93.487,19.97],[93.492,19.965],[93.496,19.977],[93.503,19.986],[93.514,19.993],[93.526,19.999],[93.53,19.992],[93.532,19.985],[93.517,19.981],[93.512,19.97],[93.517,19.959],[93.532,19.951],[93.518,19.94],[93.529,19.93],[93.566,19.917],[93.56,19.913],[93.552,19.906],[93.547,19.903],[93.555,19.894],[93.567,19.886],[93.581,19.881],[93.594,19.882],[93.601,19.889],[93.608,19.907],[93.611,19.91],[93.629,19.909],[93.638,19.91],[93.646,19.913],[93.657,19.916],[93.708,19.917],[93.712,19.92],[93.712,19.934],[93.718,19.938],[93.726,19.937],[93.734,19.932],[93.74,19.925],[93.745,19.917],[93.73,19.914],[93.726,19.906],[93.729,19.894],[93.738,19.882],[93.704,19.885],[93.68,19.883],[93.661,19.871],[93.606,19.796],[93.601,19.783],[93.601,19.719],[93.616,19.724],[93.623,19.734],[93.636,19.76],[93.636,19.735],[93.648,19.725],[93.694,19.725],[93.702,19.734],[93.709,19.754],[93.722,19.769],[93.752,19.766],[93.742,19.754],[93.719,19.744],[93.711,19.732],[93.709,19.714],[93.713,19.698],[93.721,19.685],[93.731,19.678],[93.761,19.675],[93.784,19.691],[93.799,19.718],[93.807,19.746],[93.813,19.739],[93.827,19.719],[93.816,19.703],[93.803,19.689],[93.794,19.674],[93.8,19.656],[93.779,19.663],[93.756,19.661],[93.738,19.651],[93.731,19.633],[93.74,19.617],[93.777,19.603],[93.786,19.591],[93.794,19.571],[93.815,19.553],[93.855,19.527],[93.882,19.502],[93.892,19.499],[93.916,19.499],[93.927,19.497],[93.937,19.492],[93.919,19.484],[93.915,19.473],[93.924,19.462],[93.947,19.458],[93.978,19.464],[93.984,19.464],[93.991,19.457],[93.99,19.45],[93.984,19.437],[93.988,19.405],[93.987,19.387],[93.981,19.372],[93.964,19.348],[93.961,19.346],[93.953,19.343],[93.95,19.342],[93.949,19.338],[93.951,19.325],[93.95,19.321],[93.93,19.3],[93.865,19.254],[93.834,19.238],[93.797,19.235],[93.755,19.247],[93.723,19.268],[93.718,19.293],[93.688,19.297],[93.665,19.306],[93.621,19.334],[93.637,19.349],[93.631,19.372],[93.611,19.403],[93.577,19.403],[93.568,19.407],[93.564,19.415],[93.56,19.424],[93.553,19.431],[93.53,19.432],[93.508,19.423],[93.491,19.408],[93.484,19.393],[93.483,19.351],[93.487,19.334],[93.498,19.314],[93.556,19.238],[93.567,19.231],[93.594,19.177],[93.607,19.162],[93.642,19.134],[93.649,19.119],[93.651,19.109],[93.655,19.097],[93.66,19.086],[93.666,19.077],[93.671,19.067],[93.668,19.044],[93.67,19.033],[93.679,19.02],[93.686,19.018],[93.694,19.021],[93.704,19.018],[93.715,19.01],[93.721,19.001],[93.727,18.992],[93.735,18.981],[93.75,18.97],[93.794,18.954],[93.814,18.944],[93.866,18.895],[93.907,18.882],[93.92,18.867],[93.93,18.859],[93.944,18.868],[93.942,18.87],[93.939,18.876],[93.937,18.884],[93.937,18.889],[93.939,18.891],[93.948,18.894],[93.95,18.895],[93.974,18.923],[93.978,18.933],[93.979,18.942],[93.983,18.957],[93.984,18.968],[93.981,18.981],[93.965,19.001],[93.958,19.012],[93.952,19.032],[93.95,19.098],[93.952,19.11],[93.956,19.118],[93.955,19.127],[93.947,19.139],[93.915,19.17],[93.91,19.177],[93.91,19.191],[93.916,19.204],[93.925,19.21],[93.937,19.205],[93.941,19.195],[93.943,19.17],[93.947,19.16],[93.973,19.146],[93.994,19.159],[94.01,19.18],[94.022,19.191],[94.033,19.205],[94.033,19.235],[94.025,19.287],[94.031,19.316],[94.057,19.363],[94.067,19.389],[94.074,19.374],[94.07,19.351],[94.06,19.33],[94.05,19.321],[94.046,19.305],[94.053,19.221],[94.051,19.208],[94.037,19.182],[94.033,19.169],[94.032,19.154],[94.038,19.132],[94.039,19.122],[94.034,19.106],[94.029,19.095],[94.031,19.088],[94.047,19.081],[94.057,19.081],[94.08,19.087],[94.094,19.087],[94.087,19.081],[94.06,19.064],[94.062,19.057],[94.064,19.049],[94.066,19.043],[94.063,19.04],[94.053,19.022],[94.051,19.015],[94.041,18.998],[94.039,18.985],[94.04,18.971],[94.053,18.937],[94.037,18.918],[94.032,18.889],[94.038,18.859],[94.053,18.841],[94.057,18.844],[94.067,18.848],[94.078,18.833],[94.098,18.822],[94.12,18.817],[94.135,18.82],[94.133,18.832],[94.134,18.847],[94.138,18.86],[94.149,18.868],[94.147,18.84],[94.153,18.821],[94.183,18.786],[94.212,18.742],[94.228,18.736],[94.252,18.752],[94.264,18.746],[94.279,18.739],[94.212,18.726],[94.175,18.725],[94.156,18.739],[94.149,18.739],[94.149,18.731],[94.249,18.639],[94.253,18.628],[94.262,18.545],[94.259,18.536],[94.245,18.539],[94.259,18.509],[94.28,18.48],[94.331,18.426],[94.339,18.41],[94.344,18.391],[94.351,18.375],[94.365,18.369],[94.39,18.363],[94.4,18.348],[94.405,18.33],[94.417,18.314],[94.409,18.309],[94.397,18.291],[94.389,18.286],[94.379,18.287],[94.366,18.299],[94.35,18.293],[94.339,18.306],[94.331,18.303],[94.328,18.295],[94.326,18.282],[94.326,18.268],[94.328,18.259],[94.342,18.248],[94.361,18.246],[94.407,18.251],[94.423,18.242],[94.43,18.222],[94.437,18.182],[94.441,18.176],[94.452,18.165],[94.458,18.156],[94.461,18.144],[94.461,18.133],[94.462,18.122],[94.481,18.094],[94.491,18.072],[94.495,18.049],[94.492,18.026],[94.482,18.015],[94.451,18.002],[94.444,17.988],[94.447,17.973],[94.483,17.902],[94.49,17.876],[94.492,17.817],[94.502,17.787],[94.544,17.748],[94.553,17.727],[94.557,17.682],[94.563,17.662],[94.574,17.642],[94.59,17.626],[94.595,17.615],[94.591,17.604],[94.591,17.593],[94.609,17.56],[94.615,17.546],[94.597,17.558],[94.577,17.576],[94.56,17.582],[94.553,17.556],[94.554,17.544],[94.555,17.538],[94.559,17.533],[94.567,17.519],[94.57,17.505],[94.57,17.494],[94.567,17.477],[94.568,17.463],[94.577,17.358],[94.594,17.292],[94.584,17.303],[94.573,17.311],[94.559,17.316],[94.546,17.32],[94.545,17.296],[94.533,17.29],[94.519,17.288],[94.512,17.275],[94.509,17.23],[94.512,17.217],[94.518,17.213],[94.527,17.209],[94.535,17.205],[94.54,17.197],[94.538,17.187],[94.53,17.182],[94.522,17.178],[94.519,17.173],[94.511,17.169],[94.465,17.189],[94.454,17.18],[94.453,17.166],[94.458,17.154],[94.486,17.141],[94.489,17.124],[94.484,17.106],[94.478,17.093],[94.462,17.07],[94.458,17.06],[94.457,17.051],[94.458,16.983],[94.454,16.965],[94.444,16.95],[94.465,16.95],[94.435,16.91],[94.423,16.901],[94.412,16.901],[94.401,16.904],[94.391,16.907],[94.382,16.901],[94.379,16.887],[94.383,16.872],[94.396,16.847],[94.401,16.831],[94.403,16.788],[94.398,16.776],[94.38,16.755],[94.375,16.741],[94.373,16.729],[94.364,16.701],[94.362,16.686],[94.362,16.635],[94.352,16.619],[94.328,16.606],[94.328,16.6],[94.346,16.592],[94.349,16.578],[94.341,16.548],[94.331,16.529],[94.309,16.528],[94.273,16.538],[94.268,16.527],[94.273,16.466],[94.259,16.387],[94.254,16.379],[94.242,16.366],[94.238,16.361],[94.235,16.348],[94.238,16.273],[94.215,16.158],[94.209,16.045],[94.21,16.029],[94.215,16.015],[94.24,15.976],[94.251,15.968],[94.266,15.975],[94.287,15.998],[94.301,15.99],[94.321,15.99],[94.34,15.996],[94.348,16.007],[94.351,16.034],[94.361,16.049],[94.376,16.056],[94.396,16.059],[94.428,16.074],[94.456,16.106],[94.507,16.19],[94.513,16.205],[94.517,16.224],[94.519,16.247],[94.516,16.287],[94.521,16.295],[94.54,16.292],[94.548,16.287],[94.554,16.28],[94.562,16.274],[94.574,16.271],[94.584,16.275],[94.593,16.284],[94.599,16.294],[94.607,16.326],[94.618,16.342],[94.63,16.344],[94.636,16.326],[94.615,16.286],[94.593,16.259],[94.582,16.243],[94.584,16.237],[94.607,16.243],[94.628,16.26],[94.644,16.284],[94.65,16.309],[94.655,16.323],[94.678,16.349],[94.684,16.364],[94.684,16.422],[94.67,16.51],[94.677,16.532],[94.684,16.511],[94.697,16.508],[94.732,16.525],[94.732,16.51],[94.725,16.505],[94.717,16.503],[94.711,16.497],[94.706,16.484],[94.706,16.473],[94.722,16.378],[94.732,16.367],[94.732,16.361],[94.721,16.362],[94.711,16.36],[94.705,16.353],[94.685,16.292],[94.674,16.275],[94.665,16.258],[94.669,16.241],[94.684,16.209],[94.687,16.165],[94.679,16.121],[94.663,16.08],[94.642,16.045],[94.589,15.996],[94.562,15.962],[94.567,15.935],[94.59,15.932],[94.615,15.944],[94.671,15.997],[94.689,16.007],[94.705,16.021],[94.718,16.045],[94.725,16.064],[94.752,16.107],[94.766,16.139],[94.775,16.152],[94.794,16.162],[94.793,16.148],[94.785,16.14],[94.777,16.135],[94.773,16.131],[94.772,16.111],[94.77,16.102],[94.766,16.093],[94.758,16.083],[94.749,16.076],[94.742,16.067],[94.732,16.017],[94.703,15.982],[94.666,15.958],[94.629,15.939],[94.601,15.921],[94.61,15.905],[94.622,15.892],[94.633,15.89],[94.636,15.908],[94.645,15.887],[94.649,15.869],[94.659,15.854],[94.684,15.847],[94.704,15.848],[94.721,15.857],[94.735,15.868],[94.745,15.881],[94.774,15.943],[94.787,15.962],[94.846,16.0],[94.855,16.014],[94.856,16.018],[94.869,16.041],[94.868,16.045],[94.864,16.05],[94.862,16.056],[94.86,16.065],[94.851,16.086],[94.848,16.097],[94.849,16.14],[94.855,16.16],[94.866,16.169],[94.868,16.174],[94.893,16.206],[94.903,16.21],[94.925,16.209],[94.943,16.216],[94.967,16.22],[94.972,16.227],[94.975,16.232],[94.988,16.244],[94.992,16.251],[94.987,16.232],[94.975,16.214],[94.959,16.201],[94.941,16.196],[94.917,16.192],[94.9,16.184],[94.887,16.171],[94.868,16.142],[94.863,16.128],[94.864,16.112],[94.88,16.08],[94.885,16.036],[94.889,16.017],[94.924,16.039],[94.921,16.019],[94.907,16.006],[94.889,15.999],[94.873,15.998],[94.863,15.992],[94.85,15.978],[94.84,15.962],[94.835,15.949],[94.836,15.937],[94.848,15.908],[94.85,15.895],[94.848,15.864],[94.853,15.84],[94.864,15.844],[94.883,15.867],[94.888,15.864],[94.893,15.857],[94.896,15.847],[94.897,15.839],[94.89,15.827],[94.881,15.82],[94.869,15.815],[94.859,15.809],[94.847,15.791],[94.859,15.783],[94.904,15.778],[94.938,15.764],[94.95,15.763],[94.976,15.764],[94.981,15.767],[94.986,15.773],[94.99,15.781],[94.992,15.788],[94.998,15.795],[95.01,15.799],[95.024,15.802],[95.034,15.806],[95.047,15.822],[95.055,15.846],[95.073,15.971],[95.074,15.998],[95.068,16.048],[95.071,16.075],[95.094,16.094],[95.122,16.132],[95.129,16.148],[95.136,16.148],[95.142,16.135],[95.149,16.132],[95.156,16.134],[95.163,16.135],[95.178,16.14],[95.184,16.141],[95.189,16.139],[95.194,16.129],[95.201,16.127],[95.212,16.127],[95.223,16.124],[95.226,16.12],[95.218,16.114],[95.207,16.112],[95.174,16.114],[95.138,16.1],[95.11,16.067],[95.098,16.025],[95.108,15.984],[95.129,16.039],[95.138,16.007],[95.115,15.894],[95.116,15.855],[95.126,15.818],[95.145,15.789],[95.174,15.778],[95.213,15.787],[95.224,15.81],[95.218,15.884],[95.224,15.919],[95.239,15.95],[95.273,16.004],[95.276,15.971],[95.263,15.941],[95.246,15.915],[95.239,15.894],[95.252,15.868],[95.275,15.876],[95.297,15.903],[95.312,15.947],[95.342,15.984],[95.346,15.996],[95.349,16.042],[95.346,16.061],[95.332,16.091],[95.327,16.107],[95.33,16.12],[95.338,16.13],[95.348,16.139],[95.355,16.148],[95.362,16.148],[95.357,16.129],[95.35,16.117],[95.345,16.105],[95.349,16.086],[95.364,16.055],[95.368,16.039],[95.369,16.017],[95.364,15.985],[95.355,15.951],[95.339,15.922],[95.314,15.901],[95.318,15.884],[95.313,15.867],[95.302,15.852],[95.29,15.847],[95.283,15.838],[95.288,15.74],[95.294,15.728],[95.311,15.723],[95.374,15.715],[95.396,15.716],[95.416,15.723],[95.432,15.734],[95.462,15.761],[95.523,15.804],[95.665,15.949],[95.687,15.988],[95.691,16.001],[95.691,16.048],[95.697,16.066],[95.725,16.106],[95.732,16.127],[95.725,16.223],[95.735,16.213],[95.741,16.195],[95.745,16.175],[95.746,16.158],[95.756,16.145],[95.777,16.141],[95.798,16.145],[95.818,16.176],[95.89,16.244],[95.886,16.218],[95.883,16.209],[95.908,16.212],[95.922,16.225],[95.934,16.243],[95.951,16.258],[95.949,16.239],[95.942,16.227],[95.942,16.219],[95.962,16.217],[95.98,16.223],[96.019,16.257],[96.068,16.31],[96.067,16.336],[96.007,16.387],[96.077,16.361],[96.089,16.35],[96.098,16.329],[96.119,16.322],[96.144,16.325],[96.164,16.333],[96.222,16.345],[96.285,16.366],[96.305,16.406],[96.321,16.415],[96.336,16.439],[96.327,16.453],[96.31,16.465],[96.294,16.492],[96.246,16.555],[96.235,16.576],[96.232,16.587],[96.234,16.598],[96.244,16.619],[96.246,16.631],[96.241,16.65],[96.215,16.68],[96.205,16.696],[96.198,16.734],[96.194,16.743],[96.177,16.762],[96.171,16.772],[96.207,16.777],[96.258,16.816],[96.287,16.813],[96.275,16.803],[96.235,16.777],[96.226,16.761],[96.226,16.739],[96.229,16.719],[96.236,16.698],[96.256,16.657],[96.262,16.641],[96.265,16.622],[96.266,16.597],[96.273,16.582],[96.29,16.567],[96.357,16.518],[96.377,16.508],[96.4,16.504],[96.436,16.478],[96.498,16.484],[96.559,16.497],[96.616,16.518],[96.64,16.545],[96.679,16.575],[96.698,16.63],[96.716,16.658],[96.726,16.669],[96.766,16.697],[96.783,16.712],[96.801,16.737],[96.791,16.747],[96.789,16.756],[96.796,16.762],[96.811,16.765],[96.826,16.799],[96.832,16.822],[96.847,16.845],[96.849,16.86],[96.844,16.874],[96.834,16.885],[96.822,16.894],[96.808,16.901],[96.808,16.909],[96.821,16.908],[96.843,16.902],[96.856,16.901],[96.848,16.909],[96.843,16.918],[96.838,16.926],[96.835,16.936],[96.868,16.928],[96.879,16.935],[96.887,16.979],[96.905,17.01],[96.911,17.025],[96.91,17.067],[96.895,17.102],[96.856,17.169],[96.849,17.213],[96.865,17.24],[96.89,17.261],[96.911,17.285],[96.911,17.317],[96.885,17.339],[96.851,17.36],[96.828,17.388],[96.822,17.395],[96.825,17.398],[96.83,17.402],[96.836,17.406],[96.842,17.409],[96.844,17.403],[96.852,17.394],[96.856,17.388],[96.863,17.403],[96.872,17.442],[96.883,17.457],[96.888,17.444],[96.887,17.412],[96.89,17.395],[96.896,17.385],[96.905,17.375],[97.013,17.299],[97.007,17.278],[97.024,17.267],[97.049,17.261],[97.069,17.251],[97.079,17.231],[97.082,17.21],[97.089,17.194],[97.11,17.189],[97.11,17.182],[97.096,17.166],[97.1,17.134],[97.114,17.1],[97.131,17.079],[97.142,17.099],[97.148,17.117],[97.158,17.129],[97.182,17.134],[97.203,17.132],[97.222,17.125],[97.261,17.107],[97.234,17.095],[97.202,17.106],[97.174,17.112],[97.157,17.087],[97.159,17.074],[97.165,17.059],[97.172,17.047],[97.178,17.038],[97.195,17.022],[97.198,17.013],[97.199,16.997],[97.187,16.947],[97.183,16.922],[97.192,16.901],[97.202,16.907],[97.211,16.908],[97.219,16.901],[97.206,16.875],[97.205,16.86],[97.205,16.845],[97.209,16.833],[97.219,16.826],[97.221,16.841],[97.224,16.853],[97.233,16.875],[97.24,16.875],[97.233,16.849],[97.233,16.84],[97.236,16.83],[97.245,16.817],[97.23,16.797],[97.23,16.769],[97.24,16.732],[97.255,16.698],[97.286,16.659],[97.311,16.652],[97.33,16.68],[97.337,16.656],[97.337,16.632],[97.37,16.484],[97.386,16.504],[97.403,16.517],[97.423,16.523],[97.452,16.525],[97.459,16.523],[97.471,16.519],[97.476,16.518],[97.484,16.52],[97.489,16.524],[97.494,16.529],[97.5,16.532],[97.523,16.536],[97.548,16.538],[97.613,16.531],[97.63,16.532],[97.653,16.54],[97.704,16.574],[97.713,16.58],[97.722,16.577],[97.73,16.572],[97.736,16.567],[97.74,16.559],[97.74,16.559],[97.703,16.552],[97.674,16.533],[97.652,16.507],[97.637,16.477],[97.627,16.438],[97.623,16.394],[97.626,16.352],[97.637,16.312],[97.647,16.293],[97.65,16.284],[97.651,16.271],[97.648,16.259],[97.639,16.238],[97.62,16.125],[97.612,16.107],[97.601,16.092],[97.586,16.086],[97.577,16.085],[97.572,16.08],[97.569,16.073],[97.569,16.062],[97.576,16.022],[97.576,16.017],[97.582,16.009],[97.61,15.984],[97.637,15.949],[97.691,15.912],[97.712,15.888],[97.706,15.86],[97.721,15.856],[97.727,15.843],[97.726,15.778],[97.723,15.772],[97.714,15.763],[97.713,15.757],[97.717,15.749],[97.731,15.734],[97.734,15.726],[97.732,15.718],[97.727,15.71],[97.726,15.701],[97.73,15.692],[97.738,15.68],[97.744,15.665],[97.744,15.651],[97.74,15.641],[97.745,15.634],[97.747,15.626],[97.747,15.618],[97.744,15.61],[97.743,15.604],[97.767,15.544],[97.774,15.531],[97.762,15.504],[97.761,15.491],[97.787,15.419],[97.795,15.408],[97.775,15.393],[97.767,15.389],[97.761,15.394],[97.75,15.36],[97.741,15.359],[97.734,15.355],[97.73,15.349],[97.726,15.34],[97.738,15.329],[97.742,15.318],[97.74,15.292],[97.741,15.276],[97.743,15.267],[97.769,15.223],[97.78,15.211],[97.795,15.209],[97.823,15.209],[97.811,15.191],[97.807,15.175],[97.81,15.095],[97.807,15.075],[97.795,15.058],[97.799,15.051],[97.804,15.038],[97.808,15.031],[97.797,15.032],[97.787,15.031],[97.78,15.026],[97.774,15.017],[97.791,15.009],[97.804,14.999],[97.813,14.983],[97.816,14.959],[97.814,14.95],[97.804,14.936],[97.802,14.925],[97.803,14.901],[97.8,14.89],[97.795,14.88],[97.795,14.88],[97.815,14.851],[97.843,14.736],[97.846,14.73],[97.85,14.724],[97.856,14.718],[97.863,14.716],[97.875,14.717],[97.883,14.722],[97.888,14.727],[97.894,14.729],[97.902,14.738],[97.895,14.78],[97.897,14.798],[97.904,14.798],[97.907,14.776],[97.917,14.759],[97.931,14.752],[97.946,14.764],[97.946,14.77],[97.943,14.777],[97.94,14.782],[97.938,14.785],[97.945,14.795],[97.95,14.799],[97.952,14.794],[97.954,14.788],[97.959,14.779],[97.966,14.77],[97.973,14.764],[97.965,14.747],[97.971,14.736],[97.985,14.728],[98.0,14.722],[97.982,14.715],[97.992,14.693],[98.028,14.648],[97.992,14.664],[97.969,14.697],[97.943,14.72],[97.904,14.709],[97.886,14.684],[97.886,14.656],[97.9,14.63],[97.925,14.613],[97.914,14.587],[97.921,14.558],[97.952,14.503],[97.962,14.458],[97.966,14.448],[97.976,14.444],[97.984,14.45],[97.991,14.46],[98.0,14.469],[97.996,14.45],[97.983,14.419],[97.98,14.397],[97.981,14.376],[97.986,14.353],[97.994,14.331],[98.015,14.3],[98.042,14.243],[98.09,14.181],[98.095,14.194],[98.101,14.192],[98.106,14.181],[98.11,14.168],[98.096,14.168],[98.109,14.133],[98.11,14.123],[98.108,14.11],[98.097,14.092],[98.096,14.078],[98.088,14.063],[98.066,14.033],[98.062,14.01],[98.066,13.989],[98.079,13.948],[98.082,13.924],[98.085,13.918],[98.093,13.912],[98.101,13.908],[98.107,13.906],[98.111,13.902],[98.109,13.892],[98.103,13.876],[98.104,13.835],[98.11,13.79],[98.089,13.795],[98.083,13.77],[98.092,13.74],[98.117,13.729],[98.113,13.723],[98.107,13.707],[98.103,13.701],[98.116,13.695],[98.124,13.694],[98.148,13.695],[98.16,13.69],[98.169,13.681],[98.168,13.673],[98.151,13.674],[98.158,13.658],[98.158,13.642],[98.152,13.63],[98.137,13.627],[98.141,13.621],[98.147,13.611],[98.151,13.606],[98.144,13.601],[98.135,13.592],[98.13,13.582],[98.134,13.578],[98.141,13.573],[98.143,13.562],[98.142,13.548],[98.144,13.537],[98.146,13.543],[98.15,13.55],[98.151,13.558],[98.164,13.544],[98.171,13.538],[98.179,13.537],[98.187,13.544],[98.183,13.552],[98.172,13.564],[98.168,13.584],[98.169,13.594],[98.172,13.606],[98.175,13.617],[98.179,13.623],[98.182,13.627],[98.186,13.633],[98.193,13.652],[98.196,13.668],[98.194,13.686],[98.179,13.732],[98.188,13.815],[98.197,13.85],[98.199,13.869],[98.195,13.887],[98.18,13.925],[98.182,13.938],[98.193,13.952],[98.198,13.965],[98.199,13.993],[98.196,13.998],[98.182,14.014],[98.179,14.02],[98.18,14.032],[98.185,14.053],[98.186,14.065],[98.192,14.065],[98.197,14.048],[98.209,14.03],[98.222,14.013],[98.234,14.003],[98.234,13.996],[98.227,13.989],[98.228,13.981],[98.231,13.972],[98.234,13.962],[98.234,13.917],[98.248,13.863],[98.254,13.852],[98.248,13.838],[98.248,13.825],[98.252,13.812],[98.254,13.798],[98.252,13.783],[98.24,13.746],[98.245,13.714],[98.257,13.706],[98.277,13.707],[98.302,13.701],[98.296,13.688],[98.288,13.695],[98.299,13.671],[98.336,13.62],[98.336,13.599],[98.357,13.585],[98.361,13.576],[98.357,13.564],[98.371,13.56],[98.384,13.552],[98.394,13.543],[98.403,13.522],[98.426,13.49],[98.432,13.479],[98.429,13.471],[98.419,13.462],[98.419,13.455],[98.422,13.447],[98.428,13.442],[98.434,13.438],[98.439,13.435],[98.445,13.424],[98.451,13.411],[98.454,13.396],[98.453,13.379],[98.459,13.4],[98.464,13.408],[98.473,13.413],[98.471,13.394],[98.472,13.386],[98.473,13.379],[98.46,13.369],[98.46,13.356],[98.473,13.325],[98.472,13.314],[98.473,13.303],[98.475,13.293],[98.48,13.284],[98.49,13.298],[98.495,13.285],[98.5,13.249],[98.553,13.208],[98.566,13.201],[98.578,13.187],[98.583,13.114],[98.59,13.085],[98.582,13.077],[98.58,13.065],[98.584,13.027],[98.586,13.017],[98.597,12.996],[98.61,12.96],[98.614,12.954],[98.607,12.951],[98.6,12.942],[98.59,12.92],[98.601,12.911],[98.625,12.884],[98.634,12.879],[98.651,12.797],[98.647,12.786],[98.642,12.782],[98.635,12.781],[98.624,12.776],[98.619,12.775],[98.617,12.777],[98.618,12.766],[98.628,12.756],[98.67,12.761],[98.679,12.756],[98.673,12.747],[98.663,12.745],[98.652,12.745],[98.645,12.742],[98.641,12.735],[98.642,12.728],[98.648,12.723],[98.662,12.722],[98.689,12.728],[98.693,12.725],[98.691,12.71],[98.687,12.703],[98.68,12.697],[98.673,12.687],[98.668,12.675],[98.665,12.646],[98.672,12.632],[98.673,12.625],[98.669,12.624],[98.662,12.625],[98.655,12.626],[98.651,12.622],[98.644,12.601],[98.631,12.579],[98.623,12.558],[98.631,12.537],[98.64,12.532],[98.651,12.531],[98.662,12.531],[98.673,12.53],[98.681,12.526],[98.695,12.517],[98.703,12.516],[98.71,12.512],[98.709,12.506],[98.701,12.499],[98.689,12.496],[98.651,12.496],[98.628,12.492],[98.616,12.486],[98.611,12.473],[98.61,12.451],[98.605,12.429],[98.607,12.418],[98.621,12.414],[98.627,12.41],[98.651,12.386],[98.684,12.373],[98.7,12.364],[98.707,12.348],[98.698,12.328],[98.677,12.315],[98.588,12.297],[98.568,12.291],[98.552,12.28],[98.54,12.261],[98.539,12.242],[98.547,12.223],[98.563,12.208],[98.571,12.204],[98.589,12.198],[98.597,12.194],[98.621,12.209],[98.641,12.225],[98.663,12.237],[98.696,12.242],[98.703,12.238],[98.71,12.228],[98.714,12.216],[98.71,12.204],[98.696,12.193],[98.668,12.178],[98.658,12.167],[98.673,12.167],[98.673,12.159],[98.651,12.155],[98.638,12.151],[98.631,12.146],[98.63,12.132],[98.636,12.123],[98.641,12.114],[98.634,12.101],[98.634,12.09],[98.645,12.078],[98.658,12.067],[98.665,12.06],[98.713,12.064],[98.703,12.048],[98.705,12.037],[98.713,12.025],[98.72,12.008],[98.721,11.998],[98.72,11.964],[98.715,11.961],[98.703,11.959],[98.691,11.954],[98.679,11.933],[98.664,11.92],[98.645,11.91],[98.627,11.906],[98.578,11.907],[98.558,11.899],[98.549,11.879],[98.631,11.879],[98.673,11.892],[98.694,11.893],[98.707,11.879],[98.681,11.877],[98.668,11.864],[98.66,11.845],[98.651,11.83],[98.649,11.831],[98.641,11.832],[98.631,11.832],[98.624,11.83],[98.619,11.826],[98.604,11.804],[98.631,11.804],[98.632,11.793],[98.629,11.792],[98.623,11.793],[98.618,11.789],[98.606,11.769],[98.604,11.762],[98.603,11.754],[98.609,11.741],[98.61,11.731],[98.617,11.724],[98.648,11.701],[98.674,11.685],[98.684,11.683],[98.693,11.687],[98.703,11.697],[98.708,11.71],[98.709,11.725],[98.712,11.737],[98.724,11.741],[98.726,11.744],[98.738,11.756],[98.741,11.759],[98.744,11.763],[98.761,11.761],[98.768,11.762],[98.791,11.802],[98.801,11.814],[98.81,11.822],[98.816,11.834],[98.809,11.851],[98.826,11.826],[98.812,11.803],[98.79,11.78],[98.783,11.755],[98.805,11.737],[98.877,11.723],[98.892,11.694],[98.885,11.694],[98.873,11.701],[98.854,11.707],[98.835,11.71],[98.823,11.708],[98.818,11.699],[98.819,11.687],[98.817,11.677],[98.806,11.673],[98.795,11.677],[98.788,11.683],[98.78,11.687],[98.768,11.68],[98.752,11.682],[98.742,11.665],[98.736,11.642],[98.733,11.625],[98.736,11.589],[98.734,11.573],[98.72,11.557],[98.726,11.548],[98.718,11.532],[98.72,11.522],[98.729,11.518],[98.745,11.525],[98.754,11.522],[98.763,11.506],[98.766,11.467],[98.775,11.454],[98.736,11.45],[98.715,11.443],[98.707,11.423],[98.698,11.388],[98.703,11.379],[98.727,11.385],[98.721,11.367],[98.722,11.35],[98.727,11.333],[98.746,11.286],[98.759,11.269],[98.757,11.263],[98.751,11.257],[98.746,11.236],[98.733,11.207],[98.733,11.176],[98.724,11.156],[98.703,11.144],[98.658,11.132],[98.676,11.101],[98.689,11.092],[98.707,11.098],[98.711,11.076],[98.718,11.059],[98.722,11.045],[98.716,11.032],[98.708,11.028],[98.701,11.025],[98.695,11.02],[98.693,11.008],[98.697,11.003],[98.714,10.99],[98.72,10.981],[98.713,10.974],[98.718,10.961],[98.717,10.942],[98.712,10.924],[98.707,10.913],[98.704,10.916],[98.689,10.913],[98.675,10.909],[98.673,10.905],[98.664,10.908],[98.653,10.917],[98.648,10.919],[98.634,10.914],[98.625,10.902],[98.614,10.89],[98.582,10.882],[98.579,10.875],[98.582,10.867],[98.586,10.861],[98.595,10.857],[98.62,10.855],[98.631,10.851],[98.624,10.843],[98.616,10.838],[98.607,10.836],[98.597,10.837],[98.603,10.819],[98.6,10.805],[98.583,10.782],[98.577,10.77],[98.57,10.743],[98.563,10.727],[98.554,10.738],[98.544,10.745],[98.533,10.747],[98.521,10.741],[98.531,10.732],[98.538,10.719],[98.539,10.704],[98.528,10.693],[98.511,10.723],[98.498,10.732],[98.477,10.735],[98.464,10.729],[98.459,10.715],[98.459,10.673],[98.463,10.63],[98.495,10.557],[98.5,10.515],[98.493,10.473],[98.494,10.452],[98.512,10.423],[98.528,10.364],[98.528,10.343],[98.517,10.307],[98.512,10.261],[98.508,10.245],[98.491,10.204],[98.49,10.198],[98.49,10.191],[98.494,10.179],[98.514,10.147],[98.515,10.102],[98.521,10.069],[98.521,10.059],[98.52,10.039],[98.521,10.029],[98.524,10.021],[98.533,10.007],[98.535,9.997],[98.543,9.987],[98.561,10.002],[98.59,10.042],[98.644,10.155],[98.665,10.185],[98.687,10.208],[98.696,10.224],[98.703,10.263],[98.719,10.313],[98.731,10.337],[98.735,10.343],[98.74,10.347],[98.747,10.351],[98.746,10.329],[98.731,10.292],[98.727,10.272],[98.725,10.252],[98.72,10.228],[98.713,10.206],[98.69,10.162],[98.662,10.085],[98.648,10.069],[98.604,9.994],[98.6,9.98],[98.6,9.974],[98.61,9.96],[98.613,9.966],[98.624,9.967],[98.633,9.963],[98.631,9.953],[98.622,9.948],[98.6,9.948],[98.592,9.943],[98.584,9.93],[98.574,9.921],[98.572,9.915],[98.579,9.911],[98.586,9.909],[98.59,9.905],[98.585,9.895],[98.57,9.884],[98.576,9.878],[98.567,9.873],[98.56,9.873],[98.554,9.877],[98.549,9.884],[98.537,9.873],[98.521,9.854],[98.513,9.837],[98.53,9.826],[98.535,9.818],[98.54,9.811],[98.549,9.809],[98.558,9.815],[98.575,9.836],[98.583,9.843],[98.575,9.825],[98.566,9.81],[98.555,9.798],[98.542,9.788],[98.532,9.785],[98.524,9.785],[98.516,9.783],[98.508,9.775],[98.509,9.771],[98.509,9.749],[98.508,9.74],[98.514,9.74],[98.515,9.745],[98.516,9.748],[98.521,9.755],[98.53,9.75],[98.539,9.747],[98.559,9.747],[98.566,9.743],[98.561,9.733],[98.553,9.725],[98.549,9.724],[98.544,9.706],[98.531,9.704],[98.516,9.71],[98.5,9.72],[98.494,9.714],[98.507,9.706],[98.513,9.695],[98.51,9.687],[98.494,9.686],[98.511,9.662],[98.514,9.655],[98.512,9.65],[98.503,9.638],[98.5,9.635],[98.49,9.635],[98.472,9.621],[98.463,9.604],[98.483,9.596],[98.486,9.594],[98.49,9.58],[98.494,9.576],[98.502,9.575],[98.521,9.578],[98.528,9.576],[98.531,9.566],[98.52,9.554],[98.487,9.528],[98.457,9.549],[98.443,9.521],[98.425,9.433],[98.405,9.397],[98.397,9.379],[98.383,9.317],[98.376,9.298],[98.364,9.282],[98.361,9.268],[98.352,9.251],[98.352,9.236],[98.371,9.226],[98.356,9.21],[98.348,9.203],[98.34,9.2],[98.327,9.204],[98.322,9.209],[98.323,9.189],[98.328,9.164],[98.341,9.142],[98.371,9.104],[98.382,9.072],[98.366,9.064],[98.342,9.063],[98.33,9.052],[98.333,9.026],[98.342,9.018],[98.361,9.023],[98.391,9.035],[98.368,9.01],[98.358,8.996],[98.361,8.983],[98.364,8.974],[98.352,8.974],[98.337,8.978],[98.333,8.98],[98.325,8.975],[98.312,8.951],[98.293,8.924],[98.284,8.885],[98.262,8.851],[98.257,8.829],[98.253,8.766],[98.251,8.76],[98.247,8.753],[98.24,8.746],[98.231,8.741],[98.224,8.735],[98.22,8.726],[98.223,8.712],[98.239,8.673],[98.24,8.651],[98.238,8.641],[98.227,8.61],[98.226,8.605],[98.227,8.589],[98.225,8.585],[98.222,8.581],[98.219,8.576],[98.22,8.569],[98.23,8.557],[98.244,8.547],[98.253,8.535],[98.247,8.515],[98.223,8.54],[98.216,8.553],[98.213,8.573],[98.21,8.581],[98.203,8.574],[98.198,8.556],[98.199,8.534],[98.242,8.406],[98.262,8.313],[98.271,8.298],[98.278,8.284],[98.278,8.241],[98.281,8.226],[98.287,8.22],[98.293,8.216],[98.302,8.214],[98.313,8.213],[98.324,8.21],[98.328,8.202],[98.331,8.195],[98.357,8.185],[98.375,8.151],[98.391,8.137],[98.402,8.149],[98.405,8.155],[98.406,8.164],[98.412,8.164],[98.425,8.148],[98.446,8.175],[98.463,8.216],[98.463,8.243],[98.457,8.258],[98.457,8.278],[98.453,8.294],[98.422,8.306],[98.428,8.317],[98.446,8.325],[98.466,8.323],[98.466,8.336],[98.473,8.336],[98.48,8.326],[98.487,8.325],[98.492,8.331],[98.494,8.343],[98.5,8.343],[98.51,8.331],[98.526,8.336],[98.542,8.349],[98.552,8.36],[98.568,8.368],[98.585,8.369],[98.599,8.375],[98.604,8.397],[98.621,8.39],[98.642,8.386],[98.655,8.38],[98.648,8.367],[98.632,8.354],[98.626,8.346],[98.622,8.293],[98.624,8.281],[98.631,8.281],[98.631,8.288],[98.638,8.288],[98.648,8.285],[98.677,8.303],[98.696,8.308],[98.703,8.299],[98.707,8.226],[98.713,8.226],[98.727,8.254],[98.744,8.215],[98.747,8.199],[98.747,8.182],[98.744,8.15],[98.747,8.137],[98.745,8.088],[98.747,8.068],[98.752,8.06],[98.765,8.047],[98.768,8.038],[98.77,8.024],[98.776,8.023],[98.789,8.035],[98.792,8.04],[98.795,8.048],[98.8,8.052],[98.813,8.045],[98.818,8.037],[98.825,8.014],[98.829,8.007],[98.844,8.003],[98.858,8.008],[98.873,8.017],[98.888,8.021],[98.892,8.025],[98.899,8.043],[98.905,8.048],[98.918,8.051],[98.922,8.049],[98.924,8.041],[98.929,8.031],[98.937,8.024],[98.953,8.015],[98.96,8.007],[98.964,7.998],[98.963,7.993],[98.962,7.986],[98.96,7.976],[98.968,7.956],[98.984,7.947]]]}},{"type":"Feature","properties":{},"geometry":{"type":"MultiLineString","coordinates":[[[66.005,25.43],[66.069,25.446],[66.159,25.447],[66.187,25.453],[66.219,25.465],[66.252,25.473],[66.279,25.467],[66.312,25.475],[66.36,25.465],[66.437,25.433],[66.466,25.412],[66.484,25.401],[66.498,25.399],[66.512,25.414],[66.498,25.43],[66.458,25.454],[66.492,25.481],[66.476,25.493],[66.456,25.496],[66.437,25.491],[66.423,25.481],[66.412,25.491],[66.397,25.513],[66.389,25.522],[66.377,25.527],[66.364,25.53],[66.353,25.536],[66.348,25.546],[66.336,25.553],[66.309,25.554],[66.279,25.55],[66.258,25.543],[66.257,25.538],[66.258,25.531],[66.259,25.525],[66.255,25.522],[66.25,25.522],[66.245,25.52],[66.242,25.518],[66.238,25.516],[66.224,25.499],[66.213,25.491],[66.2,25.488],[66.121,25.475],[66.094,25.475],[66.1,25.484],[66.11,25.495],[66.121,25.505],[66.132,25.508],[66.137,25.514],[66.156,25.549],[66.167,25.566],[66.183,25.582],[66.204,25.593],[66.24,25.6],[66.248,25.605],[66.254,25.61],[66.258,25.612],[66.271,25.612],[66.291,25.606],[66.303,25.605],[66.339,25.608],[66.359,25.614],[66.375,25.626],[66.373,25.604],[66.388,25.592],[66.412,25.591],[66.437,25.598],[66.444,25.583],[66.478,25.549],[66.483,25.538],[66.487,25.526],[66.493,25.518],[66.506,25.522],[66.507,25.518],[66.511,25.513],[66.513,25.508],[66.531,25.518],[66.542,25.492],[66.551,25.457],[66.564,25.439],[66.587,25.426],[66.591,25.4],[66.579,25.379],[66.554,25.385],[66.548,25.366],[66.561,25.35],[66.595,25.33],[66.648,25.283],[66.66,25.276],[66.674,25.269],[66.71,25.239],[66.718,25.231],[66.721,25.213],[66.737,25.181],[66.738,25.159],[66.732,25.143],[66.714,25.121],[66.704,25.104],[66.7,25.085],[66.697,25.025],[66.681,24.949],[66.681,24.911],[66.704,24.899],[66.704,24.892],[66.677,24.88],[66.657,24.859],[66.654,24.839],[66.68,24.831],[66.691,24.833],[66.716,24.842],[66.769,24.847],[66.78,24.851],[66.803,24.84],[66.827,24.844],[66.854,24.852],[66.882,24.851],[66.903,24.839],[66.922,24.824],[66.941,24.813],[66.965,24.81],[66.96,24.818],[66.958,24.825],[66.958,24.844],[66.965,24.844],[66.973,24.833],[66.987,24.822],[67.005,24.814],[67.023,24.81],[67.064,24.782],[67.083,24.774],[67.074,24.796],[67.081,24.803],[67.1,24.797],[67.111,24.798],[67.122,24.801],[67.14,24.803],[67.148,24.8],[67.156,24.792],[67.162,24.781],[67.167,24.76],[67.176,24.758],[67.213,24.765],[67.224,24.77],[67.233,24.771],[67.245,24.762],[67.256,24.748],[67.253,24.74],[67.225,24.727],[67.2,24.711],[67.176,24.689],[67.157,24.663],[67.15,24.635],[67.152,24.616],[67.16,24.612],[67.173,24.616],[67.19,24.618],[67.209,24.614],[67.224,24.607],[67.253,24.59],[67.237,24.584],[67.218,24.582],[67.199,24.585],[67.184,24.59],[67.185,24.576],[67.189,24.561],[67.195,24.547],[67.204,24.535],[67.227,24.532],[67.231,24.525],[67.211,24.508],[67.231,24.489],[67.247,24.468],[67.257,24.445],[67.259,24.419],[67.274,24.427],[67.281,24.432],[67.287,24.44],[67.274,24.395],[67.272,24.369],[67.283,24.358],[67.325,24.358],[67.343,24.354],[67.362,24.344],[67.336,24.346],[67.306,24.343],[67.286,24.33],[67.293,24.303],[67.289,24.299],[67.284,24.288],[67.279,24.281],[67.288,24.27],[67.292,24.262],[67.293,24.212],[67.296,24.199],[67.3,24.186],[67.326,24.144],[67.337,24.119],[67.341,24.086],[67.354,24.071],[67.384,24.067],[67.441,24.07],[67.467,24.064],[67.489,24.054],[67.51,24.052],[67.533,24.07],[67.53,24.055],[67.52,24.045],[67.492,24.028],[67.478,24.032],[67.468,24.022],[67.451,23.988],[67.464,23.982],[67.506,23.974],[67.5,23.952],[67.497,23.936],[67.499,23.926],[67.509,23.923],[67.52,23.928],[67.531,23.935],[67.541,23.939],[67.532,23.929],[67.521,23.907],[67.513,23.898],[67.503,23.893],[67.495,23.892],[67.488,23.893],[67.479,23.892],[67.491,23.883],[67.547,23.871],[67.536,23.88],[67.53,23.891],[67.533,23.899],[67.547,23.898],[67.558,23.889],[67.566,23.876],[67.575,23.872],[67.588,23.885],[67.589,23.867],[67.6,23.854],[67.615,23.85],[67.629,23.857],[67.637,23.874],[67.638,23.916],[67.65,23.933],[67.651,23.93],[67.651,23.927],[67.652,23.925],[67.657,23.926],[67.657,23.919],[67.651,23.907],[67.643,23.85],[67.639,23.841],[67.634,23.833],[67.631,23.825],[67.629,23.813],[67.632,23.803],[67.638,23.802],[67.646,23.803],[67.657,23.802],[67.694,23.793],[67.716,23.792],[67.732,23.795],[67.744,23.809],[67.741,23.823],[67.731,23.836],[67.719,23.844],[67.773,23.821],[67.803,23.813],[67.832,23.81],[67.839,23.823],[67.849,23.889],[67.855,23.912],[67.863,23.903],[67.865,23.866],[67.869,23.85],[67.883,23.865],[67.892,23.87],[67.9,23.868],[67.906,23.859],[67.905,23.846],[67.91,23.836],[67.917,23.834],[67.926,23.834],[67.934,23.833],[67.938,23.826],[67.942,23.816],[67.951,23.809],[67.962,23.805],[67.972,23.802],[67.973,23.805],[67.983,23.81],[67.994,23.811],[67.999,23.806],[68.0,23.797],[68.003,23.785],[68.008,23.774],[68.014,23.769],[68.024,23.775],[68.036,23.792],[68.054,23.829],[68.042,23.852],[68.014,23.939],[68.024,23.935],[68.048,23.921],[68.064,23.923],[68.062,23.911],[68.054,23.885],[68.059,23.862],[68.073,23.842],[68.088,23.826],[68.102,23.816],[68.102,23.81],[68.088,23.81],[68.082,23.806],[68.074,23.788],[68.073,23.783],[68.074,23.765],[68.071,23.761],[68.057,23.751],[68.054,23.744],[68.063,23.723],[68.082,23.709],[68.099,23.709],[68.102,23.734],[68.13,23.708],[68.149,23.695],[68.157,23.696],[68.155,23.714],[68.144,23.743],[68.143,23.761],[68.149,23.781],[68.167,23.82],[68.171,23.84],[68.169,23.845],[68.16,23.858],[68.157,23.864],[68.156,23.874],[68.157,23.905],[68.183,23.843],[68.183,23.842],[68.182,23.836],[68.18,23.827],[68.176,23.798],[68.166,23.773],[68.164,23.758],[68.168,23.747],[68.178,23.754],[68.198,23.775],[68.198,23.753],[68.196,23.733],[68.198,23.715],[68.209,23.696],[68.225,23.682],[68.241,23.674],[68.259,23.675],[68.28,23.686],[68.276,23.666],[68.262,23.661],[68.245,23.659],[68.233,23.645],[68.22,23.659],[68.209,23.663],[68.198,23.659],[68.184,23.652],[68.182,23.648],[68.178,23.634],[68.174,23.631],[68.154,23.632],[68.15,23.631],[68.143,23.613],[68.157,23.601],[68.181,23.594],[68.231,23.588],[68.294,23.59],[68.308,23.589],[68.318,23.586],[68.327,23.587],[68.342,23.597],[68.349,23.603],[68.353,23.611],[68.352,23.618],[68.342,23.624],[68.411,23.701],[68.428,23.714],[68.45,23.723],[68.473,23.737],[68.51,23.744],[68.525,23.752],[68.538,23.761],[68.555,23.769],[68.588,23.776],[68.599,23.782],[68.609,23.795],[68.623,23.824],[68.633,23.833],[68.654,23.836],[68.692,23.837],[68.718,23.841],[68.74,23.853],[68.767,23.878],[68.78,23.874],[68.806,23.884],[68.822,23.878],[68.769,23.841],[68.757,23.836],[68.745,23.833],[68.726,23.819],[68.716,23.816],[68.68,23.818],[68.671,23.816],[68.655,23.799],[68.638,23.762],[68.602,23.749],[68.584,23.735],[68.555,23.706],[68.539,23.684],[68.534,23.679],[68.524,23.676],[68.505,23.674],[68.489,23.665],[68.469,23.659],[68.466,23.655],[68.469,23.641],[68.477,23.639],[68.486,23.641],[68.493,23.638],[68.491,23.619],[68.472,23.619],[68.428,23.631],[68.409,23.621],[68.405,23.598],[68.411,23.549],[68.406,23.509],[68.412,23.495],[68.431,23.494],[68.447,23.503],[68.447,23.516],[68.441,23.532],[68.437,23.549],[68.444,23.541],[68.454,23.526],[68.459,23.521],[68.468,23.52],[68.476,23.524],[68.481,23.525],[68.486,23.514],[68.466,23.505],[68.447,23.487],[68.433,23.466],[68.424,23.446],[68.431,23.437],[68.44,23.434],[68.452,23.438],[68.466,23.446],[68.461,23.433],[68.459,23.42],[68.463,23.409],[68.475,23.405],[68.49,23.409],[68.496,23.418],[68.501,23.423],[68.513,23.419],[68.522,23.425],[68.53,23.426],[68.536,23.421],[68.541,23.412],[68.53,23.412],[68.521,23.408],[68.515,23.399],[68.513,23.388],[68.515,23.377],[68.521,23.369],[68.529,23.363],[68.541,23.357],[68.543,23.359],[68.549,23.362],[68.555,23.364],[68.561,23.364],[68.564,23.36],[68.567,23.353],[68.571,23.346],[68.578,23.343],[68.592,23.34],[68.603,23.333],[68.607,23.326],[68.599,23.322],[68.569,23.318],[68.561,23.316],[68.541,23.278],[68.552,23.26],[68.578,23.255],[68.605,23.26],[68.623,23.268],[68.623,23.256],[68.62,23.245],[68.609,23.227],[68.598,23.237],[68.596,23.24],[68.6,23.225],[68.609,23.207],[68.623,23.192],[68.65,23.181],[68.651,23.171],[68.651,23.162],[68.654,23.158],[68.661,23.154],[68.691,23.131],[68.866,23.02],[69.04,22.951],[69.136,22.888],[69.202,22.852],[69.239,22.842],[69.338,22.833],[69.373,22.819],[69.406,22.814],[69.425,22.804],[69.472,22.795],[69.477,22.792],[69.483,22.788],[69.489,22.785],[69.5,22.782],[69.511,22.781],[69.544,22.782],[69.557,22.779],[69.576,22.764],[69.586,22.761],[69.654,22.76],[69.694,22.75],[69.716,22.747],[69.729,22.755],[69.76,22.808],[69.78,22.827],[69.807,22.845],[69.833,22.858],[69.853,22.864],[69.884,22.868],[69.941,22.886],[69.997,22.894],[70.062,22.918],[70.12,22.925],[70.135,22.93],[70.132,22.941],[70.12,22.953],[70.11,22.959],[70.131,22.994],[70.126,22.985],[70.125,22.976],[70.129,22.969],[70.141,22.967],[70.147,22.966],[70.15,22.964],[70.151,22.961],[70.154,22.956],[70.163,22.949],[70.168,22.949],[70.172,22.952],[70.178,22.953],[70.204,22.952],[70.222,22.959],[70.232,22.975],[70.233,23.0],[70.25,22.987],[70.258,22.972],[70.269,22.959],[70.292,22.953],[70.294,22.951],[70.3,22.944],[70.303,22.938],[70.309,22.94],[70.315,22.944],[70.319,22.946],[70.326,22.945],[70.33,22.943],[70.334,22.94],[70.34,22.935],[70.347,22.931],[70.352,22.933],[70.358,22.937],[70.364,22.939],[70.385,22.939],[70.392,22.941],[70.399,22.946],[70.402,22.954],[70.403,22.968],[70.404,22.982],[70.402,22.99],[70.402,22.999],[70.411,23.023],[70.404,23.033],[70.401,23.045],[70.399,23.059],[70.399,23.069],[70.411,23.086],[70.451,23.106],[70.46,23.114],[70.467,23.13],[70.484,23.122],[70.503,23.104],[70.515,23.09],[70.524,23.07],[70.528,23.047],[70.527,23.024],[70.518,23.004],[70.512,22.995],[70.505,22.98],[70.498,22.97],[70.486,22.964],[70.474,22.964],[70.463,22.967],[70.453,22.967],[70.437,22.955],[70.405,22.92],[70.388,22.912],[70.375,22.903],[70.343,22.843],[70.325,22.826],[70.323,22.823],[70.322,22.812],[70.323,22.788],[70.319,22.778],[70.267,22.706],[70.235,22.649],[70.207,22.615],[70.19,22.578],[70.178,22.562],[70.145,22.548],[70.059,22.558],[70.021,22.555],[70.003,22.543],[69.996,22.541],[69.974,22.54],[69.973,22.541],[69.962,22.535],[69.905,22.486],[69.885,22.474],[69.864,22.466],[69.851,22.465],[69.842,22.466],[69.833,22.464],[69.822,22.452],[69.817,22.441],[69.813,22.43],[69.807,22.421],[69.795,22.419],[69.789,22.423],[69.742,22.473],[69.733,22.48],[69.725,22.465],[69.709,22.419],[69.699,22.404],[69.695,22.404],[69.681,22.41],[69.675,22.411],[69.669,22.409],[69.665,22.405],[69.661,22.4],[69.658,22.397],[69.652,22.39],[69.647,22.38],[69.64,22.376],[69.63,22.384],[69.62,22.371],[69.617,22.365],[69.616,22.356],[69.601,22.364],[69.569,22.371],[69.555,22.378],[69.562,22.392],[69.56,22.412],[69.548,22.452],[69.541,22.452],[69.531,22.446],[69.522,22.449],[69.516,22.448],[69.514,22.432],[69.517,22.416],[69.523,22.404],[69.526,22.392],[69.52,22.378],[69.515,22.375],[69.509,22.374],[69.503,22.372],[69.5,22.367],[69.485,22.348],[69.48,22.342],[69.469,22.338],[69.435,22.33],[69.36,22.329],[69.346,22.325],[69.336,22.306],[69.286,22.285],[69.212,22.274],[69.212,22.281],[69.19,22.292],[69.174,22.308],[69.17,22.328],[69.185,22.35],[69.182,22.366],[69.206,22.399],[69.202,22.415],[69.188,22.426],[69.179,22.428],[69.169,22.421],[69.155,22.408],[69.147,22.405],[69.14,22.407],[69.132,22.41],[69.123,22.411],[69.114,22.408],[69.097,22.399],[69.089,22.397],[69.072,22.399],[69.062,22.408],[69.048,22.432],[69.056,22.442],[69.074,22.449],[69.082,22.46],[69.085,22.473],[69.081,22.481],[69.074,22.482],[69.048,22.464],[69.007,22.443],[68.993,22.432],[68.983,22.419],[68.974,22.405],[68.968,22.387],[68.965,22.367],[68.961,22.35],[68.951,22.335],[68.944,22.318],[68.945,22.295],[68.953,22.276],[68.98,22.236],[68.994,22.204],[69.013,22.186],[69.048,22.158],[69.092,22.1],[69.103,22.076],[69.119,22.062],[69.151,22.041],[69.198,21.98],[69.212,21.967],[69.244,21.946],[69.336,21.862],[69.355,21.853],[69.368,21.856],[69.391,21.877],[69.395,21.861],[69.392,21.832],[69.398,21.815],[69.427,21.781],[69.446,21.766],[69.479,21.753],[69.499,21.72],[69.52,21.705],[69.553,21.665],[69.568,21.65],[69.63,21.616],[69.756,21.49],[69.771,21.478],[69.789,21.469],[69.809,21.466],[69.815,21.434],[69.845,21.39],[69.912,21.315],[69.958,21.273],[69.966,21.263],[69.968,21.258],[70.054,21.153],[70.152,21.079],[70.264,20.98],[70.3,20.959],[70.337,20.927],[70.399,20.904],[70.417,20.89],[70.451,20.856],[70.463,20.849],[70.484,20.844],[70.542,20.808],[70.562,20.8],[70.699,20.746],[70.731,20.723],[70.74,20.718],[70.752,20.72],[70.763,20.725],[70.775,20.727],[70.785,20.722],[70.802,20.709],[70.82,20.703],[70.84,20.702],[70.903,20.706],[70.973,20.71],[70.982,20.71],[71.001,20.722],[71.006,20.737],[71.008,20.742],[71.024,20.745],[71.044,20.741],[71.062,20.739],[71.073,20.746],[71.083,20.757],[71.095,20.764],[71.11,20.759],[71.117,20.767],[71.141,20.766],[71.319,20.849],[71.378,20.859],[71.462,20.885],[71.481,20.9],[71.484,20.917],[71.493,20.929],[71.537,20.964],[71.551,20.974],[71.569,20.979],[71.562,20.973],[71.557,20.966],[71.55,20.951],[71.584,20.958],[71.64,20.997],[71.683,21.011],[71.7,21.021],[71.718,21.032],[71.73,21.031],[71.744,21.028],[71.763,21.032],[71.789,21.048],[71.806,21.062],[71.926,21.13],[71.972,21.132],[71.991,21.136],[72.055,21.168],[72.063,21.175],[72.067,21.181],[72.075,21.186],[72.085,21.189],[72.091,21.191],[72.105,21.205],[72.105,21.222],[72.094,21.244],[72.091,21.253],[72.094,21.258],[72.099,21.265],[72.103,21.274],[72.097,21.288],[72.108,21.29],[72.112,21.296],[72.11,21.305],[72.105,21.315],[72.116,21.323],[72.152,21.36],[72.159,21.373],[72.167,21.392],[72.22,21.445],[72.242,21.481],[72.275,21.596],[72.279,21.601],[72.292,21.612],[72.296,21.616],[72.299,21.626],[72.299,21.634],[72.297,21.642],[72.296,21.654],[72.292,21.659],[72.285,21.665],[72.278,21.672],[72.272,21.691],[72.263,21.692],[72.252,21.691],[72.24,21.692],[72.23,21.696],[72.224,21.701],[72.219,21.706],[72.214,21.713],[72.202,21.748],[72.2,21.75],[72.196,21.758],[72.177,21.767],[72.173,21.778],[72.171,21.791],[72.166,21.794],[72.117,21.777],[72.103,21.775],[72.087,21.784],[72.074,21.789],[72.055,21.786],[72.022,21.774],[72.022,21.781],[72.021,21.794],[72.022,21.801],[72.01,21.796],[72.005,21.793],[72.001,21.788],[71.996,21.8],[71.994,21.812],[71.995,21.84],[71.997,21.855],[72.004,21.858],[72.063,21.834],[72.087,21.83],[72.105,21.836],[72.086,21.866],[72.08,21.87],[72.072,21.871],[72.062,21.873],[72.053,21.877],[72.049,21.88],[72.058,21.899],[72.078,21.894],[72.098,21.881],[72.111,21.87],[72.123,21.854],[72.131,21.846],[72.162,21.839],[72.169,21.841],[72.163,21.853],[72.16,21.866],[72.167,21.879],[72.17,21.89],[72.152,21.898],[72.159,21.905],[72.145,21.911],[72.145,21.918],[72.157,21.926],[72.142,21.925],[72.105,21.918],[72.088,21.92],[72.029,21.939],[72.038,21.948],[72.055,21.954],[72.073,21.954],[72.087,21.948],[72.096,21.943],[72.102,21.945],[72.105,21.951],[72.105,21.959],[72.083,21.973],[72.077,21.98],[72.115,21.969],[72.125,21.972],[72.128,21.984],[72.119,21.994],[72.097,22.007],[72.114,22.011],[72.134,22.005],[72.152,21.994],[72.159,21.983],[72.163,21.973],[72.173,21.976],[72.182,21.983],[72.186,21.987],[72.191,21.994],[72.195,22.004],[72.2,22.007],[72.206,21.994],[72.214,21.994],[72.216,22.008],[72.221,22.011],[72.237,22.007],[72.249,22.008],[72.258,22.012],[72.275,22.028],[72.276,22.032],[72.283,22.044],[72.292,22.053],[72.296,22.051],[72.298,22.062],[72.308,22.079],[72.317,22.185],[72.306,22.23],[72.268,22.227],[72.239,22.239],[72.234,22.244],[72.237,22.256],[72.243,22.266],[72.246,22.276],[72.24,22.288],[72.209,22.259],[72.191,22.251],[72.166,22.26],[72.149,22.278],[72.162,22.281],[72.206,22.274],[72.201,22.291],[72.209,22.3],[72.223,22.303],[72.24,22.302],[72.265,22.295],[72.266,22.287],[72.263,22.276],[72.275,22.26],[72.288,22.261],[72.309,22.257],[72.328,22.261],[72.337,22.285],[72.341,22.303],[72.35,22.324],[72.361,22.343],[72.371,22.356],[72.397,22.367],[72.408,22.353],[72.405,22.333],[72.388,22.322],[72.38,22.312],[72.381,22.29],[72.386,22.267],[72.392,22.253],[72.414,22.246],[72.432,22.256],[72.449,22.267],[72.464,22.264],[72.467,22.256],[72.455,22.245],[72.457,22.237],[72.466,22.233],[72.479,22.233],[72.502,22.24],[72.521,22.253],[72.553,22.282],[72.574,22.288],[72.596,22.287],[72.607,22.284],[72.625,22.271],[72.635,22.272],[72.646,22.274],[72.659,22.274],[72.727,22.249],[72.757,22.244],[72.785,22.257],[72.799,22.266],[72.818,22.273],[72.839,22.277],[72.854,22.271],[72.869,22.262],[72.886,22.262],[72.9,22.269],[72.906,22.281],[72.917,22.271],[72.923,22.255],[72.922,22.237],[72.916,22.223],[72.897,22.213],[72.881,22.22],[72.865,22.233],[72.847,22.24],[72.812,22.234],[72.79,22.217],[72.748,22.164],[72.729,22.177],[72.719,22.182],[72.708,22.186],[72.7,22.185],[72.692,22.182],[72.682,22.182],[72.67,22.189],[72.652,22.202],[72.634,22.21],[72.614,22.212],[72.591,22.205],[72.575,22.195],[72.557,22.177],[72.542,22.157],[72.536,22.141],[72.533,22.119],[72.53,22.107],[72.52,22.088],[72.52,22.078],[72.521,22.066],[72.522,22.054],[72.518,22.032],[72.505,21.994],[72.502,21.976],[72.507,21.962],[72.533,21.92],[72.543,21.911],[72.559,21.915],[72.582,21.928],[72.603,21.944],[72.612,21.956],[72.623,21.967],[72.694,21.972],[72.696,21.976],[72.698,21.982],[72.701,21.989],[72.708,21.994],[72.714,21.996],[72.72,21.996],[72.726,21.996],[72.735,21.994],[72.735,21.987],[72.714,21.983],[72.707,21.966],[72.702,21.948],[72.69,21.939],[72.652,21.941],[72.634,21.937],[72.618,21.925],[72.599,21.881],[72.585,21.859],[72.567,21.849],[72.563,21.839],[72.556,21.774],[72.55,21.752],[72.532,21.714],[72.528,21.695],[72.535,21.673],[72.55,21.667],[72.57,21.67],[72.616,21.685],[72.635,21.685],[72.653,21.681],[72.676,21.678],[72.733,21.687],[72.756,21.685],[72.798,21.674],[72.819,21.675],[72.84,21.688],[72.858,21.695],[72.883,21.693],[72.927,21.685],[72.95,21.689],[72.991,21.708],[73.012,21.713],[73.022,21.716],[73.041,21.73],[73.047,21.733],[73.084,21.746],[73.119,21.765],[73.126,21.767],[73.132,21.758],[73.127,21.747],[73.117,21.737],[73.108,21.733],[73.085,21.73],[73.022,21.699],[72.965,21.679],[72.936,21.658],[72.89,21.641],[72.872,21.637],[72.859,21.638],[72.834,21.644],[72.823,21.644],[72.81,21.635],[72.789,21.596],[72.773,21.581],[72.751,21.565],[72.727,21.553],[72.704,21.548],[72.69,21.541],[72.651,21.507],[72.635,21.499],[72.62,21.487],[72.59,21.433],[72.584,21.417],[72.612,21.422],[72.665,21.457],[72.683,21.466],[72.738,21.483],[72.749,21.48],[72.753,21.464],[72.747,21.453],[72.728,21.466],[72.676,21.432],[72.673,21.428],[72.635,21.407],[72.574,21.39],[72.565,21.386],[72.568,21.376],[72.579,21.367],[72.594,21.363],[72.623,21.37],[72.639,21.371],[72.646,21.363],[72.639,21.357],[72.603,21.353],[72.591,21.349],[72.587,21.341],[72.589,21.332],[72.598,21.308],[72.602,21.278],[72.606,21.267],[72.618,21.253],[72.625,21.259],[72.646,21.273],[72.647,21.254],[72.659,21.245],[72.673,21.239],[72.68,21.229],[72.688,21.22],[72.724,21.209],[72.735,21.199],[72.721,21.199],[72.712,21.194],[72.694,21.178],[72.63,21.136],[72.615,21.12],[72.615,21.106],[72.63,21.088],[72.638,21.085],[72.659,21.098],[72.666,21.097],[72.671,21.1],[72.673,21.113],[72.672,21.134],[72.673,21.146],[72.676,21.154],[72.687,21.158],[72.707,21.158],[72.714,21.164],[72.729,21.148],[72.721,21.13],[72.706,21.106],[72.7,21.075],[72.73,21.088],[72.735,21.092],[72.736,21.111],[72.738,21.117],[72.742,21.123],[72.746,21.118],[72.753,21.114],[72.756,21.11],[72.8,21.129],[72.81,21.13],[72.816,21.121],[72.85,21.048],[72.845,21.038],[72.823,21.034],[72.784,21.04],[72.767,21.039],[72.772,21.024],[72.782,21.01],[72.788,21.007],[72.799,21.006],[72.808,21.004],[72.816,20.999],[72.821,20.992],[72.823,20.983],[72.833,20.972],[72.854,20.975],[72.876,20.981],[72.888,20.983],[72.886,20.962],[72.856,20.948],[72.837,20.93],[72.865,20.897],[72.854,20.887],[72.846,20.852],[72.837,20.836],[72.875,20.862],[72.881,20.866],[72.894,20.87],[72.9,20.868],[72.888,20.852],[72.88,20.83],[72.886,20.807],[72.9,20.799],[72.919,20.822],[72.925,20.811],[72.923,20.803],[72.919,20.796],[72.919,20.787],[72.926,20.781],[72.936,20.776],[72.945,20.77],[72.947,20.759],[72.94,20.759],[72.899,20.732],[72.908,20.718],[72.909,20.699],[72.906,20.653],[72.903,20.642],[72.888,20.628],[72.885,20.619],[72.886,20.608],[72.891,20.587],[72.891,20.575],[72.89,20.553],[72.886,20.532],[72.879,20.512],[72.84,20.459],[72.829,20.438],[72.823,20.417],[72.821,20.386],[72.817,20.376],[72.81,20.369],[72.798,20.359],[72.787,20.352],[72.782,20.352],[72.778,20.33],[72.768,20.312],[72.757,20.296],[72.748,20.28],[72.743,20.248],[72.742,20.246],[72.742,20.225],[72.744,20.219],[72.749,20.218],[72.754,20.218],[72.756,20.215],[72.752,20.204],[72.738,20.184],[72.735,20.174],[72.728,20.129],[72.71,20.083],[72.708,20.071],[72.708,20.013],[72.703,19.998],[72.695,19.979],[72.684,19.964],[72.676,19.958],[72.665,19.953],[72.663,19.942],[72.666,19.917],[72.664,19.882],[72.659,19.866],[72.649,19.852],[72.65,19.842],[72.673,19.813],[72.68,19.8],[72.676,19.764],[72.678,19.747],[72.69,19.749],[72.728,19.794],[72.733,19.78],[72.734,19.772],[72.735,19.763],[72.731,19.755],[72.724,19.753],[72.717,19.752],[72.714,19.746],[72.719,19.728],[72.726,19.715],[72.726,19.706],[72.708,19.697],[72.705,19.707],[72.7,19.714],[72.694,19.72],[72.687,19.725],[72.71,19.65],[72.718,19.607],[72.711,19.588],[72.723,19.536],[72.742,19.516],[72.749,19.513],[72.756,19.519],[72.755,19.527],[72.749,19.534],[72.735,19.547],[72.74,19.553],[72.741,19.561],[72.738,19.57],[72.735,19.581],[72.742,19.581],[72.76,19.573],[72.771,19.566],[72.775,19.557],[72.777,19.546],[72.781,19.537],[72.788,19.53],[72.796,19.527],[72.816,19.529],[72.836,19.537],[72.857,19.541],[72.879,19.532],[72.769,19.49],[72.754,19.482],[72.747,19.468],[72.748,19.444],[72.76,19.389],[72.763,19.38],[72.788,19.345],[72.802,19.332],[72.819,19.33],[72.837,19.348],[72.855,19.34],[72.884,19.316],[72.899,19.307],[72.917,19.303],[72.971,19.307],[72.988,19.301],[73.002,19.287],[73.012,19.272],[73.019,19.266],[73.029,19.259],[73.028,19.244],[73.03,19.228],[73.05,19.218],[73.027,19.206],[73.011,19.224],[72.988,19.279],[72.973,19.294],[72.96,19.295],[72.947,19.29],[72.93,19.287],[72.901,19.291],[72.886,19.296],[72.867,19.317],[72.839,19.319],[72.785,19.314],[72.776,19.299],[72.772,19.265],[72.775,19.205],[72.789,19.217],[72.802,19.238],[72.815,19.254],[72.83,19.252],[72.82,19.241],[72.803,19.212],[72.783,19.169],[72.782,19.16],[72.785,19.15],[72.792,19.15],[72.8,19.157],[72.805,19.172],[72.811,19.176],[72.818,19.175],[72.823,19.169],[72.822,19.164],[72.812,19.154],[72.81,19.146],[72.812,19.137],[72.821,19.119],[72.823,19.108],[72.822,19.097],[72.81,19.067],[72.821,19.063],[72.824,19.054],[72.822,19.042],[72.817,19.033],[72.813,19.036],[72.803,19.04],[72.805,19.011],[72.802,19.0],[72.796,18.985],[72.776,18.96],[72.77,18.948],[72.775,18.937],[72.788,18.947],[72.792,18.951],[72.796,18.958],[72.803,18.958],[72.807,18.943],[72.805,18.931],[72.802,18.92],[72.803,18.91],[72.813,18.897],[72.821,18.903],[72.828,18.918],[72.836,18.959],[72.851,18.987],[72.869,19.011],[72.885,19.026],[72.891,19.001],[72.891,18.992],[72.934,19.034],[72.943,19.055],[72.927,19.067],[72.934,19.08],[72.936,19.115],[72.95,19.128],[72.967,19.163],[72.975,19.163],[72.967,19.091],[72.974,19.079],[72.986,19.074],[72.992,19.067],[72.981,19.046],[72.988,19.037],[72.984,19.01],[72.988,18.999],[73.012,19.009],[73.04,19.018],[73.057,19.015],[73.047,18.995],[73.042,18.996],[72.992,18.982],[72.968,18.973],[72.954,18.971],[72.954,18.964],[72.988,18.964],[72.977,18.948],[72.963,18.948],[72.949,18.951],[72.937,18.947],[72.935,18.921],[72.928,18.911],[72.913,18.923],[72.897,18.894],[72.916,18.871],[72.946,18.858],[72.962,18.865],[72.963,18.869],[72.967,18.872],[72.972,18.874],[72.978,18.875],[72.982,18.871],[72.98,18.863],[72.976,18.854],[72.975,18.848],[72.981,18.833],[72.988,18.825],[73.016,18.814],[73.002,18.801],[72.992,18.779],[72.988,18.754],[72.995,18.731],[72.981,18.737],[72.97,18.747],[72.966,18.761],[72.975,18.779],[72.939,18.817],[72.927,18.827],[72.913,18.8],[72.902,18.8],[72.887,18.807],[72.879,18.807],[72.866,18.799],[72.857,18.786],[72.852,18.77],[72.852,18.72],[72.855,18.681],[72.865,18.649],[72.882,18.635],[72.906,18.577],[72.91,18.559],[72.921,18.555],[72.95,18.56],[72.96,18.555],[72.97,18.541],[72.978,18.524],[72.981,18.509],[72.989,18.49],[73.004,18.48],[73.015,18.47],[73.009,18.451],[72.99,18.47],[72.961,18.518],[72.947,18.532],[72.925,18.536],[72.907,18.524],[72.896,18.503],[72.891,18.481],[72.89,18.441],[72.891,18.429],[72.897,18.417],[72.904,18.409],[72.91,18.399],[72.913,18.386],[72.912,18.377],[72.91,18.373],[72.91,18.368],[72.913,18.361],[72.917,18.356],[72.923,18.357],[72.928,18.358],[72.934,18.355],[72.951,18.333],[72.959,18.328],[72.975,18.328],[72.968,18.311],[72.977,18.295],[72.995,18.284],[73.012,18.279],[73.043,18.282],[73.057,18.281],[73.072,18.273],[73.065,18.258],[73.074,18.224],[73.072,18.204],[73.057,18.186],[73.048,18.189],[73.048,18.201],[73.063,18.21],[73.051,18.227],[73.032,18.238],[73.012,18.243],[72.995,18.245],[72.982,18.244],[72.977,18.243],[72.973,18.245],[72.965,18.255],[72.959,18.266],[72.958,18.275],[72.953,18.281],[72.94,18.286],[72.935,18.276],[72.933,18.267],[72.935,18.258],[72.94,18.251],[72.935,18.245],[72.927,18.224],[72.955,18.218],[72.967,18.196],[72.976,18.119],[72.978,18.112],[72.985,18.104],[72.988,18.096],[72.987,18.088],[72.983,18.082],[72.981,18.081],[72.987,18.067],[73.001,18.052],[73.009,18.039],[73.015,18.049],[73.023,18.058],[73.032,18.064],[73.043,18.067],[73.042,18.049],[73.032,18.041],[73.02,18.036],[73.009,18.026],[73.005,18.012],[73.009,18.0],[73.019,17.992],[73.035,17.992],[73.017,17.972],[73.019,17.952],[73.065,17.878],[73.074,17.857],[73.079,17.825],[73.085,17.814],[73.101,17.796],[73.107,17.786],[73.11,17.758],[73.115,17.748],[73.123,17.736],[73.123,17.723],[73.117,17.711],[73.108,17.7],[73.105,17.689],[73.111,17.676],[73.119,17.663],[73.126,17.655],[73.12,17.642],[73.121,17.626],[73.128,17.612],[73.139,17.601],[73.154,17.596],[73.186,17.593],[73.201,17.586],[73.163,17.569],[73.149,17.567],[73.136,17.567],[73.128,17.565],[73.126,17.557],[73.132,17.539],[73.166,17.503],[73.181,17.478],[73.173,17.457],[73.185,17.442],[73.177,17.427],[73.165,17.413],[73.167,17.402],[73.171,17.39],[73.196,17.369],[73.207,17.354],[73.235,17.302],[73.249,17.285],[73.231,17.279],[73.217,17.287],[73.203,17.299],[73.187,17.306],[73.193,17.294],[73.211,17.275],[73.215,17.269],[73.218,17.253],[73.236,17.221],[73.236,17.199],[73.255,17.165],[73.261,17.151],[73.262,17.135],[73.255,17.121],[73.267,17.101],[73.276,17.079],[73.277,17.055],[73.269,17.032],[73.259,17.044],[73.251,17.042],[73.251,17.032],[73.263,17.019],[73.255,17.007],[73.262,16.997],[73.289,16.984],[73.275,16.959],[73.271,16.945],[73.269,16.929],[73.279,16.892],[73.28,16.888],[73.269,16.876],[73.275,16.849],[73.287,16.821],[73.297,16.806],[73.304,16.813],[73.304,16.794],[73.295,16.768],[73.29,16.74],[73.3,16.713],[73.317,16.7],[73.322,16.692],[73.323,16.679],[73.321,16.671],[73.313,16.658],[73.311,16.651],[73.312,16.645],[73.323,16.621],[73.339,16.632],[73.354,16.635],[73.366,16.628],[73.371,16.61],[73.369,16.599],[73.363,16.597],[73.358,16.604],[73.358,16.621],[73.327,16.607],[73.323,16.606],[73.316,16.6],[73.315,16.599],[73.316,16.598],[73.317,16.59],[73.323,16.576],[73.336,16.566],[73.354,16.56],[73.371,16.559],[73.365,16.554],[73.354,16.543],[73.351,16.538],[73.356,16.531],[73.362,16.525],[73.369,16.521],[73.379,16.518],[73.356,16.519],[73.344,16.524],[73.323,16.545],[73.322,16.548],[73.315,16.558],[73.307,16.563],[73.304,16.556],[73.303,16.533],[73.306,16.523],[73.314,16.518],[73.319,16.51],[73.334,16.468],[73.341,16.432],[73.352,16.418],[73.367,16.409],[73.385,16.402],[73.373,16.396],[73.364,16.389],[73.359,16.381],[73.358,16.367],[73.376,16.36],[73.379,16.357],[73.378,16.338],[73.379,16.333],[73.406,16.251],[73.41,16.23],[73.414,16.224],[73.42,16.217],[73.426,16.215],[73.431,16.219],[73.435,16.218],[73.44,16.202],[73.44,16.162],[73.447,16.114],[73.448,16.143],[73.453,16.167],[73.465,16.182],[73.488,16.189],[73.479,16.177],[73.47,16.169],[73.463,16.16],[73.461,16.145],[73.461,16.086],[73.458,16.08],[73.453,16.074],[73.447,16.069],[73.45,16.059],[73.458,16.054],[73.465,16.052],[73.468,16.048],[73.473,16.036],[73.484,16.028],[73.499,16.024],[73.516,16.025],[73.516,16.017],[73.487,16.014],[73.491,15.993],[73.51,15.968],[73.529,15.949],[73.588,15.903],[73.605,15.881],[73.639,15.817],[73.646,15.792],[73.644,15.749],[73.646,15.737],[73.656,15.73],[73.672,15.727],[73.69,15.724],[73.701,15.723],[73.687,15.713],[73.686,15.704],[73.691,15.694],[73.698,15.663],[73.707,15.644],[73.718,15.627],[73.728,15.62],[73.733,15.625],[73.768,15.647],[73.777,15.651],[73.784,15.659],[73.801,15.662],[73.838,15.661],[73.838,15.654],[73.787,15.642],[73.76,15.632],[73.749,15.617],[73.747,15.608],[73.742,15.604],[73.737,15.599],[73.735,15.586],[73.737,15.572],[73.741,15.56],[73.756,15.538],[73.751,15.513],[73.766,15.497],[73.786,15.492],[73.796,15.5],[73.866,15.538],[73.866,15.531],[73.861,15.526],[73.86,15.521],[73.863,15.516],[73.872,15.511],[73.828,15.501],[73.818,15.497],[73.809,15.488],[73.8,15.475],[73.795,15.461],[73.796,15.449],[73.806,15.452],[73.842,15.449],[73.847,15.447],[73.854,15.438],[73.859,15.435],[73.865,15.434],[73.879,15.436],[73.886,15.435],[73.928,15.417],[73.937,15.411],[73.96,15.381],[73.968,15.374],[73.964,15.37],[73.962,15.368],[73.959,15.367],[73.954,15.366],[73.945,15.386],[73.933,15.395],[73.9,15.408],[73.885,15.398],[73.872,15.402],[73.86,15.408],[73.848,15.404],[73.839,15.404],[73.783,15.408],[73.81,15.378],[73.827,15.365],[73.848,15.36],[73.869,15.36],[73.883,15.355],[73.891,15.343],[73.947,15.161],[73.954,15.168],[73.962,15.152],[73.958,15.143],[73.937,15.13],[73.929,15.121],[73.923,15.108],[73.913,15.079],[73.964,15.065],[73.973,15.057],[73.996,15.011],[74.007,15.005],[74.02,15.002],[74.031,14.995],[74.036,14.98],[74.031,14.95],[74.03,14.935],[74.036,14.921],[74.077,14.898],[74.081,14.894],[74.091,14.888],[74.103,14.857],[74.112,14.846],[74.125,14.846],[74.141,14.853],[74.154,14.862],[74.16,14.87],[74.166,14.877],[74.198,14.891],[74.208,14.901],[74.211,14.887],[74.221,14.882],[74.231,14.88],[74.235,14.877],[74.233,14.865],[74.227,14.863],[74.218,14.865],[74.208,14.867],[74.191,14.863],[74.179,14.856],[74.17,14.844],[74.16,14.826],[74.152,14.835],[74.14,14.839],[74.129,14.837],[74.119,14.832],[74.114,14.821],[74.114,14.808],[74.109,14.803],[74.091,14.811],[74.096,14.793],[74.111,14.78],[74.146,14.764],[74.146,14.762],[74.153,14.75],[74.158,14.749],[74.169,14.751],[74.174,14.75],[74.181,14.742],[74.194,14.716],[74.209,14.732],[74.22,14.738],[74.234,14.734],[74.253,14.719],[74.263,14.702],[74.269,14.659],[74.276,14.64],[74.267,14.631],[74.268,14.62],[74.276,14.61],[74.287,14.606],[74.301,14.609],[74.312,14.615],[74.324,14.619],[74.339,14.613],[74.339,14.606],[74.307,14.602],[74.295,14.587],[74.296,14.565],[74.304,14.538],[74.301,14.527],[74.31,14.519],[74.325,14.517],[74.339,14.524],[74.343,14.537],[74.341,14.551],[74.343,14.564],[74.359,14.571],[74.356,14.562],[74.355,14.557],[74.359,14.545],[74.364,14.549],[74.368,14.55],[74.379,14.545],[74.377,14.541],[74.375,14.534],[74.372,14.53],[74.385,14.524],[74.428,14.476],[74.401,14.48],[74.398,14.475],[74.407,14.462],[74.389,14.463],[74.377,14.485],[74.367,14.512],[74.352,14.53],[74.354,14.505],[74.374,14.467],[74.382,14.431],[74.387,14.424],[74.392,14.419],[74.394,14.411],[74.394,14.385],[74.397,14.373],[74.404,14.363],[74.413,14.345],[74.415,14.301],[74.428,14.284],[74.436,14.28],[74.5,14.258],[74.509,14.25],[74.495,14.247],[74.471,14.249],[74.447,14.254],[74.433,14.263],[74.429,14.24],[74.439,14.22],[74.467,14.181],[74.473,14.162],[74.475,14.106],[74.479,14.096],[74.491,14.081],[74.495,14.072],[74.496,14.062],[74.495,14.041],[74.495,14.031],[74.505,14.01],[74.536,13.97],[74.551,13.946],[74.584,13.904],[74.596,13.871],[74.615,13.836],[74.623,13.774],[74.647,13.692],[74.66,13.66],[74.676,13.701],[74.688,13.712],[74.701,13.695],[74.689,13.691],[74.688,13.686],[74.701,13.674],[74.713,13.656],[74.721,13.652],[74.736,13.654],[74.724,13.646],[74.71,13.641],[74.697,13.64],[74.687,13.647],[74.681,13.647],[74.68,13.636],[74.677,13.63],[74.673,13.629],[74.667,13.633],[74.667,13.629],[74.668,13.625],[74.67,13.622],[74.674,13.619],[74.671,13.604],[74.678,13.549],[74.677,13.527],[74.701,13.461],[74.702,13.443],[74.702,13.42],[74.708,13.413],[74.694,13.415],[74.691,13.439],[74.681,13.468],[74.683,13.443],[74.688,13.41],[74.695,13.393],[74.689,13.382],[74.696,13.366],[74.707,13.348],[74.715,13.331],[74.733,13.263],[74.738,13.221],[74.749,13.171],[74.753,13.16],[74.76,13.155],[74.762,13.143],[74.763,13.119],[74.769,13.1],[74.774,13.093],[74.783,13.085],[74.77,13.052],[74.818,12.862],[74.851,12.857],[74.895,12.871],[74.941,12.879],[74.933,12.866],[74.917,12.858],[74.901,12.853],[74.89,12.852],[74.881,12.848],[74.867,12.83],[74.859,12.825],[74.851,12.826],[74.825,12.838],[74.828,12.825],[74.835,12.816],[74.844,12.808],[74.852,12.797],[74.855,12.787],[74.854,12.765],[74.856,12.759],[74.87,12.743],[74.88,12.725],[74.955,12.537],[74.977,12.507],[74.985,12.491],[74.989,12.471],[74.992,12.462],[74.999,12.455],[75.007,12.449],[75.01,12.444],[75.011,12.436],[75.018,12.415],[75.083,12.306],[75.099,12.269],[75.105,12.246],[75.106,12.234],[75.105,12.221],[75.114,12.23],[75.12,12.239],[75.127,12.246],[75.14,12.249],[75.14,12.242],[75.131,12.208],[75.144,12.161],[75.181,12.077],[75.186,12.042],[75.194,12.022],[75.209,12.008],[75.207,12.012],[75.211,12.017],[75.216,12.021],[75.222,12.022],[75.224,12.019],[75.228,12.015],[75.233,12.01],[75.239,12.008],[75.246,12.003],[75.277,11.967],[75.261,11.998],[75.264,12.013],[75.304,12.043],[75.306,12.042],[75.325,12.023],[75.33,12.013],[75.315,12.008],[75.281,12.011],[75.279,12.003],[75.29,11.981],[75.302,11.966],[75.316,11.956],[75.332,11.95],[75.349,11.948],[75.361,11.951],[75.38,11.969],[75.393,11.975],[75.386,11.958],[75.383,11.946],[75.387,11.935],[75.4,11.926],[75.4,11.92],[75.327,11.936],[75.308,11.932],[75.325,11.899],[75.349,11.872],[75.353,11.862],[75.356,11.858],[75.373,11.865],[75.38,11.865],[75.506,11.727],[75.531,11.694],[75.585,11.563],[75.582,11.55],[75.601,11.523],[75.606,11.505],[75.609,11.485],[75.617,11.474],[75.63,11.469],[75.65,11.468],[75.665,11.463],[75.677,11.45],[75.695,11.42],[75.711,11.382],[75.722,11.367],[75.736,11.372],[75.742,11.359],[75.74,11.351],[75.729,11.344],[75.731,11.332],[75.734,11.325],[75.738,11.319],[75.743,11.31],[75.833,11.098],[75.88,10.933],[75.895,10.85],[75.911,10.809],[75.942,10.796],[75.937,10.791],[75.924,10.781],[75.921,10.776],[75.922,10.766],[75.927,10.758],[75.932,10.751],[75.935,10.744],[75.939,10.726],[76.0,10.606],[76.008,10.567],[76.019,10.553],[76.045,10.529],[76.052,10.514],[76.063,10.47],[76.065,10.45],[76.07,10.433],[76.106,10.385],[76.121,10.344],[76.138,10.261],[76.153,10.22],[76.16,10.206],[76.171,10.194],[76.184,10.189],[76.202,10.2],[76.209,10.216],[76.208,10.235],[76.195,10.269],[76.206,10.263],[76.213,10.253],[76.223,10.234],[76.228,10.234],[76.234,10.238],[76.24,10.239],[76.243,10.231],[76.242,10.224],[76.237,10.217],[76.236,10.21],[76.224,10.197],[76.178,10.171],[76.178,10.155],[76.185,10.145],[76.185,10.136],[76.181,10.121],[76.182,10.106],[76.215,10.024],[76.228,10.0],[76.243,9.987],[76.235,10.005],[76.231,10.026],[76.229,10.066],[76.223,10.082],[76.214,10.099],[76.208,10.117],[76.215,10.138],[76.223,10.118],[76.228,10.11],[76.236,10.103],[76.245,10.102],[76.255,10.048],[76.274,10.036],[76.269,10.016],[76.278,9.978],[76.294,9.951],[76.312,9.967],[76.321,9.953],[76.359,9.915],[76.364,9.899],[76.386,9.862],[76.394,9.843],[76.396,9.823],[76.391,9.812],[76.384,9.803],[76.38,9.785],[76.382,9.775],[76.391,9.757],[76.394,9.747],[76.395,9.735],[76.392,9.717],[76.394,9.706],[76.403,9.711],[76.41,9.7],[76.415,9.683],[76.415,9.636],[76.42,9.614],[76.42,9.594],[76.407,9.569],[76.417,9.561],[76.428,9.555],[76.448,9.563],[76.467,9.556],[76.484,9.544],[76.503,9.535],[76.477,9.504],[76.459,9.497],[76.435,9.508],[76.426,9.505],[76.377,9.514],[76.357,9.521],[76.353,9.535],[76.373,9.624],[76.379,9.638],[76.387,9.65],[76.392,9.663],[76.394,9.679],[76.377,9.696],[76.368,9.716],[76.359,9.768],[76.359,9.782],[76.361,9.804],[76.359,9.816],[76.353,9.83],[76.337,9.856],[76.333,9.871],[76.32,9.862],[76.324,9.846],[76.346,9.816],[76.338,9.789],[76.347,9.727],[76.346,9.699],[76.339,9.699],[76.314,9.861],[76.309,9.88],[76.297,9.871],[76.305,9.856],[76.3,9.848],[76.29,9.844],[76.281,9.843],[76.284,9.848],[76.288,9.861],[76.289,9.877],[76.284,9.891],[76.279,9.877],[76.277,9.871],[76.267,9.876],[76.261,9.885],[76.258,9.896],[76.257,9.909],[76.262,9.912],[76.286,9.904],[76.291,9.909],[76.285,9.929],[76.27,9.951],[76.251,9.963],[76.236,9.953],[76.24,9.939],[76.247,9.894],[76.253,9.884],[76.277,9.809],[76.297,9.658],[76.291,9.633],[76.312,9.493],[76.363,9.325],[76.443,9.145],[76.449,9.145],[76.447,9.16],[76.416,9.236],[76.415,9.247],[76.428,9.245],[76.443,9.212],[76.462,9.151],[76.469,9.151],[76.471,9.16],[76.473,9.164],[76.483,9.172],[76.476,9.131],[76.477,9.117],[76.469,9.117],[76.468,9.125],[76.467,9.129],[76.465,9.133],[76.462,9.138],[76.46,9.115],[76.489,9.056],[76.5,9.022],[76.514,9.002],[76.517,8.991],[76.518,8.977],[76.521,8.961],[76.528,8.947],[76.538,8.939],[76.534,8.958],[76.539,8.973],[76.55,8.984],[76.565,8.994],[76.562,8.979],[76.558,8.973],[76.551,8.966],[76.559,8.952],[76.566,8.963],[76.577,8.994],[76.583,9.001],[76.606,8.989],[76.621,8.987],[76.627,8.997],[76.632,9.002],[76.644,9.008],[76.658,9.011],[76.668,9.007],[76.668,9.0],[76.657,8.995],[76.642,8.991],[76.634,8.987],[76.64,8.984],[76.652,8.977],[76.661,8.97],[76.658,8.966],[76.603,8.973],[76.593,8.968],[76.582,8.956],[76.574,8.943],[76.572,8.932],[76.582,8.92],[76.594,8.921],[76.607,8.926],[76.621,8.925],[76.61,8.918],[76.591,8.908],[76.573,8.904],[76.559,8.925],[76.548,8.924],[76.544,8.913],[76.559,8.891],[76.645,8.819],[76.66,8.8],[76.696,8.74],[76.731,8.708],[76.742,8.685],[76.814,8.601],[76.827,8.57],[76.88,8.521],[76.963,8.405],[76.996,8.368],[77.11,8.285],[77.129,8.272],[77.225,8.184],[77.239,8.175],[77.263,8.168],[77.287,8.154],[77.295,8.147],[77.309,8.131],[77.316,8.128],[77.45,8.087],[77.511,8.076],[77.565,8.083],[77.561,8.115],[77.595,8.139],[77.644,8.156],[77.752,8.174],[77.768,8.182],[77.793,8.215],[77.806,8.229],[78.0,8.345],[78.039,8.361],[78.056,8.364],[78.063,8.373],[78.08,8.432],[78.087,8.44],[78.115,8.466],[78.123,8.478],[78.128,8.488],[78.142,8.593],[78.136,8.626],[78.115,8.658],[78.143,8.658],[78.137,8.67],[78.14,8.681],[78.155,8.699],[78.165,8.727],[78.169,8.734],[78.187,8.745],[78.205,8.753],[78.215,8.765],[78.21,8.788],[78.2,8.77],[78.189,8.765],[78.176,8.764],[78.162,8.753],[78.17,8.772],[78.174,8.794],[78.178,8.861],[78.183,8.877],[78.218,8.939],[78.24,8.966],[78.377,9.077],[78.412,9.1],[78.45,9.117],[78.486,9.125],[78.619,9.141],[78.635,9.145],[78.649,9.151],[78.655,9.162],[78.661,9.177],[78.676,9.184],[78.728,9.187],[78.741,9.193],[78.752,9.201],[78.762,9.21],[78.777,9.219],[78.815,9.228],[78.844,9.244],[78.861,9.249],[78.896,9.254],[78.904,9.254],[78.911,9.252],[78.918,9.252],[78.929,9.254],[78.949,9.27],[78.957,9.275],[78.989,9.278],[79.026,9.274],[79.061,9.265],[79.087,9.254],[79.099,9.257],[79.129,9.256],[79.165,9.274],[79.184,9.272],[79.201,9.267],[79.217,9.267],[79.232,9.258],[79.293,9.25],[79.361,9.213],[79.424,9.159],[79.44,9.151],[79.454,9.159],[79.438,9.176],[79.368,9.228],[79.354,9.241],[79.347,9.25],[79.345,9.256],[79.341,9.261],[79.336,9.268],[79.334,9.278],[79.337,9.29],[79.343,9.299],[79.346,9.307],[79.341,9.316],[79.32,9.323],[79.297,9.313],[79.274,9.297],[79.252,9.289],[79.116,9.291],[79.075,9.3],[79.04,9.315],[78.96,9.385],[78.933,9.416],[78.915,9.453],[78.913,9.474],[78.925,9.514],[78.931,9.562],[78.938,9.584],[78.948,9.603],[78.957,9.617],[78.962,9.623],[78.973,9.631],[78.977,9.638],[78.98,9.649],[78.98,9.659],[78.981,9.667],[79.039,9.747],[79.078,9.782],[79.094,9.802],[79.101,9.826],[79.104,9.83],[79.121,9.85],[79.142,9.891],[79.2,9.97],[79.241,10.011],[79.279,10.036],[79.254,10.054],[79.244,10.085],[79.237,10.152],[79.236,10.167],[79.24,10.18],[79.248,10.189],[79.262,10.193],[79.269,10.198],[79.271,10.21],[79.27,10.223],[79.272,10.234],[79.286,10.253],[79.305,10.268],[79.364,10.302],[79.386,10.32],[79.398,10.325],[79.412,10.321],[79.437,10.31],[79.46,10.308],[79.511,10.317],[79.532,10.323],[79.532,10.33],[79.529,10.338],[79.568,10.336],[79.587,10.344],[79.607,10.336],[79.604,10.329],[79.574,10.317],[79.565,10.316],[79.557,10.316],[79.552,10.313],[79.553,10.303],[79.557,10.299],[79.563,10.297],[79.58,10.296],[79.76,10.258],[79.772,10.262],[79.774,10.274],[79.759,10.282],[79.731,10.289],[79.704,10.289],[79.695,10.292],[79.685,10.299],[79.676,10.303],[79.662,10.307],[79.646,10.31],[79.63,10.31],[79.614,10.31],[79.621,10.324],[79.633,10.329],[79.757,10.309],[79.78,10.297],[79.779,10.275],[79.795,10.269],[79.815,10.272],[79.834,10.279],[79.851,10.282],[79.857,10.293],[79.864,10.379],[79.86,10.551],[79.85,10.592],[79.85,10.755],[79.847,10.81],[79.841,10.95],[79.847,10.98],[79.852,11.007],[79.855,11.16],[79.835,11.264],[79.833,11.342],[79.83,11.346],[79.824,11.347],[79.797,11.359],[79.776,11.363],[79.759,11.358],[79.752,11.341],[79.742,11.336],[79.696,11.303],[79.683,11.296],[79.676,11.296],[79.684,11.312],[79.74,11.366],[79.75,11.374],[79.759,11.378],[79.769,11.381],[79.776,11.38],[79.783,11.379],[79.81,11.379],[79.819,11.381],[79.822,11.391],[79.817,11.443],[79.809,11.451],[79.793,11.454],[79.798,11.448],[79.799,11.442],[79.797,11.435],[79.793,11.426],[79.786,11.426],[79.781,11.465],[79.757,11.536],[79.752,11.577],[79.754,11.597],[79.763,11.634],[79.767,11.674],[79.786,11.769],[79.793,11.788],[79.803,11.796],[79.82,11.879],[79.845,11.933],[79.85,11.955],[79.85,11.959],[79.86,11.973],[79.862,11.978],[79.861,12.012],[79.862,12.022],[79.87,12.037],[79.897,12.069],[79.928,12.13],[79.934,12.139],[79.948,12.154],[80.005,12.242],[79.974,12.222],[79.953,12.214],[79.944,12.218],[79.952,12.23],[80.005,12.256],[80.026,12.277],[80.057,12.331],[80.06,12.334],[80.064,12.337],[80.087,12.351],[80.096,12.362],[80.117,12.401],[80.121,12.417],[80.156,12.475],[80.18,12.533],[80.183,12.547],[80.185,12.567],[80.196,12.614],[80.204,12.632],[80.222,12.66],[80.229,12.675],[80.234,12.711],[80.252,12.763],[80.263,12.835],[80.269,12.957],[80.283,13.029],[80.286,13.068],[80.29,13.077],[80.308,13.096],[80.314,13.106],[80.307,13.136],[80.307,13.146],[80.314,13.164],[80.324,13.18],[80.333,13.198],[80.334,13.221],[80.318,13.217],[80.314,13.215],[80.318,13.231],[80.32,13.249],[80.324,13.247],[80.334,13.243],[80.336,13.271],[80.346,13.321],[80.348,13.349],[80.344,13.375],[80.334,13.413],[80.327,13.43],[80.314,13.427],[80.312,13.423],[80.307,13.413],[80.293,13.429],[80.275,13.44],[80.262,13.451],[80.266,13.468],[80.26,13.468],[80.253,13.469],[80.243,13.472],[80.235,13.478],[80.228,13.486],[80.22,13.488],[80.176,13.489],[80.153,13.494],[80.132,13.496],[80.119,13.501],[80.112,13.512],[80.101,13.537],[80.07,13.574],[80.056,13.595],[80.053,13.619],[80.076,13.648],[80.091,13.659],[80.094,13.671],[80.094,13.695],[80.101,13.686],[80.11,13.681],[80.118,13.675],[80.121,13.664],[80.118,13.639],[80.121,13.627],[80.136,13.619],[80.142,13.649],[80.142,13.729],[80.153,13.719],[80.184,13.679],[80.197,13.644],[80.245,13.592],[80.278,13.513],[80.307,13.441],[80.314,13.441],[80.31,13.479],[80.288,13.527],[80.259,13.592],[80.238,13.66],[80.228,13.677],[80.221,13.697],[80.227,13.721],[80.245,13.756],[80.249,13.8],[80.237,13.84],[80.164,13.988],[80.15,14.028],[80.126,14.149],[80.123,14.194],[80.136,14.229],[80.121,14.242],[80.107,14.234],[80.091,14.217],[80.073,14.202],[80.051,14.196],[80.047,14.207],[80.055,14.222],[80.07,14.229],[80.072,14.232],[80.087,14.25],[80.098,14.254],[80.128,14.257],[80.137,14.27],[80.159,14.325],[80.175,14.345],[80.179,14.389],[80.176,14.469],[80.188,14.526],[80.19,14.548],[80.192,14.553],[80.196,14.559],[80.197,14.565],[80.19,14.571],[80.183,14.571],[80.159,14.566],[80.149,14.565],[80.142,14.571],[80.161,14.58],[80.17,14.586],[80.176,14.593],[80.178,14.606],[80.174,14.617],[80.166,14.628],[80.16,14.663],[80.152,14.673],[80.128,14.688],[80.117,14.698],[80.111,14.705],[80.108,14.714],[80.105,14.764],[80.073,14.921],[80.073,14.942],[80.062,14.975],[80.055,15.014],[80.053,15.093],[80.082,15.204],[80.093,15.297],[80.091,15.305],[80.121,15.37],[80.127,15.388],[80.14,15.406],[80.173,15.438],[80.184,15.452],[80.2,15.482],[80.211,15.497],[80.198,15.503],[80.201,15.518],[80.217,15.548],[80.219,15.567],[80.263,15.675],[80.28,15.701],[80.36,15.776],[80.393,15.797],[80.436,15.808],[80.445,15.814],[80.461,15.83],[80.469,15.835],[80.476,15.836],[80.483,15.836],[80.492,15.839],[80.526,15.857],[80.542,15.868],[80.554,15.881],[80.561,15.881],[80.571,15.869],[80.584,15.873],[80.6,15.882],[80.618,15.888],[80.663,15.889],[80.66,15.894],[80.663,15.901],[80.67,15.908],[80.676,15.907],[80.682,15.903],[80.69,15.901],[80.736,15.898],[80.76,15.893],[80.776,15.884],[80.803,15.842],[80.808,15.804],[80.807,15.716],[80.82,15.727],[80.83,15.748],[80.856,15.823],[80.89,15.895],[80.896,15.936],[80.891,15.978],[80.875,16.017],[80.883,16.011],[80.886,16.009],[80.889,16.004],[80.896,16.011],[80.892,16.021],[80.896,16.031],[80.906,16.0],[80.909,15.983],[80.91,15.966],[80.903,15.891],[80.904,15.871],[80.91,15.853],[80.922,15.839],[80.941,15.833],[80.949,15.828],[80.979,15.803],[80.988,15.791],[80.996,15.784],[81.005,15.779],[81.013,15.778],[81.019,15.784],[81.019,15.792],[81.013,15.812],[81.009,15.818],[81.003,15.825],[80.998,15.835],[80.999,15.847],[81.027,15.881],[81.043,15.894],[81.088,15.921],[81.135,15.966],[81.15,15.97],[81.155,15.986],[81.156,16.039],[81.162,16.057],[81.18,16.087],[81.19,16.139],[81.219,16.199],[81.23,16.244],[81.254,16.271],[81.26,16.289],[81.256,16.302],[81.25,16.311],[81.249,16.32],[81.26,16.333],[81.317,16.367],[81.332,16.37],[81.345,16.374],[81.36,16.374],[81.376,16.367],[81.387,16.377],[81.399,16.383],[81.411,16.383],[81.424,16.374],[81.428,16.366],[81.426,16.359],[81.421,16.351],[81.417,16.34],[81.475,16.359],[81.496,16.361],[81.536,16.35],[81.549,16.352],[81.54,16.374],[81.557,16.373],[81.569,16.368],[81.574,16.358],[81.568,16.346],[81.585,16.342],[81.621,16.34],[81.636,16.333],[81.656,16.337],[81.677,16.327],[81.696,16.315],[81.712,16.312],[81.718,16.312],[81.763,16.323],[81.783,16.339],[81.862,16.375],[81.881,16.382],[81.9,16.386],[81.941,16.388],[81.948,16.392],[81.956,16.407],[81.968,16.409],[81.982,16.408],[81.993,16.408],[82.008,16.42],[82.023,16.436],[82.037,16.448],[82.069,16.444],[82.091,16.455],[82.123,16.477],[82.173,16.501],[82.188,16.504],[82.203,16.513],[82.259,16.565],[82.307,16.58],[82.296,16.591],[82.285,16.607],[82.281,16.621],[82.287,16.628],[82.294,16.626],[82.299,16.61],[82.304,16.606],[82.313,16.608],[82.314,16.613],[82.312,16.62],[82.314,16.628],[82.338,16.678],[82.346,16.706],[82.352,16.761],[82.366,16.812],[82.367,16.86],[82.367,16.909],[82.361,16.936],[82.349,16.956],[82.357,16.925],[82.361,16.891],[82.362,16.859],[82.352,16.845],[82.335,16.854],[82.333,16.852],[82.327,16.849],[82.32,16.847],[82.314,16.847],[82.308,16.85],[82.304,16.854],[82.298,16.858],[82.268,16.867],[82.255,16.885],[82.251,16.908],[82.253,16.929],[82.292,16.998],[82.299,17.03],[82.312,17.047],[82.342,17.073],[82.37,17.11],[82.388,17.127],[82.423,17.14],[82.435,17.154],[82.452,17.182],[82.475,17.206],[82.719,17.349],[82.758,17.359],[82.796,17.383],[82.838,17.393],[82.854,17.403],[82.869,17.414],[82.883,17.422],[82.889,17.41],[82.897,17.409],[82.945,17.443],[82.953,17.446],[82.97,17.45],[82.976,17.454],[82.996,17.473],[83.02,17.491],[83.053,17.506],[83.088,17.531],[83.171,17.56],[83.196,17.577],[83.209,17.584],[83.223,17.586],[83.239,17.593],[83.234,17.608],[83.213,17.635],[83.247,17.634],[83.255,17.638],[83.268,17.649],[83.289,17.658],[83.299,17.664],[83.299,17.673],[83.292,17.677],[83.272,17.688],[83.249,17.695],[83.242,17.707],[83.247,17.716],[83.268,17.717],[83.276,17.713],[83.28,17.706],[83.282,17.699],[83.285,17.696],[83.287,17.695],[83.29,17.693],[83.293,17.691],[83.299,17.69],[83.304,17.692],[83.313,17.701],[83.319,17.703],[83.341,17.717],[83.402,17.784],[83.418,17.806],[83.425,17.839],[83.431,17.854],[83.453,17.868],[83.452,17.886],[83.449,17.907],[83.452,17.923],[83.463,17.909],[83.466,17.902],[83.473,17.902],[83.487,17.917],[83.526,17.943],[83.534,17.953],[83.539,17.956],[83.557,17.973],[83.558,17.978],[83.563,17.983],[83.576,18.01],[83.582,18.019],[83.614,18.045],[83.775,18.14],[84.077,18.272],[84.113,18.298],[84.124,18.334],[84.133,18.343],[84.136,18.354],[84.139,18.364],[84.144,18.375],[84.153,18.384],[84.174,18.4],[84.188,18.418],[84.23,18.446],[84.24,18.461],[84.288,18.506],[84.331,18.539],[84.35,18.553],[84.326,18.537],[84.298,18.516],[84.271,18.5],[84.249,18.502],[84.238,18.511],[84.247,18.526],[84.25,18.524],[84.273,18.524],[84.282,18.526],[84.289,18.53],[84.306,18.544],[84.312,18.547],[84.333,18.554],[84.349,18.57],[84.37,18.601],[84.424,18.636],[84.433,18.646],[84.437,18.663],[84.448,18.681],[84.542,18.776],[84.548,18.796],[84.631,18.916],[84.665,18.93],[84.68,18.946],[84.699,18.977],[84.741,19.028],[84.751,19.054],[84.778,19.091],[84.78,19.097],[84.775,19.1],[84.768,19.102],[84.761,19.102],[84.757,19.098],[84.74,19.074],[84.735,19.083],[84.723,19.096],[84.72,19.102],[84.721,19.114],[84.731,19.129],[84.734,19.139],[84.739,19.148],[84.751,19.138],[84.764,19.123],[84.775,19.115],[84.778,19.116],[84.791,19.121],[84.872,19.22],[84.996,19.323],[85.07,19.372],[85.18,19.475],[85.241,19.518],[85.285,19.536],[85.337,19.575],[85.38,19.594],[85.463,19.631],[85.54,19.67],[85.577,19.691],[85.331,19.576],[85.303,19.574],[85.306,19.58],[85.303,19.587],[85.288,19.601],[85.294,19.6],[85.303,19.597],[85.309,19.595],[85.311,19.61],[85.318,19.62],[85.326,19.619],[85.33,19.605],[85.337,19.596],[85.352,19.599],[85.368,19.608],[85.378,19.615],[85.38,19.62],[85.382,19.631],[85.385,19.636],[85.389,19.638],[85.402,19.644],[85.405,19.646],[85.405,19.662],[85.403,19.671],[85.399,19.679],[85.391,19.691],[85.383,19.676],[85.374,19.675],[85.364,19.678],[85.351,19.678],[85.309,19.642],[85.261,19.656],[85.248,19.656],[85.248,19.653],[85.236,19.635],[85.233,19.633],[85.234,19.626],[85.237,19.621],[85.242,19.617],[85.248,19.615],[85.248,19.609],[85.233,19.602],[85.224,19.59],[85.213,19.581],[85.193,19.581],[85.193,19.574],[85.204,19.571],[85.233,19.554],[85.224,19.55],[85.215,19.547],[85.206,19.548],[85.199,19.554],[85.196,19.538],[85.202,19.527],[85.203,19.517],[85.186,19.506],[85.179,19.504],[85.171,19.504],[85.162,19.503],[85.151,19.499],[85.146,19.493],[85.142,19.487],[85.136,19.482],[85.124,19.478],[85.129,19.488],[85.13,19.499],[85.129,19.51],[85.124,19.519],[85.115,19.507],[85.109,19.507],[85.105,19.515],[85.103,19.53],[85.109,19.539],[85.123,19.549],[85.139,19.557],[85.151,19.56],[85.151,19.568],[85.139,19.58],[85.14,19.597],[85.15,19.613],[85.166,19.626],[85.175,19.637],[85.19,19.671],[85.207,19.684],[85.203,19.707],[85.221,19.736],[85.247,19.763],[85.268,19.78],[85.278,19.786],[85.29,19.79],[85.304,19.793],[85.32,19.794],[85.375,19.838],[85.416,19.88],[85.44,19.896],[85.464,19.903],[85.477,19.901],[85.515,19.889],[85.557,19.882],[85.57,19.876],[85.567,19.792],[85.57,19.773],[85.564,19.764],[85.563,19.757],[85.568,19.751],[85.577,19.746],[85.559,19.738],[85.515,19.711],[85.519,19.722],[85.523,19.729],[85.526,19.734],[85.522,19.739],[85.478,19.724],[85.451,19.716],[85.439,19.708],[85.437,19.705],[85.432,19.705],[85.427,19.704],[85.426,19.697],[85.43,19.692],[85.437,19.691],[85.443,19.692],[85.447,19.691],[85.448,19.675],[85.45,19.667],[85.457,19.663],[85.48,19.666],[85.549,19.691],[85.614,19.728],[85.638,19.732],[85.636,19.727],[85.626,19.723],[85.624,19.719],[85.685,19.748],[85.715,19.754],[85.734,19.764],[85.744,19.766],[85.778,19.765],[85.789,19.766],[85.809,19.773],[85.846,19.796],[85.889,19.803],[86.014,19.839],[86.032,19.841],[86.038,19.845],[86.047,19.853],[86.057,19.857],[86.067,19.852],[86.078,19.844],[86.089,19.844],[86.112,19.856],[86.269,19.91],[86.372,19.965],[86.356,19.97],[86.342,19.98],[86.327,19.985],[86.315,19.987],[86.308,19.992],[86.303,19.999],[86.296,20.007],[86.294,20.01],[86.294,20.016],[86.293,20.021],[86.289,20.026],[86.285,20.027],[86.273,20.026],[86.269,20.026],[86.23,20.035],[86.214,20.042],[86.188,20.064],[86.168,20.073],[86.159,20.081],[86.154,20.09],[86.145,20.122],[86.153,20.143],[86.159,20.143],[86.163,20.135],[86.168,20.113],[86.173,20.102],[86.196,20.08],[86.2,20.078],[86.209,20.067],[86.231,20.065],[86.275,20.067],[86.348,20.009],[86.397,19.983],[86.426,19.999],[86.414,19.999],[86.404,20.003],[86.397,20.01],[86.391,20.02],[86.415,20.036],[86.467,20.095],[86.469,20.109],[86.479,20.129],[86.49,20.174],[86.495,20.184],[86.511,20.197],[86.534,20.206],[86.584,20.218],[86.628,20.235],[86.717,20.287],[86.755,20.314],[86.72,20.292],[86.702,20.285],[86.694,20.294],[86.702,20.304],[86.72,20.315],[86.739,20.324],[86.751,20.328],[86.768,20.343],[86.794,20.378],[86.81,20.415],[86.796,20.437],[86.79,20.415],[86.788,20.403],[86.789,20.39],[86.77,20.401],[86.756,20.394],[86.742,20.38],[86.72,20.368],[86.725,20.432],[86.734,20.462],[86.751,20.489],[86.774,20.512],[86.923,20.622],[86.976,20.638],[87.004,20.657],[87.028,20.68],[87.043,20.698],[87.033,20.69],[87.019,20.68],[86.995,20.671],[86.99,20.68],[86.987,20.684],[86.982,20.685],[86.974,20.684],[86.969,20.691],[86.961,20.695],[86.952,20.697],[86.94,20.698],[86.948,20.709],[86.961,20.713],[86.976,20.711],[86.989,20.704],[86.999,20.711],[87.002,20.719],[87.0,20.728],[86.995,20.739],[86.987,20.752],[86.98,20.756],[86.957,20.753],[86.911,20.756],[86.889,20.764],[86.879,20.781],[86.917,20.788],[86.936,20.788],[86.954,20.781],[86.966,20.806],[86.952,20.849],[86.844,21.082],[86.837,21.175],[86.867,21.256],[86.918,21.327],[87.064,21.475],[87.113,21.508],[87.201,21.552],[87.211,21.555],[87.235,21.555],[87.246,21.557],[87.256,21.562],[87.293,21.554],[87.342,21.562],[87.405,21.587]]]}},{"type":"Feature","properties":{},"geometry":{"type":"MultiLineString","coordinates":[[[97.872,9.38],[97.84,9.404],[97.835,9.412],[97.838,9.419],[97.844,9.425],[97.851,9.428],[97.857,9.429],[97.868,9.42],[97.875,9.406],[97.876,9.39],[97.872,9.38]]]}},{"type":"Feature","properties":{},"geometry":{"type":"MultiLineString","coordinates":[[[98.057,9.797],[98.038,9.791],[98.018,9.795],[98.008,9.807],[98.015,9.826],[98.03,9.833],[98.046,9.828],[98.057,9.814],[98.057,9.797]]]}},{"type":"Feature","properties":{},"geometry":{"type":"MultiLineString","coordinates":[[[73.646,10.085],[73.644,10.077],[73.641,10.069],[73.637,10.063],[73.633,10.057],[73.632,10.068],[73.632,10.068],[73.633,10.078],[73.637,10.087],[73.644,10.095],[73.644,10.094],[73.645,10.092],[73.646,10.085]]]}},{"type":"Feature","properties":{},"geometry":{"type":"MultiLineString","coordinates":[[[73.662,10.145],[73.662,10.145],[73.66,10.143],[73.659,10.14],[73.658,10.139],[73.658,10.139],[73.655,10.142],[73.656,10.145],[73.657,10.145],[73.66,10.144],[73.662,10.145]]]}},{"type":"Feature","properties":{},"geometry":{"type":"MultiLineString","coordinates":[[[98.229,10.52],[98.222,10.498],[98.207,10.483],[98.193,10.482],[98.185,10.501],[98.19,10.516],[98.202,10.524],[98.218,10.529],[98.234,10.529],[98.232,10.527],[98.23,10.522],[98.229,10.52]]]}},{"type":"Feature","properties":{},"geometry":{"type":"MultiLineString","coordinates":[[[72.65,10.567],[72.65,10.567],[72.639,10.559],[72.633,10.557],[72.628,10.555],[72.627,10.555],[72.632,10.56],[72.649,10.574],[72.649,10.574],[72.651,10.573],[72.65,10.571],[72.65,10.569],[72.65,10.567],[72.65,10.567]]]}},{"type":"Feature","properties":{},"geometry":{"type":"MultiLineString","coordinates":[[[72.549,10.779],[72.549,10.779],[72.541,10.773],[72.541,10.777],[72.542,10.778],[72.545,10.778],[72.549,10.779]]]}},{"type":"Feature","properties":{},"geometry":{"type":"MultiLineString","coordinates":[[[73.671,10.83],[73.681,10.828],[73.684,10.828],[73.676,10.824],[73.673,10.825],[73.672,10.827],[73.671,10.83],[73.671,10.83]]]}},{"type":"Feature","properties":{},"geometry":{"type":"MultiLineString","coordinates":[[[98.43,10.978],[98.433,10.994],[98.443,11.003],[98.451,11.002],[98.453,10.986],[98.448,10.974],[98.44,10.966],[98.433,10.965],[98.43,10.978]]]}},{"type":"Feature","properties":{},"geometry":{"type":"MultiLineString","coordinates":[[[72.75,11.119],[72.748,11.115],[72.747,11.112],[72.745,11.11],[72.74,11.109],[72.74,11.114],[72.742,11.116],[72.746,11.117],[72.75,11.119]]]}},{"type":"Feature","properties":{},"geometry":{"type":"MultiLineString","coordinates":[[[73.013,11.502],[73.011,11.49],[73.009,11.485],[73.006,11.48],[73.004,11.489],[73.004,11.496],[73.007,11.501],[73.013,11.502]]]}},{"type":"Feature","properties":{},"geometry":{"type":"MultiLineString","coordinates":[[[72.716,11.694],[72.716,11.694],[72.709,11.689],[72.705,11.687],[72.701,11.686],[72.701,11.686],[72.705,11.692],[72.709,11.694],[72.716,11.694]]]}},{"type":"Feature","properties":{},"geometry":{"type":"MultiLineString","coordinates":[[[97.465,11.782],[97.459,11.786],[97.444,11.8],[97.463,11.8],[97.477,11.788],[97.48,11.778],[97.465,11.782]]]}},{"type":"Feature","properties":{},"geometry":{"type":"MultiLineString","coordinates":[[[93.873,12.269],[93.854,12.261],[93.852,12.272],[93.861,12.281],[93.873,12.269]]]}},{"type":"Feature","properties":{},"geometry":{"type":"MultiLineString","coordinates":[[[97.837,12.772],[97.835,12.793],[97.842,12.806],[97.853,12.807],[97.865,12.79],[97.868,12.775],[97.864,12.767],[97.853,12.766],[97.837,12.772]]]}},{"type":"Feature","properties":{},"geometry":{"type":"MultiLineString","coordinates":[[[94.281,13.444],[94.291,13.423],[94.275,13.42],[94.262,13.429],[94.281,13.444]]]}},{"type":"Feature","properties":{},"geometry":{"type":"MultiLineString","coordinates":[[[95.177,5.628],[95.155,5.657],[95.142,5.664],[95.136,5.646],[95.13,5.64],[95.118,5.632],[95.109,5.622],[95.112,5.612],[95.122,5.607],[95.134,5.606],[95.145,5.604],[95.156,5.595],[95.163,5.602],[95.171,5.607],[95.181,5.609],[95.191,5.608],[95.177,5.628]]]}},{"type":"Feature","properties":{},"geometry":{"type":"MultiLineString","coordinates":[[[95.115,5.711],[95.122,5.705],[95.102,5.72],[95.081,5.741],[95.058,5.757],[95.034,5.76],[95.024,5.754],[95.015,5.745],[95.013,5.736],[95.023,5.732],[95.033,5.734],[95.04,5.736],[95.049,5.736],[95.061,5.732],[95.061,5.725],[95.049,5.718],[95.051,5.713],[95.057,5.707],[95.057,5.701],[95.051,5.694],[95.048,5.69],[95.05,5.686],[95.061,5.684],[95.057,5.675],[95.057,5.669],[95.061,5.656],[95.095,5.684],[95.122,5.669],[95.132,5.68],[95.133,5.691],[95.127,5.702],[95.115,5.711]]]}},{"type":"Feature","properties":{},"geometry":{"type":"MultiLineString","coordinates":[[[95.342,5.896],[95.325,5.898],[95.315,5.888],[95.307,5.872],[95.297,5.859],[95.284,5.857],[95.272,5.87],[95.259,5.896],[95.248,5.905],[95.236,5.909],[95.215,5.91],[95.214,5.903],[95.221,5.886],[95.231,5.869],[95.253,5.855],[95.26,5.839],[95.266,5.821],[95.273,5.807],[95.287,5.794],[95.303,5.786],[95.32,5.781],[95.338,5.779],[95.35,5.784],[95.355,5.795],[95.355,5.828],[95.369,5.818],[95.373,5.814],[95.376,5.807],[95.383,5.807],[95.383,5.842],[95.351,5.887],[95.342,5.896]]]}},{"type":"Feature","properties":{},"geometry":{"type":"MultiLineString","coordinates":[[[93.92,7.024],[93.913,7.035],[93.903,7.061],[93.887,7.089],[93.883,7.105],[93.881,7.144],[93.877,7.164],[93.87,7.181],[93.865,7.201],[93.855,7.214],[93.831,7.236],[93.814,7.242],[93.798,7.235],[93.772,7.212],[93.765,7.219],[93.74,7.207],[93.735,7.206],[93.73,7.202],[93.725,7.195],[93.717,7.188],[93.708,7.184],[93.685,7.185],[93.676,7.182],[93.654,7.131],[93.65,7.12],[93.649,7.013],[93.665,7.027],[93.684,7.021],[93.704,7.006],[93.718,6.993],[93.729,6.971],[93.737,6.943],[93.748,6.924],[93.765,6.924],[93.764,6.912],[93.766,6.901],[93.771,6.894],[93.78,6.89],[93.773,6.878],[93.776,6.867],[93.784,6.858],[93.793,6.849],[93.784,6.836],[93.792,6.826],[93.805,6.817],[93.814,6.808],[93.813,6.788],[93.809,6.769],[93.813,6.754],[93.834,6.746],[93.848,6.785],[93.859,6.804],[93.872,6.805],[93.88,6.8],[93.89,6.801],[93.898,6.804],[93.903,6.808],[93.904,6.819],[93.899,6.827],[93.893,6.834],[93.889,6.842],[93.894,6.877],[93.921,6.934],[93.93,6.959],[93.929,7.012],[93.92,7.024]]]}},{"type":"Feature","properties":{},"geometry":{"type":"MultiLineString","coordinates":[[[93.731,7.369],[93.722,7.381],[93.709,7.389],[93.699,7.399],[93.697,7.418],[93.697,7.445],[93.684,7.422],[93.678,7.399],[93.667,7.383],[93.639,7.376],[93.617,7.367],[93.61,7.347],[93.607,7.326],[93.594,7.315],[93.611,7.295],[93.615,7.287],[93.617,7.276],[93.616,7.267],[93.618,7.26],[93.628,7.253],[93.644,7.258],[93.679,7.298],[93.697,7.315],[93.716,7.326],[93.729,7.337],[93.734,7.351],[93.731,7.369]]]}},{"type":"Feature","properties":{},"geometry":{"type":"MultiLineString","coordinates":[[[81.739,7.66],[81.772,7.612],[81.776,7.603],[81.787,7.593],[81.79,7.572],[81.786,7.509],[81.786,7.507],[81.786,7.507],[81.787,7.502],[81.787,7.497],[81.789,7.495],[81.794,7.49],[81.808,7.479],[81.823,7.491],[81.823,7.511],[81.823,7.511],[81.806,7.599],[81.795,7.616],[81.771,7.655],[81.761,7.68],[81.759,7.685],[81.75,7.699],[81.738,7.727],[81.725,7.74],[81.725,7.74],[81.73,7.728],[81.73,7.728],[81.729,7.718],[81.726,7.709],[81.725,7.699],[81.728,7.689],[81.733,7.679],[81.737,7.671],[81.739,7.66]]]}},{"type":"Feature","properties":{},"geometry":{"type":"MultiLineString","coordinates":[[[93.429,7.955],[93.424,7.96],[93.401,7.968],[93.396,7.976],[93.396,7.997],[93.395,8.007],[93.391,8.016],[93.37,8.017],[93.344,8.012],[93.323,8.002],[93.313,7.99],[93.305,7.95],[93.307,7.939],[93.314,7.929],[93.323,7.924],[93.333,7.925],[93.341,7.932],[93.348,7.925],[93.341,7.913],[93.34,7.901],[93.345,7.891],[93.354,7.883],[93.368,7.879],[93.378,7.881],[93.389,7.886],[93.402,7.89],[93.415,7.892],[93.421,7.892],[93.437,7.883],[93.448,7.871],[93.454,7.869],[93.457,7.88],[93.46,7.9],[93.46,7.911],[93.433,7.954],[93.429,7.955]]]}},{"type":"Feature","properties":{},"geometry":{"type":"MultiLineString","coordinates":[[[93.566,7.999],[93.559,8.014],[93.548,8.02],[93.54,8.016],[93.539,7.999],[93.521,8.004],[93.511,7.996],[93.511,7.98],[93.518,7.966],[93.574,7.925],[93.574,7.969],[93.57,7.989],[93.566,7.999]]]}},{"type":"Feature","properties":{},"geometry":{"type":"MultiLineString","coordinates":[[[98.541,8.105],[98.536,8.115],[98.533,8.119],[98.528,8.123],[98.528,8.107],[98.531,8.089],[98.537,8.071],[98.55,8.05],[98.551,8.043],[98.555,8.037],[98.566,8.035],[98.574,8.032],[98.58,8.025],[98.582,8.015],[98.583,8.007],[98.58,7.996],[98.575,7.994],[98.568,7.993],[98.563,7.986],[98.563,7.978],[98.568,7.963],[98.571,7.939],[98.577,7.92],[98.588,7.905],[98.604,7.904],[98.612,7.926],[98.61,8.035],[98.602,8.063],[98.587,8.079],[98.54,8.106],[98.541,8.105]]]}},{"type":"Feature","properties":{},"geometry":{"type":"MultiLineString","coordinates":[[[98.419,7.904],[98.409,7.918],[98.402,7.936],[98.397,7.955],[98.398,7.973],[98.402,7.981],[98.408,7.986],[98.414,7.989],[98.419,7.993],[98.42,8.001],[98.418,8.019],[98.419,8.027],[98.432,8.05],[98.438,8.066],[98.439,8.083],[98.432,8.096],[98.423,8.099],[98.413,8.094],[98.406,8.083],[98.389,8.095],[98.374,8.111],[98.36,8.119],[98.35,8.109],[98.344,8.109],[98.336,8.156],[98.33,8.17],[98.321,8.179],[98.312,8.186],[98.303,8.188],[98.296,8.185],[98.289,8.19],[98.286,8.191],[98.281,8.192],[98.289,8.152],[98.29,8.13],[98.288,8.109],[98.285,8.099],[98.278,8.083],[98.275,8.076],[98.274,8.069],[98.276,8.034],[98.28,8.014],[98.281,8.003],[98.278,7.994],[98.27,7.984],[98.266,7.974],[98.271,7.962],[98.274,7.954],[98.268,7.946],[98.259,7.938],[98.254,7.928],[98.258,7.926],[98.276,7.921],[98.281,7.917],[98.285,7.904],[98.28,7.897],[98.272,7.893],[98.268,7.89],[98.269,7.879],[98.273,7.871],[98.278,7.863],[98.281,7.856],[98.287,7.792],[98.292,7.777],[98.309,7.768],[98.323,7.771],[98.333,7.786],[98.336,7.811],[98.344,7.833],[98.362,7.832],[98.398,7.815],[98.395,7.85],[98.4,7.865],[98.432,7.875],[98.44,7.887],[98.44,7.902],[98.432,7.917],[98.428,7.913],[98.422,7.908],[98.419,7.904]]]}},{"type":"Feature","properties":{},"geometry":{"type":"MultiLineString","coordinates":[[[98.638,8.171],[98.637,8.179],[98.636,8.186],[98.632,8.19],[98.624,8.192],[98.616,8.176],[98.602,8.162],[98.592,8.147],[98.597,8.13],[98.575,8.125],[98.57,8.119],[98.58,8.106],[98.588,8.102],[98.621,8.09],[98.621,8.103],[98.638,8.171]]]}},{"type":"Feature","properties":{},"geometry":{"type":"MultiLineString","coordinates":[[[93.532,8.035],[93.537,8.048],[93.538,8.057],[93.525,8.095],[93.509,8.129],[93.505,8.147],[93.511,8.167],[93.521,8.179],[93.531,8.194],[93.532,8.213],[93.523,8.226],[93.505,8.227],[93.486,8.22],[93.477,8.209],[93.474,8.198],[93.465,8.183],[93.455,8.17],[93.447,8.164],[93.447,8.154],[93.457,8.09],[93.466,8.074],[93.48,8.063],[93.492,8.064],[93.498,8.083],[93.511,8.075],[93.517,8.063],[93.515,8.056],[93.505,8.062],[93.498,8.062],[93.496,8.049],[93.489,8.044],[93.481,8.041],[93.477,8.031],[93.479,8.003],[93.484,7.992],[93.495,7.996],[93.51,8.019],[93.512,8.024],[93.515,8.028],[93.528,8.032],[93.532,8.035]]]}},{"type":"Feature","properties":{},"geometry":{"type":"MultiLineString","coordinates":[[[73.077,8.315],[73.073,8.295],[73.063,8.279],[73.048,8.268],[73.029,8.26],[73.029,8.263],[73.029,8.274],[73.029,8.274],[73.029,8.274],[73.022,8.274],[73.024,8.255],[73.033,8.249],[73.045,8.252],[73.057,8.26],[73.066,8.27],[73.084,8.308],[73.084,8.308],[73.083,8.312],[73.083,8.314],[73.082,8.316],[73.077,8.315]]]}},{"type":"Feature","properties":{},"geometry":{"type":"MultiLineString","coordinates":[[[93.135,8.24],[93.114,8.256],[93.104,8.276],[93.101,8.299],[93.101,8.346],[93.095,8.355],[93.084,8.356],[93.07,8.347],[93.064,8.336],[93.061,8.321],[93.06,8.291],[93.066,8.268],[93.082,8.242],[93.103,8.222],[93.125,8.213],[93.153,8.206],[93.167,8.205],[93.176,8.213],[93.173,8.221],[93.161,8.229],[93.135,8.24]]]}},{"type":"Feature","properties":{},"geometry":{"type":"MultiLineString","coordinates":[[[93.608,8.548],[93.608,8.569],[93.595,8.558],[93.596,8.542],[93.608,8.507],[93.607,8.491],[93.6,8.45],[93.601,8.438],[93.61,8.438],[93.618,8.454],[93.625,8.474],[93.628,8.487],[93.627,8.506],[93.622,8.52],[93.608,8.548]]]}},{"type":"Feature","properties":{},"geometry":{"type":"MultiLineString","coordinates":[[[79.714,9.076],[79.736,9.073],[79.744,9.071],[79.759,9.067],[79.779,9.058],[79.8,9.049],[79.841,9.013],[79.851,9.007],[79.859,9.001],[79.87,8.988],[79.886,8.976],[79.91,8.973],[79.901,8.989],[79.88,9.012],[79.854,9.041],[79.871,9.039],[79.9,9.024],[79.916,9.021],[79.917,9.021],[79.882,9.054],[79.842,9.077],[79.799,9.093],[79.779,9.099],[79.759,9.104],[79.714,9.104],[79.701,9.099],[79.698,9.09],[79.698,9.09],[79.703,9.08],[79.714,9.076]]]}},{"type":"Feature","properties":{},"geometry":{"type":"MultiLineString","coordinates":[[[98.296,9.145],[98.282,9.157],[98.273,9.16],[98.261,9.158],[98.251,9.154],[98.248,9.15],[98.248,9.143],[98.24,9.063],[98.24,9.049],[98.254,9.037],[98.274,9.036],[98.294,9.042],[98.309,9.049],[98.302,9.055],[98.323,9.076],[98.323,9.098],[98.317,9.117],[98.308,9.133],[98.296,9.145]]]}},{"type":"Feature","properties":{},"geometry":{"type":"MultiLineString","coordinates":[[[92.811,9.231],[92.795,9.241],[92.773,9.259],[92.763,9.264],[92.751,9.261],[92.754,9.244],[92.745,9.229],[92.729,9.218],[92.714,9.213],[92.709,9.202],[92.712,9.175],[92.72,9.147],[92.731,9.131],[92.8,9.11],[92.832,9.145],[92.834,9.202],[92.811,9.231]]]}},{"type":"Feature","properties":{},"geometry":{"type":"MultiLineString","coordinates":[[[79.731,9.5],[79.719,9.524],[79.714,9.528],[79.694,9.53],[79.676,9.535],[79.672,9.546],[79.665,9.554],[79.659,9.555],[79.656,9.545],[79.656,9.504],[79.666,9.491],[79.689,9.484],[79.715,9.485],[79.723,9.493],[79.731,9.5],[79.731,9.5]]]}},{"type":"Feature","properties":{},"geometry":{"type":"MultiLineString","coordinates":[[[79.896,9.617],[79.896,9.617],[79.909,9.619],[79.927,9.629],[79.934,9.628],[79.944,9.622],[79.958,9.617],[79.971,9.617],[79.978,9.624],[79.974,9.631],[79.973,9.634],[79.96,9.641],[79.945,9.648],[79.934,9.655],[79.931,9.661],[79.93,9.676],[79.926,9.679],[79.907,9.678],[79.903,9.679],[79.899,9.683],[79.895,9.688],[79.891,9.696],[79.89,9.698],[79.89,9.699],[79.889,9.71],[79.888,9.724],[79.891,9.737],[79.895,9.749],[79.894,9.757],[79.894,9.757],[79.882,9.761],[79.861,9.756],[79.854,9.738],[79.852,9.717],[79.841,9.699],[79.865,9.652],[79.88,9.629],[79.896,9.617]]]}},{"type":"Feature","properties":{},"geometry":{"type":"MultiLineString","coordinates":[[[98.412,9.768],[98.412,9.775],[98.402,9.756],[98.39,9.742],[98.385,9.728],[98.398,9.706],[98.417,9.733],[98.418,9.747],[98.412,9.768]]]}},{"type":"Feature","properties":{},"geometry":{"type":"MultiLineString","coordinates":[[[98.296,10.049],[98.296,10.056],[98.282,10.059],[98.28,10.059],[98.275,10.056],[98.254,10.063],[98.235,10.054],[98.206,10.029],[98.179,10.014],[98.172,10.008],[98.168,10.001],[98.164,9.992],[98.16,9.984],[98.154,9.981],[98.152,9.977],[98.148,9.97],[98.141,9.963],[98.127,9.96],[98.124,9.931],[98.12,9.923],[98.118,9.909],[98.117,9.882],[98.121,9.861],[98.131,9.864],[98.133,9.846],[98.146,9.857],[98.172,9.898],[98.168,9.905],[98.171,9.912],[98.175,9.921],[98.179,9.933],[98.194,9.931],[98.228,9.954],[98.244,9.96],[98.251,9.968],[98.258,9.986],[98.269,10.003],[98.288,10.008],[98.294,10.019],[98.289,10.024],[98.281,10.028],[98.275,10.036],[98.274,10.042],[98.274,10.048],[98.28,10.051],[98.296,10.049]]]}},{"type":"Feature","properties":{},"geometry":{"type":"MultiLineString","coordinates":[[[98.186,10.121],[98.186,10.042],[98.195,10.071],[98.201,10.118],[98.208,10.129],[98.218,10.136],[98.234,10.144],[98.228,10.151],[98.228,10.155],[98.231,10.16],[98.234,10.166],[98.237,10.166],[98.24,10.166],[98.241,10.168],[98.24,10.172],[98.222,10.178],[98.196,10.193],[98.179,10.193],[98.179,10.185],[98.185,10.177],[98.182,10.169],[98.175,10.159],[98.172,10.148],[98.174,10.14],[98.184,10.127],[98.186,10.121]]]}},{"type":"Feature","properties":{},"geometry":{"type":"MultiLineString","coordinates":[[[97.911,10.495],[97.896,10.488],[97.893,10.471],[97.898,10.452],[97.904,10.439],[97.889,10.42],[97.894,10.406],[97.91,10.402],[97.932,10.412],[97.927,10.417],[97.918,10.433],[97.927,10.432],[97.933,10.434],[97.938,10.438],[97.944,10.444],[97.935,10.461],[97.931,10.468],[97.925,10.474],[97.919,10.473],[97.909,10.473],[97.903,10.479],[97.911,10.495]]]}},{"type":"Feature","properties":{},"geometry":{"type":"MultiLineString","coordinates":[[[98.494,10.891],[98.491,10.881],[98.491,10.867],[98.495,10.851],[98.5,10.837],[98.5,10.823],[98.509,10.828],[98.518,10.829],[98.526,10.827],[98.528,10.82],[98.526,10.811],[98.521,10.809],[98.513,10.81],[98.504,10.806],[98.498,10.794],[98.51,10.787],[98.527,10.787],[98.542,10.796],[98.553,10.833],[98.542,10.86],[98.519,10.879],[98.494,10.891]]]}},{"type":"Feature","properties":{},"geometry":{"type":"MultiLineString","coordinates":[[[92.585,10.771],[92.582,10.79],[92.568,10.815],[92.565,10.849],[92.549,10.874],[92.528,10.895],[92.483,10.886],[92.429,10.851],[92.423,10.823],[92.415,10.799],[92.407,10.79],[92.386,10.782],[92.377,10.784],[92.376,10.775],[92.379,10.75],[92.379,10.718],[92.379,10.672],[92.391,10.663],[92.409,10.647],[92.417,10.629],[92.414,10.606],[92.403,10.575],[92.378,10.541],[92.384,10.529],[92.406,10.529],[92.422,10.546],[92.444,10.545],[92.463,10.531],[92.48,10.516],[92.513,10.508],[92.535,10.525],[92.547,10.548],[92.574,10.581],[92.556,10.589],[92.542,10.592],[92.54,10.621],[92.551,10.635],[92.561,10.643],[92.574,10.655],[92.596,10.678],[92.598,10.709],[92.587,10.736],[92.585,10.771]]]}},{"type":"Feature","properties":{},"geometry":{"type":"MultiLineString","coordinates":[[[97.89,10.885],[97.895,10.874],[97.895,10.864],[97.891,10.855],[97.884,10.845],[97.909,10.857],[97.928,10.872],[97.941,10.892],[97.952,10.919],[97.932,10.924],[97.912,10.924],[97.896,10.913],[97.89,10.885]]]}},{"type":"Feature","properties":{},"geometry":{"type":"MultiLineString","coordinates":[[[98.268,10.837],[98.257,10.85],[98.244,10.859],[98.232,10.87],[98.227,10.888],[98.226,10.907],[98.222,10.927],[98.216,10.945],[98.206,10.96],[98.191,10.971],[98.172,10.979],[98.153,10.981],[98.141,10.977],[98.137,10.971],[98.133,10.953],[98.131,10.946],[98.126,10.942],[98.113,10.934],[98.11,10.929],[98.086,10.904],[98.077,10.888],[98.09,10.878],[98.1,10.882],[98.131,10.903],[98.137,10.909],[98.14,10.92],[98.147,10.925],[98.156,10.924],[98.165,10.919],[98.172,10.885],[98.173,10.889],[98.177,10.894],[98.179,10.899],[98.199,10.882],[98.216,10.86],[98.219,10.856],[98.219,10.85],[98.22,10.841],[98.223,10.838],[98.237,10.834],[98.24,10.831],[98.242,10.814],[98.234,10.783],[98.234,10.768],[98.252,10.756],[98.256,10.746],[98.24,10.735],[98.238,10.738],[98.234,10.741],[98.232,10.708],[98.237,10.697],[98.251,10.693],[98.268,10.697],[98.277,10.705],[98.288,10.727],[98.289,10.731],[98.289,10.734],[98.291,10.735],[98.296,10.735],[98.285,10.745],[98.283,10.757],[98.287,10.769],[98.296,10.782],[98.276,10.784],[98.271,10.799],[98.271,10.819],[98.268,10.837]]]}},{"type":"Feature","properties":{},"geometry":{"type":"MultiLineString","coordinates":[[[98.528,10.974],[98.528,10.967],[98.53,10.957],[98.534,10.951],[98.542,10.954],[98.543,10.96],[98.542,10.988],[98.545,11.016],[98.545,11.031],[98.537,11.069],[98.532,11.084],[98.525,11.087],[98.514,11.07],[98.513,11.063],[98.516,11.045],[98.514,11.036],[98.51,11.028],[98.503,11.021],[98.487,11.008],[98.478,10.993],[98.477,10.974],[98.486,10.956],[98.508,10.946],[98.508,10.957],[98.512,10.965],[98.519,10.971],[98.528,10.974]]]}},{"type":"Feature","properties":{},"geometry":{"type":"MultiLineString","coordinates":[[[98.275,11.248],[98.275,11.256],[98.281,11.276],[98.252,11.276],[98.232,11.274],[98.22,11.269],[98.222,11.262],[98.232,11.254],[98.243,11.243],[98.247,11.228],[98.247,11.215],[98.28,11.223],[98.295,11.231],[98.302,11.241],[98.298,11.249],[98.29,11.248],[98.281,11.246],[98.275,11.248]]]}},{"type":"Feature","properties":{},"geometry":{"type":"MultiLineString","coordinates":[[[92.677,11.413],[92.68,11.429],[92.69,11.443],[92.696,11.454],[92.69,11.468],[92.675,11.49],[92.654,11.508],[92.636,11.508],[92.628,11.477],[92.635,11.447],[92.637,11.43],[92.631,11.416],[92.624,11.413],[92.608,11.411],[92.601,11.406],[92.599,11.401],[92.594,11.378],[92.604,11.373],[92.611,11.366],[92.62,11.361],[92.635,11.358],[92.646,11.359],[92.673,11.367],[92.683,11.372],[92.7,11.384],[92.697,11.392],[92.685,11.399],[92.677,11.413]]]}},{"type":"Feature","properties":{},"geometry":{"type":"MultiLineString","coordinates":[[[92.267,11.59],[92.255,11.594],[92.229,11.598],[92.217,11.598],[92.217,11.591],[92.23,11.577],[92.235,11.54],[92.252,11.529],[92.273,11.531],[92.285,11.544],[92.287,11.563],[92.278,11.584],[92.267,11.59]]]}},{"type":"Feature","properties":{},"geometry":{"type":"MultiLineString","coordinates":[[[98.278,11.8],[98.272,11.786],[98.268,11.741],[98.238,11.687],[98.234,11.666],[98.235,11.656],[98.241,11.636],[98.24,11.625],[98.237,11.622],[98.23,11.621],[98.223,11.618],[98.217,11.599],[98.203,11.589],[98.199,11.58],[98.202,11.569],[98.206,11.565],[98.211,11.561],[98.213,11.553],[98.208,11.548],[98.196,11.542],[98.188,11.535],[98.189,11.526],[98.193,11.518],[98.196,11.497],[98.199,11.488],[98.192,11.479],[98.184,11.473],[98.175,11.471],[98.165,11.474],[98.165,11.458],[98.165,11.454],[98.177,11.449],[98.187,11.446],[98.199,11.446],[98.21,11.449],[98.22,11.454],[98.205,11.458],[98.202,11.466],[98.21,11.473],[98.227,11.474],[98.224,11.483],[98.223,11.489],[98.227,11.494],[98.234,11.502],[98.238,11.494],[98.252,11.477],[98.261,11.468],[98.262,11.474],[98.264,11.479],[98.266,11.483],[98.268,11.488],[98.275,11.481],[98.284,11.509],[98.283,11.566],[98.296,11.591],[98.288,11.611],[98.29,11.632],[98.302,11.673],[98.3,11.705],[98.302,11.714],[98.306,11.717],[98.313,11.719],[98.32,11.722],[98.323,11.731],[98.318,11.75],[98.307,11.777],[98.292,11.799],[98.278,11.8]]]}},{"type":"Feature","properties":{},"geometry":{"type":"MultiLineString","coordinates":[[[98.535,11.804],[98.522,11.805],[98.499,11.798],[98.487,11.796],[98.458,11.803],[98.445,11.804],[98.448,11.796],[98.449,11.793],[98.453,11.789],[98.438,11.787],[98.394,11.794],[98.371,11.789],[98.375,11.78],[98.382,11.776],[98.391,11.775],[98.402,11.776],[98.413,11.773],[98.41,11.769],[98.403,11.764],[98.398,11.762],[98.392,11.757],[98.386,11.756],[98.38,11.751],[98.378,11.738],[98.381,11.731],[98.399,11.716],[98.406,11.708],[98.382,11.704],[98.379,11.691],[98.391,11.663],[98.398,11.655],[98.41,11.646],[98.419,11.632],[98.412,11.612],[98.416,11.604],[98.419,11.6],[98.424,11.599],[98.432,11.605],[98.429,11.583],[98.432,11.567],[98.442,11.564],[98.459,11.584],[98.465,11.575],[98.477,11.57],[98.49,11.567],[98.5,11.563],[98.509,11.556],[98.524,11.537],[98.535,11.529],[98.534,11.543],[98.53,11.567],[98.528,11.58],[98.532,11.593],[98.546,11.609],[98.549,11.622],[98.546,11.699],[98.556,11.728],[98.556,11.759],[98.555,11.769],[98.552,11.782],[98.549,11.792],[98.544,11.799],[98.535,11.804]]]}},{"type":"Feature","properties":{},"geometry":{"type":"MultiLineString","coordinates":[[[98.055,11.701],[98.066,11.706],[98.075,11.713],[98.081,11.723],[98.082,11.735],[98.058,11.729],[98.052,11.749],[98.052,11.776],[98.045,11.789],[98.019,11.81],[98.014,11.817],[98.012,11.827],[98.014,11.865],[98.0,11.842],[98.012,11.787],[98.007,11.762],[98.022,11.756],[98.029,11.737],[98.028,11.717],[98.024,11.708],[98.012,11.705],[98.017,11.697],[98.034,11.687],[98.049,11.665],[98.055,11.66],[98.057,11.653],[98.065,11.646],[98.09,11.632],[98.085,11.645],[98.079,11.654],[98.062,11.673],[98.068,11.683],[98.068,11.691],[98.063,11.697],[98.055,11.701]]]}},{"type":"Feature","properties":{},"geometry":{"type":"MultiLineString","coordinates":[[[97.664,11.906],[97.644,11.88],[97.643,11.868],[97.651,11.845],[97.668,11.838],[97.672,11.838],[97.667,11.863],[97.668,11.868],[97.676,11.878],[97.678,11.888],[97.674,11.897],[97.664,11.906]]]}},{"type":"Feature","properties":{},"geometry":{"type":"MultiLineString","coordinates":[[[98.254,11.858],[98.261,11.854],[98.274,11.853],[98.284,11.865],[98.289,11.882],[98.285,11.896],[98.265,11.909],[98.257,11.903],[98.254,11.884],[98.254,11.858]]]}},{"type":"Feature","properties":{},"geometry":{"type":"MultiLineString","coordinates":[[[98.268,11.934],[98.269,11.942],[98.263,11.962],[98.261,11.971],[98.252,11.975],[98.236,11.968],[98.227,11.954],[98.246,11.925],[98.254,11.923],[98.262,11.926],[98.268,11.934]]]}},{"type":"Feature","properties":{},"geometry":{"type":"MultiLineString","coordinates":[[[93.042,11.961],[93.04,11.969],[93.019,12.016],[93.025,12.032],[93.015,12.037],[92.981,12.036],[92.972,12.028],[92.957,12.009],[92.947,11.99],[92.953,11.981],[92.968,11.979],[92.974,11.972],[92.98,11.964],[92.991,11.954],[93.001,11.949],[93.015,11.946],[93.025,11.94],[93.027,11.932],[93.035,11.912],[93.049,11.896],[93.066,11.899],[93.049,11.953],[93.042,11.961]]]}},{"type":"Feature","properties":{},"geometry":{"type":"MultiLineString","coordinates":[[[98.604,11.967],[98.575,11.993],[98.56,12.001],[98.542,11.995],[98.52,12.007],[98.51,12.017],[98.494,12.049],[98.473,12.077],[98.446,12.101],[98.439,12.112],[98.431,12.101],[98.431,12.088],[98.439,12.057],[98.439,12.026],[98.44,12.015],[98.444,12.011],[98.448,12.008],[98.459,11.996],[98.466,11.993],[98.471,11.988],[98.473,11.978],[98.471,11.97],[98.462,11.956],[98.459,11.948],[98.46,11.934],[98.463,11.921],[98.478,11.891],[98.496,11.888],[98.516,11.896],[98.536,11.909],[98.552,11.923],[98.573,11.932],[98.631,11.932],[98.658,11.94],[98.658,11.934],[98.659,11.949],[98.642,11.958],[98.604,11.967]]]}},{"type":"Feature","properties":{},"geometry":{"type":"MultiLineString","coordinates":[[[93.103,12.19],[93.098,12.199],[93.091,12.204],[93.082,12.205],[93.073,12.201],[93.066,12.19],[93.062,12.172],[93.059,12.154],[93.06,12.139],[93.064,12.127],[93.074,12.11],[93.085,12.096],[93.094,12.091],[93.103,12.102],[93.102,12.12],[93.095,12.152],[93.096,12.159],[93.103,12.18],[93.104,12.185],[93.104,12.188],[93.103,12.19]]]}},{"type":"Feature","properties":{},"geometry":{"type":"MultiLineString","coordinates":[[[98.096,12.187],[98.098,12.199],[98.104,12.207],[98.112,12.214],[98.117,12.221],[98.12,12.23],[98.123,12.25],[98.124,12.259],[98.119,12.276],[98.108,12.285],[98.092,12.289],[98.073,12.29],[98.059,12.281],[98.046,12.262],[98.037,12.239],[98.034,12.221],[98.039,12.207],[98.059,12.188],[98.073,12.165],[98.075,12.163],[98.077,12.162],[98.082,12.159],[98.1,12.169],[98.117,12.165],[98.13,12.154],[98.137,12.139],[98.14,12.148],[98.137,12.191],[98.132,12.199],[98.119,12.198],[98.106,12.192],[98.096,12.187]]]}},{"type":"Feature","properties":{},"geometry":{"type":"MultiLineString","coordinates":[[[98.065,12.365],[98.075,12.364],[98.082,12.361],[98.088,12.36],[98.096,12.365],[98.105,12.383],[98.101,12.405],[98.091,12.422],[98.076,12.427],[98.073,12.421],[98.069,12.409],[98.064,12.398],[98.046,12.389],[98.042,12.38],[98.041,12.369],[98.042,12.358],[98.032,12.361],[98.027,12.361],[98.014,12.358],[98.005,12.367],[98.004,12.374],[98.008,12.38],[98.018,12.389],[98.023,12.399],[98.018,12.403],[98.007,12.402],[97.976,12.384],[97.955,12.378],[97.94,12.366],[97.938,12.338],[97.946,12.338],[97.949,12.344],[97.953,12.349],[97.966,12.358],[97.971,12.345],[97.961,12.334],[97.948,12.324],[97.946,12.31],[97.955,12.305],[97.969,12.308],[97.982,12.306],[97.987,12.29],[97.991,12.287],[98.0,12.269],[98.008,12.304],[98.011,12.31],[98.019,12.312],[98.029,12.316],[98.04,12.322],[98.048,12.331],[98.064,12.36],[98.065,12.365]]]}},{"type":"Feature","properties":{},"geometry":{"type":"MultiLineString","coordinates":[[[98.514,12.496],[98.5,12.513],[98.489,12.493],[98.474,12.425],[98.482,12.411],[98.496,12.406],[98.509,12.41],[98.514,12.424],[98.517,12.479],[98.514,12.496]]]}},{"type":"Feature","properties":{},"geometry":{"type":"MultiLineString","coordinates":[[[98.254,12.568],[98.251,12.56],[98.244,12.558],[98.237,12.557],[98.234,12.554],[98.23,12.527],[98.23,12.517],[98.237,12.506],[98.261,12.495],[98.283,12.504],[98.29,12.526],[98.268,12.557],[98.267,12.56],[98.262,12.569],[98.257,12.574],[98.254,12.568]]]}},{"type":"Feature","properties":{},"geometry":{"type":"MultiLineString","coordinates":[[[97.823,12.587],[97.826,12.579],[97.831,12.574],[97.834,12.571],[97.829,12.565],[97.829,12.557],[97.835,12.558],[97.839,12.558],[97.841,12.557],[97.843,12.55],[97.845,12.547],[97.848,12.544],[97.85,12.542],[97.85,12.537],[97.862,12.56],[97.861,12.57],[97.854,12.578],[97.85,12.595],[97.846,12.598],[97.836,12.595],[97.827,12.591],[97.823,12.587]]]}},{"type":"Feature","properties":{},"geometry":{"type":"MultiLineString","coordinates":[[[98.466,12.584],[98.451,12.604],[98.438,12.587],[98.429,12.555],[98.425,12.53],[98.401,12.572],[98.398,12.587],[98.406,12.63],[98.406,12.639],[98.387,12.658],[98.333,12.671],[98.316,12.687],[98.302,12.646],[98.303,12.599],[98.314,12.553],[98.333,12.519],[98.334,12.512],[98.327,12.507],[98.32,12.501],[98.316,12.496],[98.317,12.49],[98.321,12.487],[98.326,12.474],[98.334,12.46],[98.336,12.451],[98.333,12.427],[98.319,12.386],[98.316,12.365],[98.311,12.36],[98.302,12.338],[98.35,12.326],[98.391,12.362],[98.456,12.458],[98.465,12.481],[98.47,12.518],[98.471,12.556],[98.466,12.584]]]}},{"type":"Feature","properties":{},"geometry":{"type":"MultiLineString","coordinates":[[[92.733,12.972],[92.731,12.977],[92.727,12.982],[92.723,12.986],[92.717,12.988],[92.708,12.989],[92.702,12.983],[92.695,12.973],[92.683,12.962],[92.685,12.945],[92.678,12.89],[92.673,12.879],[92.67,12.868],[92.683,12.797],[92.695,12.804],[92.697,12.813],[92.695,12.825],[92.697,12.838],[92.702,12.844],[92.718,12.862],[92.724,12.872],[92.73,12.895],[92.732,12.946],[92.737,12.962],[92.733,12.972]]]}},{"type":"Feature","properties":{},"geometry":{"type":"MultiLineString","coordinates":[[[98.296,13.085],[98.289,13.099],[98.269,13.199],[98.261,13.214],[98.247,13.215],[98.242,13.204],[98.239,13.159],[98.24,13.139],[98.245,13.119],[98.268,13.057],[98.281,12.994],[98.288,12.975],[98.288,12.957],[98.301,12.934],[98.302,12.913],[98.314,12.926],[98.313,12.946],[98.302,12.988],[98.301,13.02],[98.302,13.029],[98.306,13.04],[98.311,13.045],[98.317,13.049],[98.323,13.057],[98.334,13.067],[98.336,13.074],[98.33,13.085],[98.319,13.091],[98.31,13.088],[98.303,13.083],[98.296,13.085]]]}},{"type":"Feature","properties":{},"geometry":{"type":"MultiLineString","coordinates":[[[93.053,13.284],[93.036,13.307],[93.026,13.316],[93.005,13.312],[92.99,13.318],[92.979,13.33],[92.977,13.345],[92.984,13.356],[92.995,13.357],[93.004,13.349],[93.004,13.331],[93.017,13.34],[93.033,13.349],[93.047,13.357],[93.053,13.369],[93.058,13.383],[93.078,13.397],[93.08,13.413],[93.075,13.411],[93.064,13.409],[93.06,13.407],[93.054,13.471],[93.055,13.503],[93.066,13.537],[93.05,13.566],[93.042,13.571],[93.032,13.569],[93.023,13.566],[93.016,13.567],[93.012,13.578],[93.007,13.569],[93.005,13.562],[93.006,13.557],[93.012,13.551],[93.003,13.547],[92.997,13.547],[92.992,13.55],[92.984,13.558],[92.977,13.554],[92.959,13.55],[92.95,13.545],[92.945,13.537],[92.945,13.52],[92.943,13.509],[92.938,13.501],[92.916,13.476],[92.903,13.468],[92.902,13.468],[92.895,13.455],[92.895,13.447],[92.896,13.423],[92.895,13.413],[92.891,13.401],[92.887,13.393],[92.847,13.345],[92.841,13.325],[92.854,13.311],[92.854,13.304],[92.85,13.289],[92.864,13.245],[92.864,13.236],[92.843,13.227],[92.842,13.208],[92.845,13.187],[92.834,13.174],[92.838,13.167],[92.851,13.152],[92.854,13.146],[92.853,13.143],[92.848,13.137],[92.83,13.103],[92.809,13.045],[92.808,13.02],[92.83,13.01],[92.835,13.002],[92.828,12.985],[92.813,12.958],[92.813,12.906],[92.809,12.885],[92.8,12.858],[92.786,12.84],[92.765,12.845],[92.758,12.836],[92.749,12.828],[92.741,12.82],[92.737,12.807],[92.745,12.763],[92.748,12.693],[92.755,12.677],[92.766,12.672],[92.777,12.669],[92.783,12.665],[92.779,12.653],[92.775,12.652],[92.76,12.651],[92.755,12.65],[92.75,12.644],[92.745,12.633],[92.727,12.613],[92.722,12.599],[92.718,12.362],[92.722,12.338],[92.734,12.318],[92.755,12.31],[92.778,12.31],[92.787,12.306],[92.793,12.296],[92.794,12.283],[92.789,12.279],[92.781,12.279],[92.764,12.274],[92.76,12.277],[92.759,12.277],[92.759,12.266],[92.761,12.261],[92.768,12.255],[92.776,12.251],[92.782,12.249],[92.793,12.208],[92.789,12.196],[92.784,12.189],[92.765,12.18],[92.761,12.18],[92.741,12.18],[92.738,12.179],[92.736,12.177],[92.734,12.174],[92.728,12.173],[92.719,12.176],[92.719,12.185],[92.724,12.204],[92.721,12.227],[92.713,12.233],[92.704,12.225],[92.697,12.208],[92.69,12.208],[92.682,12.22],[92.668,12.201],[92.645,12.156],[92.64,12.136],[92.642,12.036],[92.637,12.025],[92.625,12.003],[92.621,11.988],[92.623,11.974],[92.627,11.959],[92.629,11.944],[92.625,11.93],[92.621,11.875],[92.618,11.866],[92.611,11.871],[92.608,11.883],[92.615,11.899],[92.6,11.895],[92.595,11.899],[92.592,11.906],[92.577,11.927],[92.571,11.933],[92.563,11.93],[92.54,11.894],[92.532,11.865],[92.531,11.865],[92.527,11.862],[92.525,11.857],[92.525,11.851],[92.528,11.846],[92.531,11.846],[92.534,11.847],[92.546,11.841],[92.555,11.838],[92.563,11.834],[92.567,11.827],[92.567,11.786],[92.56,11.741],[92.563,11.726],[92.58,11.714],[92.587,11.716],[92.596,11.72],[92.604,11.719],[92.607,11.705],[92.608,11.693],[92.613,11.674],[92.615,11.663],[92.62,11.651],[92.631,11.647],[92.643,11.645],[92.649,11.638],[92.646,11.63],[92.637,11.627],[92.628,11.625],[92.621,11.619],[92.622,11.609],[92.626,11.595],[92.634,11.583],[92.645,11.577],[92.655,11.574],[92.656,11.566],[92.655,11.556],[92.659,11.546],[92.69,11.516],[92.699,11.512],[92.707,11.511],[92.713,11.507],[92.717,11.494],[92.727,11.506],[92.735,11.524],[92.745,11.557],[92.745,11.588],[92.748,11.598],[92.761,11.61],[92.765,11.619],[92.766,11.63],[92.761,11.664],[92.759,11.673],[92.746,11.684],[92.736,11.682],[92.73,11.671],[92.731,11.653],[92.727,11.655],[92.715,11.658],[92.711,11.66],[92.711,11.622],[92.706,11.614],[92.697,11.611],[92.687,11.612],[92.683,11.615],[92.683,11.637],[92.684,11.65],[92.69,11.66],[92.723,11.694],[92.735,11.699],[92.755,11.701],[92.76,11.709],[92.797,11.865],[92.799,11.899],[92.796,11.922],[92.788,11.935],[92.776,11.939],[92.762,11.94],[92.754,11.932],[92.749,11.912],[92.745,11.879],[92.737,11.879],[92.737,11.961],[92.741,11.984],[92.746,11.997],[92.765,12.022],[92.759,12.022],[92.764,12.031],[92.771,12.036],[92.781,12.038],[92.793,12.036],[92.767,12.061],[92.757,12.077],[92.769,12.085],[92.784,12.086],[92.799,12.09],[92.809,12.096],[92.806,12.105],[92.826,12.116],[92.834,12.118],[92.834,12.126],[92.827,12.14],[92.843,12.156],[92.864,12.172],[92.875,12.184],[92.873,12.201],[92.892,12.201],[92.894,12.205],[92.893,12.215],[92.889,12.225],[92.885,12.232],[92.88,12.244],[92.886,12.253],[92.896,12.262],[92.902,12.269],[92.9,12.283],[92.893,12.29],[92.886,12.296],[92.881,12.304],[92.879,12.313],[92.881,12.315],[92.886,12.316],[92.895,12.324],[92.903,12.329],[92.913,12.334],[92.915,12.338],[92.902,12.345],[92.903,12.357],[92.894,12.368],[92.882,12.376],[92.871,12.379],[92.864,12.385],[92.854,12.417],[92.847,12.427],[92.847,12.434],[92.873,12.431],[92.902,12.434],[92.897,12.45],[92.895,12.455],[92.906,12.449],[92.916,12.441],[92.924,12.431],[92.929,12.42],[92.936,12.42],[92.939,12.438],[92.95,12.447],[92.962,12.454],[92.97,12.468],[92.956,12.477],[92.965,12.491],[92.982,12.506],[92.991,12.519],[92.992,12.567],[92.989,12.592],[92.973,12.628],[92.977,12.655],[92.991,12.701],[92.99,12.724],[92.984,12.745],[92.973,12.764],[92.957,12.783],[92.968,12.803],[92.966,12.826],[92.961,12.847],[92.964,12.865],[92.941,12.889],[92.933,12.893],[92.93,12.897],[92.928,12.905],[92.924,12.914],[92.916,12.92],[92.906,12.906],[92.896,12.9],[92.885,12.903],[92.877,12.912],[92.876,12.917],[92.879,12.922],[92.881,12.93],[92.903,12.974],[92.905,12.982],[92.917,12.983],[92.927,12.981],[92.935,12.973],[92.936,12.954],[92.943,12.954],[92.953,12.971],[92.956,12.982],[92.951,12.994],[92.933,13.013],[92.928,13.027],[92.929,13.05],[92.937,13.067],[92.957,13.064],[92.957,13.085],[92.964,13.085],[92.967,13.072],[92.961,13.048],[92.964,13.037],[92.971,13.031],[92.979,13.03],[92.987,13.034],[92.991,13.044],[92.998,13.044],[93.02,13.034],[93.037,13.062],[93.048,13.104],[93.053,13.133],[93.053,13.197],[93.057,13.225],[93.079,13.26],[93.076,13.269],[93.053,13.284]]]}},{"type":"Feature","properties":{},"geometry":{"type":"MultiLineString","coordinates":[[[93.039,13.667],[93.033,13.68],[93.02,13.68],[92.991,13.667],[93.0,13.658],[93.02,13.649],[93.053,13.64],[93.043,13.662],[93.039,13.667]]]}},{"type":"Feature","properties":{},"geometry":{"type":"MultiLineString","coordinates":[[[97.932,13.859],[97.919,13.853],[97.914,13.828],[97.915,13.8],[97.918,13.784],[97.925,13.784],[97.928,13.821],[97.932,13.84],[97.938,13.852],[97.932,13.859]]]}},{"type":"Feature","properties":{},"geometry":{"type":"MultiLineString","coordinates":[[[93.396,14.14],[93.39,14.154],[93.386,14.151],[93.383,14.138],[93.375,14.065],[93.395,14.076],[93.4,14.096],[93.396,14.14]]]}},{"type":"Feature","properties":{},"geometry":{"type":"MultiLineString","coordinates":[[[93.676,14.859],[93.69,14.858],[93.704,14.871],[93.716,14.89],[93.724,14.908],[93.724,14.914],[93.704,14.904],[93.694,14.889],[93.687,14.872],[93.676,14.859]]]}},{"type":"Feature","properties":{},"geometry":{"type":"MultiLineString","coordinates":[[[97.664,15.566],[97.663,15.574],[97.66,15.58],[97.656,15.586],[97.651,15.592],[97.657,15.524],[97.664,15.504],[97.669,15.517],[97.672,15.533],[97.672,15.55],[97.664,15.566]]]}},{"type":"Feature","properties":{},"geometry":{"type":"MultiLineString","coordinates":[[[94.828,15.932],[94.828,15.932],[94.823,15.946],[94.807,15.931],[94.78,15.894],[94.759,15.852],[94.745,15.833],[94.725,15.819],[94.725,15.812],[94.748,15.799],[94.778,15.792],[94.804,15.797],[94.819,15.835],[94.837,15.864],[94.842,15.877],[94.839,15.89],[94.83,15.916],[94.828,15.932]]]}},{"type":"Feature","properties":{},"geometry":{"type":"MultiLineString","coordinates":[[[94.662,16.222],[94.643,16.246],[94.612,16.222],[94.549,16.149],[94.519,16.12],[94.511,16.108],[94.496,16.076],[94.485,16.059],[94.453,16.034],[94.417,16.018],[94.39,16.001],[94.382,15.97],[94.409,15.907],[94.417,15.872],[94.403,15.847],[94.403,15.839],[94.41,15.839],[94.433,15.87],[94.441,15.885],[94.437,15.901],[94.446,15.913],[94.468,15.93],[94.478,15.942],[94.479,15.949],[94.478,15.958],[94.478,15.966],[94.484,15.971],[94.499,15.98],[94.553,15.998],[94.57,16.005],[94.58,16.013],[94.63,16.075],[94.655,16.122],[94.667,16.172],[94.662,16.222]]]}},{"type":"Feature","properties":{},"geometry":{"type":"MultiLineString","coordinates":[[[97.589,16.415],[97.611,16.446],[97.61,16.464],[97.606,16.484],[97.585,16.486],[97.562,16.492],[97.521,16.511],[97.504,16.508],[97.486,16.501],[97.47,16.49],[97.46,16.477],[97.466,16.467],[97.463,16.461],[97.456,16.456],[97.452,16.449],[97.455,16.437],[97.46,16.426],[97.473,16.408],[97.48,16.389],[97.485,16.364],[97.483,16.342],[97.469,16.333],[97.459,16.301],[97.499,16.27],[97.511,16.254],[97.517,16.21],[97.547,16.2],[97.571,16.223],[97.566,16.254],[97.57,16.29],[97.569,16.299],[97.572,16.312],[97.577,16.321],[97.584,16.329],[97.589,16.34],[97.591,16.361],[97.589,16.4],[97.589,16.415]]]}},{"type":"Feature","properties":{},"geometry":{"type":"MultiLineString","coordinates":[[[93.745,18.8],[93.746,18.811],[93.752,18.841],[93.75,18.865],[93.742,18.872],[93.708,18.868],[93.684,18.869],[93.673,18.871],[93.663,18.873],[93.642,18.889],[93.622,18.91],[93.611,18.905],[93.6,18.89],[93.577,18.882],[93.484,18.875],[93.493,18.849],[93.498,18.841],[93.594,18.731],[93.618,18.711],[93.63,18.699],[93.636,18.687],[93.645,18.679],[93.668,18.675],[93.693,18.674],[93.711,18.676],[93.732,18.69],[93.747,18.709],[93.756,18.732],[93.759,18.756],[93.757,18.765],[93.748,18.788],[93.745,18.8]]]}},{"type":"Feature","properties":{},"geometry":{"type":"MultiLineString","coordinates":[[[93.971,19.417],[93.956,19.433],[93.918,19.454],[93.899,19.468],[93.88,19.479],[93.858,19.482],[93.837,19.479],[93.82,19.472],[93.803,19.487],[93.755,19.523],[93.749,19.531],[93.745,19.539],[93.74,19.547],[93.731,19.554],[93.724,19.556],[93.705,19.558],[93.697,19.56],[93.688,19.559],[93.649,19.513],[93.656,19.504],[93.657,19.497],[93.652,19.493],[93.642,19.492],[93.659,19.458],[93.669,19.446],[93.683,19.437],[93.716,19.427],[93.73,19.419],[93.738,19.403],[93.737,19.397],[93.732,19.396],[93.727,19.397],[93.724,19.393],[93.725,19.387],[93.728,19.384],[93.73,19.382],[93.731,19.379],[93.733,19.368],[93.743,19.355],[93.745,19.345],[93.75,19.333],[93.774,19.299],[93.786,19.287],[93.797,19.279],[93.803,19.277],[93.824,19.279],[93.846,19.278],[93.857,19.279],[93.865,19.283],[93.866,19.291],[93.863,19.3],[93.863,19.308],[93.875,19.314],[93.879,19.312],[93.881,19.307],[93.884,19.302],[93.889,19.3],[93.896,19.301],[93.899,19.303],[93.901,19.305],[93.917,19.318],[93.94,19.349],[93.954,19.355],[93.966,19.363],[93.972,19.382],[93.974,19.403],[93.971,19.417]]]}},{"type":"Feature","properties":{},"geometry":{"type":"MultiLineString","coordinates":[[[93.505,19.807],[93.501,19.825],[93.505,19.872],[93.499,19.887],[93.485,19.897],[93.471,19.905],[93.464,19.913],[93.461,19.92],[93.453,19.928],[93.443,19.938],[93.422,19.951],[93.403,19.953],[93.407,19.92],[93.441,19.811],[93.457,19.789],[93.512,19.746],[93.518,19.762],[93.517,19.777],[93.505,19.807]]]}},{"type":"Feature","properties":{},"geometry":{"type":"MultiLineString","coordinates":[[[92.964,20.037],[92.963,20.046],[92.959,20.055],[92.953,20.063],[92.946,20.071],[92.929,20.081],[92.923,20.088],[92.917,20.089],[92.912,20.085],[92.909,20.075],[92.909,20.065],[92.914,20.06],[92.92,20.056],[92.922,20.051],[92.926,20.034],[92.987,19.925],[93.001,19.907],[93.009,19.89],[93.013,19.847],[93.019,19.828],[93.025,19.828],[93.022,19.87],[93.015,19.906],[92.968,20.022],[92.964,20.037]]]}},{"type":"Feature","properties":{},"geometry":{"type":"MultiLineString","coordinates":[[[88.873,21.596],[88.841,21.614],[88.831,21.577],[88.839,21.532],[88.862,21.524],[88.88,21.53],[88.896,21.528],[88.908,21.531],[88.914,21.548],[88.911,21.567],[88.902,21.58],[88.889,21.59],[88.873,21.596]]]}},{"type":"Feature","properties":{},"geometry":{"type":"MultiLineString","coordinates":[[[91.936,21.76],[91.936,21.765],[91.936,21.781],[91.919,21.777],[91.901,21.774],[91.908,21.752],[91.91,21.727],[91.903,21.703],[91.888,21.685],[91.891,21.699],[91.898,21.715],[91.903,21.73],[91.898,21.743],[91.883,21.754],[91.872,21.755],[91.863,21.746],[91.854,21.726],[91.848,21.689],[91.869,21.622],[91.874,21.582],[91.874,21.558],[91.871,21.548],[91.855,21.527],[91.855,21.519],[91.858,21.513],[91.863,21.495],[91.868,21.487],[91.877,21.481],[91.888,21.48],[91.9,21.486],[91.899,21.494],[91.895,21.501],[91.895,21.507],[91.914,21.509],[91.939,21.505],[91.961,21.506],[91.97,21.524],[91.972,21.546],[91.982,21.588],[91.984,21.609],[91.975,21.649],[91.939,21.715],[91.936,21.76]]]}},{"type":"Feature","properties":{},"geometry":{"type":"MultiLineString","coordinates":[[[88.051,21.705],[88.044,21.681],[88.042,21.668],[88.043,21.658],[88.052,21.642],[88.063,21.637],[88.092,21.637],[88.118,21.628],[88.13,21.626],[88.139,21.63],[88.146,21.644],[88.144,21.658],[88.133,21.685],[88.163,21.705],[88.167,21.765],[88.147,21.87],[88.119,21.86],[88.09,21.809],[88.051,21.705]]]}},{"type":"Feature","properties":{},"geometry":{"type":"MultiLineString","coordinates":[[[89.116,21.781],[89.093,21.793],[89.081,21.823],[89.072,21.89],[89.068,21.904],[89.065,21.91],[89.062,21.915],[89.057,21.918],[89.046,21.917],[89.045,21.908],[89.051,21.89],[89.054,21.875],[89.064,21.841],[89.064,21.822],[89.058,21.803],[89.051,21.797],[89.052,21.793],[89.102,21.737],[89.132,21.722],[89.145,21.739],[89.139,21.767],[89.116,21.781]]]}},{"type":"Feature","properties":{},"geometry":{"type":"MultiLineString","coordinates":[[[88.636,21.921],[88.616,21.898],[88.599,21.87],[88.586,21.843],[88.584,21.836],[88.585,21.827],[88.591,21.813],[88.592,21.804],[88.6,21.804],[88.636,21.793],[88.646,21.788],[88.649,21.842],[88.655,21.867],[88.667,21.89],[88.671,21.907],[88.663,21.921],[88.65,21.927],[88.636,21.921]]]}},{"type":"Feature","properties":{},"geometry":{"type":"MultiLineString","coordinates":[[[91.888,21.866],[91.886,21.88],[91.874,21.918],[91.873,21.926],[91.871,21.929],[91.867,21.932],[91.843,21.907],[91.836,21.894],[91.833,21.877],[91.84,21.826],[91.824,21.743],[91.833,21.726],[91.841,21.735],[91.863,21.79],[91.87,21.825],[91.884,21.85],[91.888,21.866]]]}},{"type":"Feature","properties":{},"geometry":{"type":"MultiLineString","coordinates":[[[88.081,21.849],[88.105,21.861],[88.125,21.889],[88.133,21.92],[88.119,21.945],[88.106,21.948],[88.094,21.938],[88.085,21.922],[88.077,21.905],[88.074,21.892],[88.071,21.874],[88.072,21.857],[88.081,21.849]]]}},{"type":"Feature","properties":{},"geometry":{"type":"MultiLineString","coordinates":[[[90.594,21.987],[90.526,21.944],[90.522,21.939],[90.518,21.932],[90.515,21.921],[90.517,21.912],[90.517,21.904],[90.51,21.898],[90.518,21.893],[90.523,21.888],[90.532,21.877],[90.523,21.876],[90.511,21.871],[90.504,21.87],[90.504,21.862],[90.521,21.861],[90.541,21.876],[90.557,21.898],[90.566,21.918],[90.573,21.918],[90.581,21.913],[90.591,21.935],[90.607,21.939],[90.601,21.955],[90.597,21.961],[90.594,21.966],[90.594,21.987]]]}},{"type":"Feature","properties":{},"geometry":{"type":"MultiLineString","coordinates":[[[90.332,21.939],[90.323,21.917],[90.319,21.893],[90.319,21.846],[90.323,21.844],[90.332,21.85],[90.342,21.86],[90.365,21.939],[90.391,21.978],[90.394,22.0],[90.371,21.995],[90.354,21.977],[90.332,21.939]]]}},{"type":"Feature","properties":{},"geometry":{"type":"MultiLineString","coordinates":[[[90.387,22.048],[90.374,22.046],[90.359,22.023],[90.346,21.994],[90.34,21.972],[90.346,21.972],[90.353,21.993],[90.381,22.023],[90.387,22.048]]]}},{"type":"Feature","properties":{},"geometry":{"type":"MultiLineString","coordinates":[[[90.435,22.041],[90.428,22.048],[90.416,22.038],[90.412,22.029],[90.414,21.997],[90.412,21.976],[90.406,21.963],[90.4,21.953],[90.394,21.939],[90.395,21.921],[90.402,21.907],[90.416,21.901],[90.432,21.908],[90.455,21.933],[90.476,21.945],[90.486,21.977],[90.473,22.004],[90.435,22.041]]]}},{"type":"Feature","properties":{},"geometry":{"type":"MultiLineString","coordinates":[[[90.544,22.062],[90.509,22.033],[90.504,22.024],[90.505,22.01],[90.509,21.999],[90.52,21.995],[90.538,22.0],[90.56,22.024],[90.569,22.058],[90.575,22.096],[90.586,22.131],[90.592,22.119],[90.593,22.113],[90.594,22.103],[90.613,22.164],[90.605,22.166],[90.593,22.159],[90.581,22.149],[90.573,22.137],[90.56,22.138],[90.533,22.11],[90.521,22.103],[90.503,22.096],[90.492,22.08],[90.486,22.058],[90.484,22.035],[90.49,22.035],[90.495,22.045],[90.538,22.069],[90.544,22.062]]]}},{"type":"Feature","properties":{},"geometry":{"type":"MultiLineString","coordinates":[[[90.942,22.205],[90.936,22.212],[90.928,22.19],[90.92,22.16],[90.919,22.132],[90.929,22.117],[90.949,22.122],[90.957,22.145],[90.957,22.199],[90.954,22.208],[90.951,22.212],[90.947,22.212],[90.942,22.205]]]}},{"type":"Feature","properties":{},"geometry":{"type":"MultiLineString","coordinates":[[[90.976,22.186],[90.988,22.195],[90.995,22.214],[90.998,22.235],[90.997,22.253],[90.983,22.259],[90.977,22.239],[90.976,22.186]]]}},{"type":"Feature","properties":{},"geometry":{"type":"MultiLineString","coordinates":[[[90.953,22.227],[90.99,22.281],[90.994,22.302],[90.994,22.322],[90.99,22.341],[90.984,22.356],[90.976,22.363],[90.966,22.347],[90.96,22.323],[90.957,22.278],[90.951,22.264],[90.94,22.247],[90.937,22.233],[90.953,22.227]]]}},{"type":"Feature","properties":{},"geometry":{"type":"MultiLineString","coordinates":[[[91.149,22.357],[91.127,22.375],[91.092,22.391],[91.075,22.389],[91.069,22.311],[91.068,22.241],[91.059,22.192],[91.052,22.175],[91.034,22.149],[91.005,22.117],[91.011,22.102],[91.022,22.095],[91.039,22.091],[91.063,22.09],[91.082,22.101],[91.094,22.119],[91.106,22.122],[91.121,22.13],[91.141,22.146],[91.154,22.17],[91.161,22.182],[91.171,22.197],[91.187,22.228],[91.182,22.26],[91.181,22.284],[91.171,22.32],[91.156,22.332],[91.149,22.357]]]}},{"type":"Feature","properties":{},"geometry":{"type":"MultiLineString","coordinates":[[[90.62,22.425],[90.626,22.407],[90.634,22.368],[90.64,22.35],[90.633,22.35],[90.634,22.34],[90.634,22.328],[90.635,22.318],[90.64,22.309],[90.647,22.326],[90.64,22.366],[90.647,22.384],[90.65,22.376],[90.661,22.356],[90.659,22.38],[90.648,22.407],[90.633,22.432],[90.62,22.445],[90.614,22.449],[90.608,22.45],[90.602,22.448],[90.599,22.442],[90.601,22.429],[90.607,22.427],[90.614,22.429],[90.62,22.425]]]}},{"type":"Feature","properties":{},"geometry":{"type":"MultiLineString","coordinates":[[[90.647,22.425],[90.654,22.431],[90.657,22.434],[90.667,22.439],[90.667,22.458],[90.665,22.469],[90.661,22.48],[90.656,22.481],[90.653,22.483],[90.647,22.425]]]}},{"type":"Feature","properties":{},"geometry":{"type":"MultiLineString","coordinates":[[[91.159,22.503],[91.124,22.489],[91.114,22.461],[91.134,22.449],[91.16,22.451],[91.18,22.459],[91.201,22.472],[91.211,22.496],[91.2,22.515],[91.159,22.503]]]}},{"type":"Feature","properties":{},"geometry":{"type":"MultiLineString","coordinates":[[[91.468,22.586],[91.447,22.576],[91.424,22.525],[91.43,22.493],[91.447,22.453],[91.476,22.413],[91.508,22.397],[91.555,22.402],[91.564,22.436],[91.556,22.478],[91.468,22.586]]]}},{"type":"Feature","properties":{},"geometry":{"type":"MultiLineString","coordinates":[[[90.791,22.495],[90.767,22.518],[90.755,22.548],[90.747,22.597],[90.731,22.621],[90.716,22.638],[90.701,22.662],[90.684,22.694],[90.672,22.722],[90.661,22.758],[90.651,22.787],[90.631,22.786],[90.613,22.782],[90.596,22.775],[90.585,22.768],[90.579,22.757],[90.556,22.675],[90.554,22.64],[90.559,22.603],[90.575,22.599],[90.631,22.562],[90.647,22.548],[90.659,22.524],[90.671,22.464],[90.682,22.445],[90.682,22.439],[90.678,22.427],[90.68,22.407],[90.688,22.378],[90.682,22.36],[90.682,22.302],[90.678,22.283],[90.674,22.266],[90.632,22.182],[90.622,22.145],[90.633,22.123],[90.619,22.101],[90.608,22.072],[90.604,22.044],[90.61,22.024],[90.626,22.027],[90.682,22.103],[90.67,22.075],[90.651,22.045],[90.639,22.016],[90.647,21.994],[90.658,21.993],[90.67,21.998],[90.683,22.004],[90.692,22.007],[90.718,22.048],[90.727,22.054],[90.75,22.076],[90.756,22.066],[90.757,22.062],[90.775,22.076],[90.828,22.152],[90.836,22.178],[90.835,22.34],[90.855,22.435],[90.835,22.458],[90.791,22.495]]]}},{"type":"Feature","properties":{},"geometry":{"type":"MultiLineString","coordinates":[[[90.645,22.849],[90.627,22.857],[90.607,22.877],[90.592,22.882],[90.553,22.882],[90.544,22.881],[90.538,22.867],[90.521,22.865],[90.487,22.87],[90.473,22.865],[90.466,22.852],[90.463,22.834],[90.463,22.816],[90.466,22.788],[90.464,22.779],[90.456,22.767],[90.483,22.76],[90.493,22.753],[90.497,22.743],[90.498,22.734],[90.511,22.723],[90.521,22.712],[90.535,22.729],[90.53,22.744],[90.532,22.769],[90.547,22.784],[90.562,22.789],[90.591,22.814],[90.628,22.812],[90.662,22.805],[90.678,22.808],[90.664,22.829],[90.645,22.849]]]}},{"type":"Feature","properties":{},"geometry":{"type":"MultiLineString","coordinates":[[[90.667,22.953],[90.667,22.959],[90.645,22.975],[90.607,23.018],[90.586,23.035],[90.561,23.033],[90.528,23.008],[90.508,22.976],[90.524,22.953],[90.535,22.951],[90.562,22.952],[90.573,22.953],[90.581,22.957],[90.585,22.96],[90.589,22.962],[90.599,22.959],[90.608,22.953],[90.62,22.933],[90.627,22.925],[90.636,22.921],[90.667,22.918],[90.662,22.928],[90.655,22.937],[90.645,22.946],[90.633,22.953],[90.642,22.952],[90.667,22.953]]]}},{"type":"Feature","properties":{},"geometry":{"type":"MultiLineString","coordinates":[[[90.51,23.069],[90.502,23.065],[90.494,23.063],[90.456,23.063],[90.461,23.048],[90.469,23.008],[90.478,23.012],[90.5,23.038],[90.516,23.052],[90.517,23.059],[90.51,23.069]]]}},{"type":"Feature","properties":{},"geometry":{"type":"MultiLineString","coordinates":[[[90.524,23.322],[90.53,23.334],[90.55,23.326],[90.586,23.302],[90.578,23.324],[90.539,23.35],[90.492,23.373],[90.456,23.385],[90.43,23.385],[90.427,23.376],[90.437,23.362],[90.469,23.332],[90.487,23.319],[90.506,23.314],[90.524,23.322]]]}},{"type":"Feature","properties":{},"geometry":{"type":"MultiLineString","coordinates":[[[72.913,5.034],[72.91,5.033],[72.909,5.031],[72.909,5.031],[72.913,5.034]]]}},{"type":"Feature","properties":{},"geometry":{"type":"MultiLineString","coordinates":[[[72.928,5.037],[72.928,5.036],[72.927,5.034],[72.927,5.034],[72.926,5.033],[72.924,5.033],[72.924,5.033],[72.928,5.037]]]}},{"type":"Feature","properties":{},"geometry":{"type":"MultiLineString","coordinates":[[[73.045,5.122],[73.045,5.122],[73.043,5.119],[73.041,5.118],[73.045,5.122]]]}},{"type":"Feature","properties":{},"geometry":{"type":"MultiLineString","coordinates":[[[73.049,5.133],[73.049,5.133],[73.05,5.13],[73.051,5.128],[73.051,5.127],[73.048,5.126],[73.045,5.129],[73.046,5.13],[73.048,5.131],[73.049,5.133]]]}},{"type":"Feature","properties":{},"geometry":{"type":"MultiLineString","coordinates":[[[73.091,5.161],[73.091,5.159],[73.088,5.158],[73.088,5.158],[73.091,5.161]]]}},{"type":"Feature","properties":{},"geometry":{"type":"MultiLineString","coordinates":[[[73.104,5.173],[73.107,5.171],[73.107,5.171],[73.11,5.17],[73.111,5.17],[73.107,5.172],[73.104,5.173],[73.104,5.173]]]}},{"type":"Feature","properties":{},"geometry":{"type":"MultiLineString","coordinates":[[[72.86,5.238],[72.86,5.238],[72.859,5.236],[72.857,5.235],[72.857,5.234],[72.86,5.238]]]}},{"type":"Feature","properties":{},"geometry":{"type":"MultiLineString","coordinates":[[[73.132,5.245],[73.132,5.242],[73.132,5.242],[73.128,5.241],[73.132,5.245]]]}},{"type":"Feature","properties":{},"geometry":{"type":"MultiLineString","coordinates":[[[73.5,5.247],[73.5,5.247],[73.497,5.245],[73.497,5.245],[73.494,5.246],[73.5,5.247]]]}},{"type":"Feature","properties":{},"geometry":{"type":"MultiLineString","coordinates":[[[73.594,5.283],[73.583,5.276],[73.578,5.275],[73.57,5.277],[73.57,5.277],[73.576,5.28],[73.582,5.282],[73.588,5.283],[73.594,5.283]]]}},{"type":"Feature","properties":{},"geometry":{"type":"MultiLineString","coordinates":[[[73.113,5.299],[73.109,5.297],[73.109,5.295],[73.113,5.298],[73.113,5.299]]]}},{"type":"Feature","properties":{},"geometry":{"type":"MultiLineString","coordinates":[[[73.47,5.308],[73.468,5.308],[73.467,5.308],[73.467,5.308],[73.464,5.307],[73.464,5.307],[73.47,5.308],[73.47,5.308]]]}},{"type":"Feature","properties":{},"geometry":{"type":"MultiLineString","coordinates":[[[73.63,5.333],[73.629,5.333],[73.627,5.331],[73.623,5.332],[73.63,5.333]]]}},{"type":"Feature","properties":{},"geometry":{"type":"MultiLineString","coordinates":[[[73.647,5.343],[73.643,5.344],[73.64,5.342],[73.64,5.342],[73.646,5.343],[73.647,5.343]]]}},{"type":"Feature","properties":{},"geometry":{"type":"MultiLineString","coordinates":[[[72.953,5.353],[72.952,5.35],[72.95,5.349],[72.953,5.353]]]}},{"type":"Feature","properties":{},"geometry":{"type":"MultiLineString","coordinates":[[[73.397,5.362],[73.398,5.362],[73.399,5.36],[73.401,5.358],[73.401,5.356],[73.399,5.355],[73.396,5.357],[73.396,5.358],[73.397,5.36],[73.397,5.362]]]}},{"type":"Feature","properties":{},"geometry":{"type":"MultiLineString","coordinates":[[[73.323,5.368],[73.325,5.367],[73.325,5.367],[73.328,5.367],[73.328,5.367],[73.328,5.367],[73.33,5.367],[73.33,5.367],[73.329,5.364],[73.319,5.363],[73.319,5.363],[73.318,5.366],[73.319,5.367],[73.322,5.367],[73.323,5.368]]]}},{"type":"Feature","properties":{},"geometry":{"type":"MultiLineString","coordinates":[[[73.351,5.428],[73.348,5.429],[73.345,5.427],[73.345,5.427],[73.351,5.428]]]}},{"type":"Feature","properties":{},"geometry":{"type":"MultiLineString","coordinates":[[[73.537,5.451],[73.537,5.451],[73.535,5.45],[73.535,5.45],[73.531,5.45],[73.537,5.451]]]}},{"type":"Feature","properties":{},"geometry":{"type":"MultiLineString","coordinates":[[[73.363,5.463],[73.363,5.463],[73.363,5.459],[73.361,5.458],[73.361,5.458],[73.363,5.463]]]}},{"type":"Feature","properties":{},"geometry":{"type":"MultiLineString","coordinates":[[[72.943,5.468],[72.943,5.467],[72.942,5.466],[72.941,5.464],[72.94,5.462],[72.938,5.461],[72.937,5.466],[72.937,5.466],[72.938,5.467],[72.941,5.467],[72.943,5.468]]]}},{"type":"Feature","properties":{},"geometry":{"type":"MultiLineString","coordinates":[[[73.016,5.493],[73.014,5.491],[73.014,5.489],[73.013,5.487],[73.011,5.487],[73.011,5.487],[73.01,5.49],[73.01,5.491],[73.01,5.491],[73.011,5.492],[73.013,5.492],[73.016,5.493]]]}},{"type":"Feature","properties":{},"geometry":{"type":"MultiLineString","coordinates":[[[73.462,5.544],[73.459,5.542],[73.456,5.543],[73.456,5.543],[73.462,5.544]]]}},{"type":"Feature","properties":{},"geometry":{"type":"MultiLineString","coordinates":[[[73.006,5.713],[73.004,5.711],[73.003,5.709],[73.002,5.707],[73.0,5.707],[72.999,5.712],[72.999,5.712],[73.0,5.713],[73.0,5.713],[73.001,5.713],[73.003,5.713],[73.006,5.713]]]}},{"type":"Feature","properties":{},"geometry":{"type":"MultiLineString","coordinates":[[[72.949,6.35],[72.949,6.35],[72.951,6.348],[72.951,6.348],[72.953,6.347],[72.953,6.346],[72.954,6.346],[72.953,6.343],[72.948,6.344],[72.948,6.346],[72.949,6.348],[72.949,6.35]]]}},{"type":"Feature","properties":{},"geometry":{"type":"MultiLineString","coordinates":[[[72.893,6.452],[72.894,6.45],[72.896,6.449],[72.897,6.448],[72.897,6.448],[72.897,6.448],[72.896,6.446],[72.892,6.447],[72.892,6.447],[72.891,6.448],[72.892,6.45],[72.893,6.452]]]}},{"type":"Feature","properties":{},"geometry":{"type":"MultiLineString","coordinates":[[[72.173,10.809],[72.188,10.836],[72.2,10.864],[72.2,10.878],[72.2,10.878],[72.196,10.873],[72.189,10.865],[72.185,10.858],[72.179,10.849],[72.173,10.83],[72.173,10.809]]]}},{"type":"Feature","properties":{},"geometry":{"type":"MultiLineString","coordinates":[[[72.789,11.262],[72.774,11.223],[72.77,11.204],[72.77,11.204],[72.771,11.201],[72.775,11.187],[72.775,11.187],[72.785,11.216],[72.788,11.232],[72.789,11.248],[72.792,11.252],[72.794,11.254],[72.796,11.257],[72.796,11.262],[72.789,11.262],[72.789,11.262]]]}},{"type":"Feature","properties":{},"geometry":{"type":"MultiLineString","coordinates":[[[67.375,24.063],[67.382,24.046],[67.385,24.04],[67.393,24.028],[67.409,24.013],[67.427,24.008],[67.454,24.013],[67.461,24.027],[67.465,24.041],[67.485,24.048],[67.485,24.049],[67.478,24.051],[67.458,24.063],[67.413,24.049],[67.39,24.049],[67.375,24.063]]]}},{"type":"Feature","properties":{},"geometry":{"type":"MultiLineString","coordinates":[[[73.63,5.419],[73.635,5.411],[73.637,5.403],[73.637,5.403],[73.636,5.394],[73.632,5.386],[73.632,5.386],[73.628,5.413],[73.63,5.419]]]}},{"type":"Feature","properties":{},"geometry":{"type":"MultiLineString","coordinates":[[[73.006,5.463],[73.006,5.463],[73.004,5.461],[73.003,5.458],[73.001,5.456],[72.999,5.461],[72.999,5.461],[73.0,5.462],[73.003,5.462],[73.006,5.463]]]}},{"type":"Feature","properties":{},"geometry":{"type":"MultiLineString","coordinates":[[[72.884,5.494],[72.882,5.492],[72.882,5.49],[72.881,5.488],[72.879,5.488],[72.878,5.492],[72.878,5.492],[72.879,5.493],[72.881,5.493],[72.884,5.494]]]}},{"type":"Feature","properties":{},"geometry":{"type":"MultiLineString","coordinates":[[[73.019,5.618],[73.019,5.618],[73.017,5.616],[73.017,5.614],[73.016,5.612],[73.014,5.612],[73.014,5.612],[73.013,5.616],[73.014,5.617],[73.016,5.617],[73.019,5.618]]]}},{"type":"Feature","properties":{},"geometry":{"type":"MultiLineString","coordinates":[[[73.015,5.677],[73.015,5.677],[73.013,5.675],[73.012,5.673],[73.012,5.672],[73.01,5.671],[73.009,5.675],[73.009,5.675],[73.01,5.676],[73.012,5.676],[73.015,5.677]]]}},{"type":"Feature","properties":{},"geometry":{"type":"MultiLineString","coordinates":[[[73.393,5.738],[73.392,5.737],[73.381,5.715],[73.381,5.715],[73.38,5.715],[73.38,5.715],[73.38,5.715],[73.38,5.715],[73.383,5.722],[73.393,5.738]]]}},{"type":"Feature","properties":{},"geometry":{"type":"MultiLineString","coordinates":[[[72.987,5.771],[72.986,5.766],[72.983,5.763],[72.983,5.763],[72.987,5.771]]]}},{"type":"Feature","properties":{},"geometry":{"type":"MultiLineString","coordinates":[[[73.382,5.795],[73.382,5.795],[73.383,5.792],[73.384,5.789],[73.385,5.787],[73.385,5.787],[73.385,5.787],[73.381,5.784],[73.377,5.787],[73.378,5.79],[73.38,5.792],[73.382,5.795]]]}},{"type":"Feature","properties":{},"geometry":{"type":"MultiLineString","coordinates":[[[72.977,5.814],[72.977,5.814],[72.975,5.805],[72.975,5.804],[72.972,5.807],[72.971,5.808],[72.971,5.808],[72.971,5.81],[72.974,5.812],[72.977,5.814]]]}},{"type":"Feature","properties":{},"geometry":{"type":"MultiLineString","coordinates":[[[73.45,5.841],[73.45,5.841],[73.434,5.831],[73.433,5.831],[73.439,5.838],[73.443,5.841],[73.447,5.841],[73.45,5.841]]]}},{"type":"Feature","properties":{},"geometry":{"type":"MultiLineString","coordinates":[[[72.964,5.864],[72.964,5.864],[72.966,5.85],[72.966,5.85],[72.963,5.853],[72.962,5.857],[72.962,5.857],[72.964,5.864]]]}},{"type":"Feature","properties":{},"geometry":{"type":"MultiLineString","coordinates":[[[73.429,5.911],[73.429,5.911],[73.428,5.909],[73.428,5.909],[73.428,5.906],[73.428,5.904],[73.426,5.903],[73.423,5.907],[73.424,5.908],[73.427,5.909],[73.429,5.911]]]}},{"type":"Feature","properties":{},"geometry":{"type":"MultiLineString","coordinates":[[[72.932,5.969],[72.93,5.957],[72.926,5.963],[72.926,5.963],[72.926,5.966],[72.932,5.969]]]}},{"type":"Feature","properties":{},"geometry":{"type":"MultiLineString","coordinates":[[[73.39,5.97],[73.395,5.958],[73.387,5.962],[73.385,5.965],[73.39,5.97]]]}},{"type":"Feature","properties":{},"geometry":{"type":"MultiLineString","coordinates":[[[72.916,5.981],[72.916,5.981],[72.914,5.98],[72.913,5.977],[72.913,5.976],[72.911,5.977],[72.91,5.978],[72.91,5.982],[72.911,5.983],[72.913,5.982],[72.916,5.981]]]}},{"type":"Feature","properties":{},"geometry":{"type":"MultiLineString","coordinates":[[[73.251,6.083],[73.251,6.083],[73.249,6.08],[73.245,6.08],[73.251,6.083]]]}},{"type":"Feature","properties":{},"geometry":{"type":"MultiLineString","coordinates":[[[73.252,6.111],[73.249,6.11],[73.247,6.108],[73.247,6.108],[73.252,6.111],[73.252,6.111]]]}},{"type":"Feature","properties":{},"geometry":{"type":"MultiLineString","coordinates":[[[73.22,6.132],[73.22,6.132],[73.219,6.129],[73.215,6.129],[73.22,6.132]]]}},{"type":"Feature","properties":{},"geometry":{"type":"MultiLineString","coordinates":[[[73.27,6.157],[73.27,6.157],[73.269,6.154],[73.268,6.152],[73.267,6.151],[73.265,6.151],[73.265,6.151],[73.265,6.154],[73.267,6.155],[73.268,6.156],[73.27,6.157]]]}},{"type":"Feature","properties":{},"geometry":{"type":"MultiLineString","coordinates":[[[73.219,6.172],[73.216,6.171],[73.214,6.169],[73.219,6.172],[73.219,6.172]]]}},{"type":"Feature","properties":{},"geometry":{"type":"MultiLineString","coordinates":[[[73.271,6.189],[73.271,6.189],[73.268,6.179],[73.265,6.183],[73.266,6.185],[73.268,6.187],[73.271,6.189]]]}},{"type":"Feature","properties":{},"geometry":{"type":"MultiLineString","coordinates":[[[73.034,6.222],[73.03,6.221],[73.029,6.219],[73.029,6.219],[73.034,6.222],[73.034,6.222]]]}},{"type":"Feature","properties":{},"geometry":{"type":"MultiLineString","coordinates":[[[73.242,6.24],[73.242,6.236],[73.244,6.234],[73.244,6.232],[73.24,6.229],[73.236,6.232],[73.236,6.232],[73.237,6.234],[73.24,6.236],[73.242,6.24]]]}},{"type":"Feature","properties":{},"geometry":{"type":"MultiLineString","coordinates":[[[73.128,6.287],[73.126,6.284],[73.123,6.283],[73.123,6.283],[73.128,6.287]]]}},{"type":"Feature","properties":{},"geometry":{"type":"MultiLineString","coordinates":[[[73.215,6.295],[73.209,6.287],[73.209,6.286],[73.209,6.287],[73.213,6.289],[73.215,6.295],[73.215,6.295]]]}},{"type":"Feature","properties":{},"geometry":{"type":"MultiLineString","coordinates":[[[73.083,6.309],[73.083,6.308],[73.081,6.306],[73.078,6.305],[73.078,6.305],[73.083,6.309]]]}},{"type":"Feature","properties":{},"geometry":{"type":"MultiLineString","coordinates":[[[73.197,6.327],[73.197,6.327],[73.198,6.325],[73.199,6.324],[73.2,6.324],[73.202,6.322],[73.201,6.318],[73.195,6.32],[73.195,6.32],[73.194,6.322],[73.196,6.324],[73.197,6.327]]]}},{"type":"Feature","properties":{},"geometry":{"type":"MultiLineString","coordinates":[[[73.125,6.333],[73.121,6.331],[73.119,6.329],[73.12,6.329],[73.124,6.332],[73.125,6.333]]]}},{"type":"Feature","properties":{},"geometry":{"type":"MultiLineString","coordinates":[[[73.187,6.351],[73.185,6.349],[73.184,6.347],[73.182,6.346],[73.18,6.347],[73.18,6.347],[73.181,6.35],[73.183,6.35],[73.185,6.35],[73.187,6.351]]]}},{"type":"Feature","properties":{},"geometry":{"type":"MultiLineString","coordinates":[[[73.021,6.369],[73.022,6.367],[73.024,6.366],[73.025,6.365],[73.024,6.363],[73.019,6.364],[73.019,6.365],[73.02,6.367],[73.021,6.369]]]}},{"type":"Feature","properties":{},"geometry":{"type":"MultiLineString","coordinates":[[[72.691,6.412],[72.691,6.412],[72.689,6.41],[72.687,6.407],[72.686,6.406],[72.685,6.408],[72.686,6.412],[72.688,6.412],[72.689,6.412],[72.691,6.412]]]}},{"type":"Feature","properties":{},"geometry":{"type":"MultiLineString","coordinates":[[[72.903,6.44],[72.904,6.438],[72.906,6.437],[72.907,6.436],[72.907,6.436],[72.907,6.436],[72.907,6.434],[72.902,6.435],[72.902,6.435],[72.901,6.436],[72.902,6.438],[72.903,6.44]]]}},{"type":"Feature","properties":{},"geometry":{"type":"MultiLineString","coordinates":[[[73.049,6.441],[73.043,6.434],[73.043,6.434],[73.046,6.436],[73.049,6.441]]]}},{"type":"Feature","properties":{},"geometry":{"type":"MultiLineString","coordinates":[[[72.962,6.559],[72.96,6.558],[72.959,6.555],[72.958,6.554],[72.956,6.555],[72.957,6.56],[72.958,6.561],[72.958,6.561],[72.96,6.56],[72.962,6.559]]]}},{"type":"Feature","properties":{},"geometry":{"type":"MultiLineString","coordinates":[[[72.924,6.565],[72.926,6.563],[72.928,6.562],[72.929,6.561],[72.928,6.559],[72.928,6.559],[72.923,6.56],[72.923,6.562],[72.924,6.563],[72.924,6.565]]]}},{"type":"Feature","properties":{},"geometry":{"type":"MultiLineString","coordinates":[[[73.03,6.582],[73.03,6.582],[73.029,6.58],[73.03,6.578],[73.03,6.576],[73.03,6.576],[73.03,6.576],[73.028,6.575],[73.027,6.576],[73.026,6.579],[73.026,6.581],[73.028,6.581],[73.03,6.582]]]}},{"type":"Feature","properties":{},"geometry":{"type":"MultiLineString","coordinates":[[[73.045,6.622],[73.043,6.62],[73.042,6.618],[73.041,6.617],[73.038,6.618],[73.039,6.623],[73.041,6.624],[73.041,6.624],[73.043,6.623],[73.045,6.622]]]}},{"type":"Feature","properties":{},"geometry":{"type":"MultiLineString","coordinates":[[[73.07,6.668],[73.062,6.661],[73.062,6.667],[73.064,6.668],[73.067,6.668],[73.07,6.668]]]}},{"type":"Feature","properties":{},"geometry":{"type":"MultiLineString","coordinates":[[[73.106,6.71],[73.106,6.71],[73.104,6.706],[73.102,6.702],[73.1,6.7],[73.096,6.698],[73.096,6.698],[73.097,6.706],[73.099,6.709],[73.106,6.71]]]}},{"type":"Feature","properties":{},"geometry":{"type":"MultiLineString","coordinates":[[[73.037,6.76],[73.037,6.76],[73.036,6.757],[73.036,6.757],[73.036,6.757],[73.037,6.755],[73.037,6.753],[73.035,6.753],[73.034,6.754],[73.032,6.757],[73.033,6.758],[73.035,6.759],[73.037,6.76]]]}},{"type":"Feature","properties":{},"geometry":{"type":"MultiLineString","coordinates":[[[72.918,6.764],[72.918,6.764],[72.917,6.762],[72.915,6.76],[72.914,6.759],[72.912,6.76],[72.912,6.76],[72.913,6.765],[72.915,6.766],[72.917,6.764],[72.918,6.764]]]}},{"type":"Feature","properties":{},"geometry":{"type":"MultiLineString","coordinates":[[[73.16,6.787],[73.153,6.768],[73.136,6.741],[73.132,6.725],[73.132,6.725],[73.145,6.736],[73.153,6.749],[73.167,6.78],[73.166,6.783],[73.166,6.786],[73.166,6.786],[73.164,6.787],[73.16,6.787]]]}},{"type":"Feature","properties":{},"geometry":{"type":"MultiLineString","coordinates":[[[73.182,6.831],[73.197,6.828],[73.197,6.828],[73.189,6.823],[73.184,6.821],[73.184,6.821],[73.181,6.823],[73.182,6.831]]]}},{"type":"Feature","properties":{},"geometry":{"type":"MultiLineString","coordinates":[[[72.996,6.841],[72.996,6.841],[72.994,6.84],[72.992,6.838],[72.992,6.837],[72.99,6.838],[72.989,6.838],[72.99,6.842],[72.992,6.843],[72.994,6.842],[72.996,6.841]]]}},{"type":"Feature","properties":{},"geometry":{"type":"MultiLineString","coordinates":[[[73.144,6.843],[73.142,6.842],[73.141,6.84],[73.14,6.839],[73.138,6.84],[73.139,6.844],[73.141,6.845],[73.141,6.845],[73.143,6.844],[73.144,6.843]]]}},{"type":"Feature","properties":{},"geometry":{"type":"MultiLineString","coordinates":[[[72.976,6.853],[72.976,6.85],[72.976,6.848],[72.976,6.848],[72.976,6.847],[72.974,6.846],[72.974,6.846],[72.972,6.85],[72.972,6.851],[72.974,6.852],[72.976,6.853]]]}},{"type":"Feature","properties":{},"geometry":{"type":"MultiLineString","coordinates":[[[73.098,6.852],[73.098,6.852],[73.096,6.851],[73.095,6.849],[73.094,6.848],[73.093,6.848],[73.092,6.848],[73.093,6.853],[73.094,6.854],[73.096,6.853],[73.096,6.853],[73.096,6.853],[73.098,6.852]]]}},{"type":"Feature","properties":{},"geometry":{"type":"MultiLineString","coordinates":[[[72.965,6.861],[72.963,6.859],[72.961,6.857],[72.961,6.856],[72.961,6.856],[72.959,6.857],[72.959,6.857],[72.958,6.857],[72.959,6.862],[72.961,6.862],[72.963,6.861],[72.965,6.861]]]}},{"type":"Feature","properties":{},"geometry":{"type":"MultiLineString","coordinates":[[[73.106,6.897],[73.106,6.897],[73.106,6.894],[73.106,6.892],[73.107,6.891],[73.107,6.89],[73.107,6.89],[73.104,6.89],[73.102,6.894],[73.102,6.895],[73.105,6.896],[73.106,6.897]]]}},{"type":"Feature","properties":{},"geometry":{"type":"MultiLineString","coordinates":[[[73.214,6.919],[73.214,6.919],[73.213,6.905],[73.209,6.891],[73.204,6.885],[73.201,6.893],[73.202,6.902],[73.205,6.912],[73.209,6.918],[73.214,6.919]]]}},{"type":"Feature","properties":{},"geometry":{"type":"MultiLineString","coordinates":[[[72.926,6.957],[72.926,6.957],[72.926,6.954],[72.925,6.952],[72.926,6.957]]]}},{"type":"Feature","properties":{},"geometry":{"type":"MultiLineString","coordinates":[[[73.198,6.971],[73.195,6.951],[73.194,6.951],[73.193,6.951],[73.193,6.951],[73.193,6.951],[73.193,6.951],[73.192,6.952],[73.191,6.961],[73.192,6.968],[73.194,6.971],[73.198,6.971]]]}},{"type":"Feature","properties":{},"geometry":{"type":"MultiLineString","coordinates":[[[72.892,6.991],[72.892,6.988],[72.891,6.985],[72.89,6.985],[72.892,6.991]]]}},{"type":"Feature","properties":{},"geometry":{"type":"MultiLineString","coordinates":[[[72.98,7.028],[72.98,7.028],[72.981,7.014],[72.977,7.019],[72.977,7.023],[72.977,7.023],[72.977,7.023],[72.98,7.028]]]}},{"type":"Feature","properties":{},"geometry":{"type":"MultiLineString","coordinates":[[[72.95,7.057],[72.948,7.054],[72.948,7.051],[72.95,7.056],[72.95,7.057]]]}},{"type":"Feature","properties":{},"geometry":{"type":"MultiLineString","coordinates":[[[72.913,7.093],[72.913,7.093],[72.912,7.083],[72.906,7.089],[72.907,7.091],[72.91,7.092],[72.913,7.093]]]}},{"type":"Feature","properties":{},"geometry":{"type":"MultiLineString","coordinates":[[[72.884,7.107],[72.885,7.106],[72.885,7.106],[72.885,7.104],[72.882,7.102],[72.882,7.102],[72.884,7.107]]]}},{"type":"Feature","properties":{},"geometry":{"type":"MultiLineString","coordinates":[[[97.87,9.425],[97.85,9.442],[97.853,9.461],[97.872,9.473],[97.895,9.467],[97.899,9.461],[97.9,9.453],[97.898,9.445],[97.895,9.439],[97.887,9.438],[97.877,9.442],[97.87,9.441],[97.87,9.425]]]}},{"type":"Feature","properties":{},"geometry":{"type":"MultiLineString","coordinates":[[[98.288,9.004],[98.279,9.009],[98.261,9.013],[98.252,8.997],[98.256,8.966],[98.256,8.94],[98.251,8.918],[98.253,8.898],[98.262,8.879],[98.271,8.877],[98.294,8.935],[98.307,8.958],[98.311,8.978],[98.299,8.997],[98.288,9.004]]]}}]}